Status,Laptop,Brand,Model,CPU,GPU,RAM,Storage,Storage type,Screen,Touch,CPU_score,GPU_score,Final Price,id
New,ASUS ExpertBook B1 B1502CBA-EJ0436X,Asus,ExpertBook,Intel Core i5-1235U,Intel Iris Xe Graphics,8,512,SSD,15.6,0,12993,2657,16648500.0,1
New,Alurin Go Start,Alurin,Go,Intel Celeron N4020,Intel UHD Graphics 600,8,256,SSD,15.6,0,1546,317,4933500.0,2
New,ASUS ExpertBook B1 B1502CBA-EJ0424X,Asus,ExpertBook,Intel Core i3-1215U,Intel UHD Graphics,8,256,SSD,15.6,0,10548,1495,13018500.0,3
New,MSI Katana GF66 12UC-082XES,MSI,Katana,Intel Core i7-12700H,RTX 3050,16,1000,SSD,15.6,0,25766,12578,19783500.0,4
New,HP 15S-FQ5085NS,HP,15S,Intel Core i5-1235U,Intel Iris Xe Graphics,16,512,SSD,15.6,0,12993,2657,11038665.0,5
New,MSI Crosshair 17 C12VF-264XES,MSI,Crosshair,Intel Core i7-12650H,RTX 4060,32,1000,SSD,17.3,0,22065,22749,28033500.0,6
New,Lenovo Thinkpad E14 Gen 4,Lenovo,ThinkPad,AMD Ryzen 5 5625U,AMD Radeon Graphics,8,256,SSD,14.0,0,14837,478,14998500.0,7
New,ASUS VivoBook 15 F515JA-EJ2882W,Asus,VivoBook,Intel Core i7-1065G7,Intel Iris Plus Graphics G7,8,512,SSD,15.6,0,8205,6864,13348665.0,8
New,Medion Akoya E15415,Medion,Akoya,Intel Core i5-10210U,Intel UHD Graphics,8,256,SSD,15.6,0,6136,1495,8563500.0,9
New,HP Victus 16-d1038ns,HP,Victus,Intel Core i7-12700H,RTX 3050,16,512,SSD,16.1,0,25766,12578,18958500.0,10
New,Lenovo V15 IGL,Lenovo,V15,Intel Celeron N4020,Intel UHD Graphics 600,8,256,SSD,15.6,0,1546,317,5758500.0,11
New,MSI Thin GF63 12VE-021XES,MSI,Thin,Intel Core i7-12650H,RTX 4050,16,1000,SSD,15.6,0,22065,14435,23083500.0,12
New,ASUS ROG Strix G15 G513RC-HN088,Asus,ROG,AMD Ryzen 7 6800H,RTX 3050,16,512,SSD,15.6,0,23136,12578,19783500.0,13
New,Lenovo V15 G3 ABA,Lenovo,V15,AMD Ryzen 5 5625U,AMD Radeon Graphics,16,512,SSD,15.6,0,14837,478,7870335.0,14
New,Lenovo IdeaPad 1 15ADA7,Lenovo,IdeaPad,AMD Ryzen 3 3250U,AMD Radeon Vega 3 Graphics,8,256,SSD,15.6,0,3748,3159,6451500.0,15
New,HP 15S-FQ5013NS,HP,15S,Intel Core i5-1235U,Intel Iris Xe Graphics,8,512,SSD,15.6,0,12993,2657,11533500.0,16
New,Lenovo IdeaPad 3 15IAU7,Lenovo,IdeaPad,Intel Core i5-1235U,Intel Iris Xe Graphics,16,512,SSD,15.6,0,12993,2657,13183500.0,17
New,HP 15S-FQ2163NS,HP,15S,Intel Core i3-1115G4,Intel UHD Graphics,8,512,SSD,15.6,0,5934,1495,9058500.0,18
New,ASUS VivoBook 15 F515JA-EJ4134,Asus,VivoBook,Intel Core i7-1065G7,Intel Iris Plus Graphics G7,8,512,SSD,15.6,0,8205,6864,12688500.0,19
New,MSI GF63 Thin 11UC-446XES,MSI,Thin,Intel Core i7-11800H,RTX 3050,16,512,SSD,15.6,0,20086,12578,16483500.0,20
New,MSI Cyborg 15 A12VF-098XES,MSI,Cyborg,Intel Core i5-12450H,RTX 4060,16,1000,SSD,15.6,0,16401,22749,20608500.0,21
New,ASUS M515UA-EJ486W,Asus,M515UA,AMD Ryzen 7 5700U,AMD Radeon Graphics,16,512,SSD,15.6,0,15676,478,13018500.0,22
New,Lenovo IdeaPad 3 15ALC6,Lenovo,IdeaPad,AMD Ryzen 7 5700U,AMD Radeon Graphics,16,512,SSD,15.6,0,15676,478,12028500.0,23
New,ASUS TUF Gaming F15 FX506HC-HN004,Asus,TUF,Intel Core i5-11400H,RTX 3050,16,512,SSD,15.6,0,15398,12578,18133500.0,24
New,Acer Aspire 3 A315-59-37GX,Acer,Aspire,Intel Core i3-1215U,Intel UHD Graphics,8,256,SSD,15.6,0,10548,1495,8893665.0,25
New,ASUS TUF Gaming F15 FX507ZC4-HN002,Asus,TUF,Intel Core i7-12700H,RTX 3050,16,512,SSD,15.6,0,25766,12578,19453500.0,26
New,Alurin Go Start,Alurin,Go,Intel Celeron N4020,Intel UHD Graphics 600,8,256,SSD,14.0,0,1546,317,3943500.0,27
New,HP Victus 15-fa0012ns,HP,Victus,Intel Core i5-12500H,RTX 3050,16,512,SSD,15.6,0,20660,12578,16483500.0,28
New,HP Pavilion 15-eh1004ns,HP,Pavilion,AMD Ryzen 5 5500U,AMD Radeon Graphics,16,512,SSD,15.6,0,12868,478,13183500.0,29
New,Lenovo IdeaPad 3 15ITL6,Lenovo,IdeaPad,Intel Core i5-1155G7,Intel Iris Xe Graphics,8,512,SSD,15.6,0,9814,2657,8563665.0,30
New,HP 15S-FQ5028NS,HP,15S,Intel Core i5-1235U,Intel Iris Xe Graphics,16,512,SSD,15.6,0,12993,2657,13018500.0,31
New,MSI Katana 15 B12VFK-095XES,MSI,Katana,Intel Core i7-12650H,RTX 4060,16,512,SSD,15.6,0,22065,22749,25558500.0,32
New,ASUS VivoBook F1500EA-EJ2384W,Asus,VivoBook,Intel Core i3-1115G4,Intel UHD Graphics,8,256,SSD,15.6,0,5934,1495,8893665.0,33
New,HP 15S-fq2159ns,HP,15S,Intel Core i3-1115G4,Intel UHD Graphics,8,256,SSD,15.6,0,5934,1495,8893500.0,34
New,MSI Vector GP77 13VF-022XES,MSI,Vector,Intel Core i7-13700H,RTX 4060,32,1000,SSD,17.3,0,26456,22749,37108500.0,35
New,ASUS VivoBook Pro 15 OLED M6500QC-L1010W,Asus,VivoBook,AMD Ryzen 7 5800H,RTX 3050,16,512,SSD,15.6,0,20856,12578,21433665.0,36
New,ASUS ROG Strix G15 G513RC-HF094,Asus,ROG,AMD Ryzen 7 6800H,RTX 3050,16,512,SSD,15.6,0,23136,12578,18793665.0,37
New,ASUS Chromebook CX1500CNA-EJ0100,Asus,Chromebook,Intel Celeron N3350,Intel HD Graphics 500,8,64,eMMC,15.6,0,1110,1718,6583500.0,38
New,HP 15S-fq5101ns,HP,15S,Intel Core i7-1255U,Intel Iris Xe Graphics,16,512,SSD,15.6,0,13289,2657,13018500.0,39
New,HP 15S-EQ2090NS,HP,15S,AMD Ryzen 5 5500U,AMD Radeon Graphics,8,512,SSD,15.6,0,12868,478,9883665.0,40
New,HP Omen 16-b1022ns,HP,Omen,Intel Core i7-12700H,RTX 3060,32,1000,SSD,16.1,0,25766,20376,28033500.0,41
New,ASUS VivoBook 15 F1502ZA-EJ733,Asus,VivoBook,Intel Core i5-1235U,Intel Iris Xe Graphics,8,512,SSD,15.6,0,12993,2657,10048500.0,42
New,Asus ZenBook 13 OLED UX325EA-KG245,Asus,ZenBook,Intel Core i7-1165G7,Intel Iris Xe Graphics,16,512,SSD,13.3,0,10011,2657,17968500.0,43
New,HP Victus 16-d1033ns,HP,Victus,Intel Core i7-12700H,RTX 3060,16,512,SSD,16.1,0,25766,20376,23083500.0,44
New,HP 15S-fq5055ns,HP,15S,Intel Core i7-1255U,Intel Iris Xe Graphics,16,512,SSD,15.6,0,13289,2657,14833665.0,45
New,HP 15S-eq2087ns,HP,15S,AMD Ryzen 5 5500U,AMD Radeon Graphics,12,512,SSD,15.6,0,12868,478,9058500.0,46
New,Lenovo IdeaPad Gaming 3 15IHU6,Lenovo,IdeaPad,Intel Core i5-11320H,RTX 3050,16,512,SSD,15.6,0,10884,12578,15328500.0,47
New,MSI Creator M16 B13VE-682XES,MSI,Creator,Intel Core i7-13700H,RTX 4050,32,1000,SSD,16.0,0,26456,14435,31333665.0,48
New,Lenovo IdeaPad 1 15ALC7,Lenovo,IdeaPad,AMD Ryzen 7 5700U,AMD Radeon Graphics,16,512,SSD,15.6,0,15676,478,13678500.0,49
New,HP 15S-fq2158ns,HP,15S,Intel Core i3-1115G4,Intel UHD Graphics,8,256,SSD,15.6,0,5934,1495,7408500.0,50
New,Apple MacBook Air,Apple,MacBook Air,Apple M1 8 Core 3200 MHz,Apple M1 GPU,8,256,SSD,13.3,0,14145,19388,20113500.0,51
New,Lenovo ThinkBook 14,Lenovo,ThinkBook,Intel Core i5-1135G7,Intel Iris Xe Graphics,8,256,SSD,14.0,0,9564,2657,11533500.0,52
New,ASUS TUF Gaming A15 2023 FA507NV-LP041,Asus,TUF,AMD Ryzen 7 7735HS,RTX 4060,16,1000,SSD,15.6,0,23295,22749,22258500.0,53
New,MSI Katana 15 B12VGK-094XES,MSI,Katana,Intel Core i7-12650H,RTX 4070,16,1000,SSD,15.6,0,22065,31754,28033500.0,54
New,ASUS M515UA-EJ522W,Asus,M515UA,AMD Ryzen 5 5500U,AMD Radeon Graphics,8,512,SSD,15.6,0,12868,478,11533500.0,55
New,HP Victus 16-e0101ns,HP,Victus,AMD Ryzen 7 5800H,RTX 3060,16,512,SSD,16.1,0,20856,20376,21433665.0,56
New,HP 250 G9,HP,250,Intel Celeron N4500,Intel UHD Graphics,8,256,SSD,15.6,0,1882,1495,6583500.0,57
New,HP OMEN 16-C0042NS,HP,Omen,AMD Ryzen 7 5800H,RTX 3050,16,512,SSD,16.1,0,20856,12578,18958500.0,58
New,MSI Modern 15 B7M-041XES,MSI,Modern,AMD Ryzen 5 7530U,AMD Radeon Graphics,16,512,SSD,15.6,0,15552,478,13843500.0,59
New,HP 255 G9,HP,255,AMD 3020e,AMD Radeon Graphics,8,512,SSD,15.6,0,2411,478,6253500.0,60
New,ASUS VivoBook 15 F1500EA-EJ3022,Asus,VivoBook,Intel Core i7-1165G7,Intel Iris Xe Graphics,16,512,SSD,15.6,0,10011,2657,13348665.0,61
New,Lenovo V15 G2 ITL,Lenovo,V15,Intel Core i5-1135G7,Intel Iris Xe Graphics,8,512,SSD,15.6,0,9564,2657,12853500.0,62
New,ASUS VivoBook 15 F1500EA-EJ3023,Asus,VivoBook,Intel Core i7-1165G7,Intel Iris Xe Graphics,8,512,SSD,15.6,0,10011,2657,12358500.0,63
New,MSI Thin GF63 12VE-009XES,MSI,Thin,Intel Core i5-12450H,RTX 4050,16,512,SSD,15.6,0,16401,14435,18133500.0,64
New,MSI Modern 15 B13M-281XES,MSI,Modern,Intel Core i7-1355U,Intel Iris Xe Graphics,16,1000,SSD,15.6,0,14369,2657,16483500.0,65
New,HP 15S-eq2088ns,HP,15S,AMD Ryzen 7 5700U,AMD Radeon Graphics,16,512,SSD,15.6,0,15676,478,10708665.0,66
New,MSI Vector GP77 13VG-021XES,MSI,Vector,Intel Core i7-13700H,RTX 4070,32,1000,SSD,17.3,0,26456,31754,41233500.0,67
New,ASUS VivoBook 15 F1500EA-EJ3067W,Asus,VivoBook,Intel Core i7-1165G7,Intel Iris Xe Graphics,8,512,SSD,15.6,0,10011,2657,14173500.0,68
New,MSI Creator M16 B12UDX-809XES,MSI,Creator,Intel Core i7-12650H,RTX 3050,32,1000,SSD,16.0,0,22065,12578,24733665.0,69
New,Apple Macbook Pro,Apple,MacBook Pro,Apple M2 8 Core 3500 MHz,Apple M2 GPU,8,256,SSD,13.3,0,15648,19388,26383500.0,70
New,ASUS TUF Gaming A15 2023 FA507XI-LP024,Asus,TUF,AMD Ryzen 9 7940HS,RTX 4070,32,512,SSD,15.6,0,30132,31754,28033665.0,71
New,MSI Katana 15 B13VFK-031XES,MSI,Katana,Intel Core i7-13620H,RTX 4060,16,1000,SSD,15.6,0,24272,22749,28033500.0,72
New,HP Victus 16-d1021ns,HP,Victus,Intel Core i7-12700H,RTX 3050,16,512,SSD,16.1,0,25766,12578,19783500.0,73
New,MSI Modern 14 C13M-426XES,MSI,Modern,Intel Core i7-1355U,Intel Iris Xe Graphics,16,1000,SSD,14.0,0,14369,2657,16483500.0,74
New,MSI Modern 15 B12M-430XES,MSI,Modern,Intel Core i3-1215U,Intel UHD Graphics,8,256,SSD,15.6,0,10548,1495,8233500.0,75
New,Lenovo IdeaPad 3 15ALC6,Lenovo,IdeaPad,AMD Ryzen 3 5300U,AMD Radeon Graphics,8,256,SSD,15.6,0,9612,478,8233500.0,76
New,MSI Prestige 14H B12UCX-414XES,MSI,Prestige,Intel Core i5-12450H,RTX 2050,16,512,SSD,14.0,0,16401,7757,16483500.0,77
New,Lenovo IdeaPad 3 15ITL6,Lenovo,IdeaPad,Intel Core i7-1165G7,Intel Iris Xe Graphics,16,512,SSD,15.6,0,10011,2657,12358500.0,78
New,Lenovo ThinkBook 15 G2 ITL,Lenovo,ThinkBook,Intel Core i5-1135G7,Intel Iris Xe Graphics,8,256,SSD,15.6,0,9564,2657,14503500.0,79
New,MSI Prestige 14H B12UCX-413XES,MSI,Prestige,Intel Core i7-12650H,RTX 2050,16,1000,SSD,14.0,0,22065,7757,24568500.0,80
New,HP Pavilion 15-eg2004ns,HP,Pavilion,Intel Core i7-1255U,Intel Iris Xe Graphics,16,512,SSD,15.6,0,13289,2657,16483500.0,81
New,HP Victus 15-fa0026ns,HP,Victus,Intel Core i5-12450H,GTX 1650,16,512,SSD,15.6,0,16401,10181,16483500.0,82
New,Lenovo IdeaPad 3 15ITL6,Lenovo,IdeaPad,Intel Core i5-1155G7,Intel Iris Xe Graphics,8,512,SSD,15.6,0,9814,2657,9718500.0,83
New,Lenovo ThinkBook 14 G4 IAP,Lenovo,ThinkBook,Intel Core i5-1235U,Intel Iris Xe Graphics,8,256,SSD,14.0,0,12993,2657,15823500.0,84
New,HP Victus 15-fa0004ns,HP,Victus,Intel Core i5-12500H,GTX 1650,16,512,SSD,15.6,0,20660,10181,17143500.0,85
New,Lenovo IdeaPad 3 15ALC6,Lenovo,IdeaPad,AMD Ryzen 5 5500U,AMD Radeon Graphics,8,512,SSD,15.6,0,12868,478,9883500.0,86
New,HP 15S-fq5094ns,HP,15S,Intel Core i7-1255U,Intel Iris Xe Graphics,8,512,SSD,15.6,0,13289,2657,12193665.0,87
New,MSI Stealth 16 Studio A13VF-038XES,MSI,Stealth,Intel Core i7-13700H,RTX 4060,32,1000,SSD,16.0,0,26456,22749,40408500.0,88
New,Acer Aspire 5 A515-57-76BV,Acer,Aspire,Intel Core i7-1255U,Intel Iris Xe Graphics,8,512,SSD,15.6,0,13289,2657,13843500.0,89
New,Lenovo IdeaPad 3 15ALC6,Lenovo,IdeaPad,AMD Ryzen 3 5300U,AMD Radeon Graphics,8,256,SSD,15.6,0,9612,478,8233500.0,90
New,Lenovo IdeaPad 3 15ALC6,Lenovo,IdeaPad,AMD Ryzen 7 5700U,AMD Radeon Graphics,8,512,SSD,15.6,0,15676,478,11533500.0,91
New,MSI Pulse 15 B13VFK-448XES,MSI,Pulse,Intel Core i9-13900H,RTX 4060,32,1000,SSD,15.6,0,27858,22749,39583665.0,92
New,Lenovo IdeaPad 1 15ADA7,Lenovo,IdeaPad,AMD 3020e,AMD Radeon Graphics,4,128,SSD,15.6,0,2411,478,7309335.0,93
New,Lenovo IdeaPad 3 15ALC6,Lenovo,IdeaPad,AMD Ryzen 5 5500U,AMD Radeon Graphics,8,512,SSD,15.6,0,12868,478,11368665.0,94
New,Lenovo IdeaPad 3 15ITL6,Lenovo,IdeaPad,Intel Core i5-1155G7,Intel Iris Xe Graphics,16,512,SSD,15.6,0,9814,2657,12358500.0,95
New,Lenovo IdeaPad 1 15ADA7,Lenovo,IdeaPad,AMD 3020e,AMD Radeon Graphics,4,256,SSD,15.6,0,2411,478,5312835.0,96
New,MSI Modern 15 B11M-043XES,MSI,Modern,Intel Core i5-1155G7,Intel Iris Xe Graphics,8,512,SSD,15.6,0,9814,2657,9883500.0,97
New,ASUS ZenBook 13 OLED UX325EA-KG448W,Asus,ZenBook,Intel Core i7-1165G7,Intel Iris Xe Graphics,16,512,SSD,13.3,0,10011,2657,19783500.0,98
New,ASUS TUF Gaming F15 FX506HF-HN004,Asus,TUF,Intel Core i5-11400H,RTX 2050,16,512,SSD,15.6,0,15398,7757,15658500.0,99
New,ASUS VivoBook F1605PA-MB125W,Asus,VivoBook,Intel Core i5-11300H,Intel Iris Xe Graphics,16,512,SSD,16.0,0,10849,2657,13183500.0,100
New,Razer Blade 15 Advanced Model QHD,Razer,Blade,Intel Core i7-12800H,RTX 3070,16,1000,SSD,15.6,0,24504,23392,54449835.0,101
New,Medion Akoya E15301,Medion,Akoya,AMD Ryzen 7 3700U,AMD Radeon Vega 10 Graphics,8,256,SSD,15.6,0,7099,3159,7903335.0,102
New,ASUS ExpertBook B1 B1502CBA-EJ0469X,Asus,ExpertBook,Intel Core i5-1235U,Intel Iris Xe Graphics,8,256,SSD,15.6,0,12993,2657,16318500.0,103
New,Lenovo IdeaPad 1 15ADA7,Lenovo,IdeaPad,AMD Ryzen 3 3250U,AMD Radeon Vega 3 Graphics,8,256,SSD,15.6,0,3748,3159,7259835.0,104
New,HP 15S-eq2089ns,HP,15S,AMD Ryzen 3 5300U,AMD Radeon Graphics,8,256,SSD,15.6,0,9612,478,8728500.0,105
New,ASUS VivoBook F1605PA-MB143,Asus,VivoBook,Intel Core i7-11370H,Intel Iris Xe Graphics,8,512,SSD,16.0,0,11646,2657,11698500.0,106
New,ASUS Vivobook Go E1504FA-BQ204W,Asus,VivoBook,AMD Ryzen 5 7520U,Radeon 610M,8,512,SSD,15.6,0,9139,1104,8414835.0,107
New,Lenovo IdeaPad 1 15ALC7,Lenovo,IdeaPad,AMD Ryzen 5 5500U,AMD Radeon Graphics,8,512,SSD,15.6,0,12868,478,10873500.0,108
New,Lenovo IdeaPad 3 15ITL6,Lenovo,IdeaPad,Intel Core i7-1165G7,Intel Iris Xe Graphics,16,512,SSD,15.6,0,10011,2657,12358500.0,109
New,Lenovo IdeaPad 3 15ALC6,Lenovo,IdeaPad,AMD Ryzen 7 5700U,AMD Radeon Graphics,8,512,SSD,15.6,0,15676,478,9718500.0,110
New,Lenovo IdeaPad 1 15ALC7,Lenovo,IdeaPad,AMD Ryzen 5 5500U,AMD Radeon Graphics,8,512,SSD,15.6,0,12868,478,9058500.0,111
New,Lenovo IdeaPad 3 15ALC6,Lenovo,IdeaPad,AMD Ryzen 3 5300U,AMD Radeon Graphics,8,256,SSD,15.6,0,9612,478,7573500.0,112
New,ASUS VivoBook F1605PA-MB124W,Asus,VivoBook,Intel Core i7-11370H,Intel Iris Xe Graphics,8,512,SSD,16.0,0,11646,2657,13513500.0,113
New,ASUS VivoBook F1605PA-MB146,Asus,VivoBook,Intel Core i5-11300H,Intel Iris Xe Graphics,8,512,SSD,16.0,0,10849,2657,10048665.0,114
New,ASUS ZenBook 14 UM425QA-KI252,Asus,ZenBook,AMD Ryzen 7 5800H,AMD Radeon Graphics,16,512,SSD,14.0,0,20856,478,16483500.0,115
New,Acer Aspire 3 A315-59-504M,Acer,Aspire,Intel Core i5-1235U,Intel Iris Xe Graphics,16,512,SSD,15.6,0,12993,2657,12193665.0,116
New,Lenovo IdeaPad Gaming 3 15IAH7,Lenovo,IdeaPad,Intel Core i7-12700H,RTX 3060,16,512,SSD,15.6,0,25766,20376,23083500.0,117
New,ASUS VivoBook F1500EA-EJ3070W,Asus,VivoBook,Intel Core i5-1135G7,Intel Iris Xe Graphics,16,512,SSD,15.6,0,9564,2657,12523665.0,118
New,Lenovo IdeaPad 1 15ALC7,Lenovo,IdeaPad,AMD Ryzen 5 5500U,AMD Radeon Graphics,16,512,SSD,15.6,0,12868,478,12028500.0,119
New,Lenovo IdeaPad 3 15ITL6,Lenovo,IdeaPad,Intel Core i5-1155G7,Intel Iris Xe Graphics,16,512,SSD,15.6,0,9814,2657,12358500.0,120
New,HP 255 G9,HP,255,AMD 3020e,AMD Radeon Graphics,8,256,SSD,15.6,0,2411,478,5758500.0,121
New,Lenovo IdeaPad 3 15ITL6,Lenovo,IdeaPad,Intel Core i3-1115G4,Intel UHD Graphics,8,256,SSD,15.6,0,5934,1495,7903500.0,122
New,HP 255 G9,HP,255,AMD Ryzen 5 5625U,AMD Radeon Graphics,16,512,SSD,15.6,0,14837,478,14409285.0,123
New,Lenovo IdeaPad 5 15ALC05,Lenovo,IdeaPad,AMD Ryzen 5 5500U,AMD Radeon Graphics,8,512,SSD,15.6,0,12868,478,9718500.0,124
New,ASUS Chromebook CX1400CKA-EK0138,Asus,Chromebook,Intel Celeron N4500,Intel UHD Graphics,8,64,eMMC,14.0,0,1882,1495,6583665.0,125
New,Lenovo Legion 5 15ACH6H,Lenovo,Legion,AMD Ryzen 7 5800H,RTX 3050,16,512,SSD,15.6,0,20856,12578,17803665.0,126
New,Lenovo IdeaPad 3 15ITL6,Lenovo,IdeaPad,Intel Core i5-1135G7,Intel Iris Xe Graphics,8,512,SSD,15.6,0,9564,2657,10708500.0,127
New,Lenovo IdeaPad Gaming 3 15ACH6,Lenovo,IdeaPad,AMD Ryzen 7 5800H,RTX 3050,16,512,SSD,15.6,0,20856,12578,16483500.0,128
New,Lenovo ThinkBook 14 G2 ITL,Lenovo,ThinkBook,Intel Core i5-1135G7,Intel Iris Xe Graphics,16,512,SSD,14.0,0,9564,2657,16813500.0,129
New,MSI Pulse GL76 12UEK-828XES,MSI,Pulse,Intel Core i7-12700H,RTX 3060,32,1000,SSD,17.3,0,25766,20376,24733500.0,130
New,Apple Macbook Air,Apple,MacBook Air,Apple M2 8 Core 3500 MHz,Apple M2 GPU,8,256,SSD,13.6,0,15648,19388,25063500.0,131
New,Acer Aspire 3 A317-53-53U0,Acer,Aspire,Intel Core i5-1135G7,Intel Iris Xe Graphics,8,512,SSD,17.3,0,9564,2657,12028500.0,132
New,MSI Raider GE68HX 13VF-045XES,MSI,Raider,Intel Core i9-13950HX,RTX 4060,32,1000,SSD,16.0,0,41877,22749,42883500.0,133
New,HP 15S-fq4042ns,HP,15S,Intel Core i7-1195G7,Intel Iris Xe Graphics,8,512,SSD,15.6,0,10549,2657,11533500.0,134
New,Lenovo Legion 5 15IAH7H,Lenovo,Legion,Intel Core i7-12700H,RTX 3060,16,512,SSD,15.6,0,25766,20376,26383500.0,135
New,HP ProBook 450 G8,HP,ProBook,Intel Core i5-1135G7,Intel Iris Xe Graphics,8,256,SSD,15.6,0,9564,2657,12193665.0,136
New,ASUS VivoBook 15 F1500EA-EJ3021,Asus,VivoBook,Intel Core i5-1135G7,Intel Iris Xe Graphics,16,512,SSD,15.6,0,9564,2657,11698500.0,137
New,Lenovo IdeaPad Gaming 3 15IAH7,Lenovo,IdeaPad,Intel Core i5-12500H,RTX 3050,16,512,SSD,15.6,0,20660,12578,17473500.0,138
New,MSI Modern 14 C13M-447XES,MSI,Modern,Intel Core i5-1335U,Intel Iris Xe Graphics,16,512,SSD,14.0,0,14372,2657,13183500.0,139
New,MSI Modern 14 C12M-017XES,MSI,Modern,Intel Core i7-1255U,Intel Iris Xe Graphics,16,512,SSD,14.0,0,13289,2657,16483500.0,140
Refurbished,Lenovo IdeaPad 3 15ITL6,Lenovo,IdeaPad,Intel Core i7-1165G7,Intel Iris Xe Graphics,16,512,SSD,15.6,0,10011,2657,14833500.0,141
New,MSI Pulse 15 B13VGK-433XES,MSI,Pulse,Intel Core i9-13900H,RTX 4070,32,1000,SSD,15.6,0,27858,31754,37933500.0,142
New,MSI Stealth 15 A13VF-028XES,MSI,Stealth,Intel Core i7-13620H,RTX 4060,32,1000,SSD,15.6,0,24272,22749,31333500.0,143
New,ASUS Chromebook CX1400FKA-EC0078,Asus,Chromebook,Intel Celeron N4500,Intel UHD Graphics,8,64,eMMC,14.0,1,1882,1495,7408500.0,144
New,Lenovo V15 G2 ITL,Lenovo,V15,Intel Core i5-1135G7,Intel Iris Xe Graphics,16,512,SSD,15.6,0,9564,2657,11533500.0,145
New,ASUS Chromebook CX1400CNA-BV0210,Asus,Chromebook,Intel Celeron N3350,Intel HD Graphics 500,8,32,eMMC,14.0,0,1110,1718,5758500.0,146
New,MSI Vector GP68HX 12VH-009XES,MSI,Vector,Intel Core i9-12900HX,RTX 4080,32,1000,SSD,16.0,0,33256,34435,42883500.0,147
New,HP 15S-fq5075ns,HP,15S,Intel Core i5-1235U,Intel Iris Xe Graphics,8,512,SSD,15.6,0,12993,2657,9553665.0,148
New,Acer Aspire 3 A315-59-56GV,Acer,Aspire,Intel Core i5-1235U,Intel Iris Xe Graphics,8,512,SSD,15.6,0,12993,2657,12358500.0,149
New,ASUS ExpertBook P1512CEA-EJ0083X,Asus,ExpertBook,Intel Core i3-1115G4,Intel UHD Graphics,8,256,SSD,15.6,0,5934,1495,9058500.0,150
New,Lenovo IdeaPad Gaming 3 15ACH6,Lenovo,IdeaPad,AMD Ryzen 5 5600H,RTX 3050,16,512,SSD,15.6,0,16751,12578,16153500.0,151
New,ASUS ZenBook 14 OLED UM3402YA-KM513,Asus,ZenBook,AMD Ryzen 5 7530U,AMD Radeon Graphics,16,512,SSD,14.0,0,15552,478,15988500.0,152
New,Lenovo IdeaPad Gaming 3 15IAH7,Lenovo,IdeaPad,Intel Core i5-12500H,RTX 3050,16,512,SSD,15.6,0,20660,12578,18133500.0,153
New,Lenovo Legion 5 15ITH6H,Lenovo,Legion,Intel Core i5-11400H,RTX 3060,16,512,SSD,15.6,0,15398,20376,21763665.0,154
New,Lenovo IdeaPad Flex 5 14ALC05,Lenovo,IdeaPad,AMD Ryzen 5 5500U,AMD Radeon Graphics,16,512,SSD,14.0,1,12868,478,13183500.0,155
New,Apple MacBook Air,Apple,MacBook Air,Apple M1 8 Core 3200 MHz,Apple M1 GPU,8,256,SSD,13.3,0,14145,19388,20113500.0,156
New,Lenovo IdeaPad Gaming 3 15ACH6,Lenovo,IdeaPad,AMD Ryzen 5 5600H,GTX 1650,16,512,SSD,15.6,0,16751,10181,14503500.0,157
New,MSI Prestige 14H B12UCX-427XES,MSI,Prestige,Intel Core i7-12650H,RTX 2050,32,1000,SSD,14.0,0,22065,7757,22423500.0,158
New,ASUS F515EA-EJ1858W,Asus,F515,Intel Core i7-1165G7,Intel Iris Xe Graphics,8,512,SSD,15.6,0,10011,2657,13843500.0,159
New,Gigabyte G5 KF-E3ES313SD,Gigabyte,G5,Intel Core i5-12500H,RTX 4060,16,512,SSD,15.6,0,20660,22749,18298500.0,160
New,HP ChromeBook 14b-na0017ns,HP,Chromebook,AMD Ryzen 3 3250C,AMD Radeon Vega 3 Graphics,8,128,SSD,14.0,0,3153,3159,9553665.0,161
New,Dell Vostro 3510,Dell,Vostro,Intel Core i3-1115G4,Intel UHD Graphics,8,256,SSD,15.6,0,5934,1495,9883500.0,162
New,Apple Macbook Air,Apple,MacBook Air,Apple M2 8 Core 3500 MHz,Apple M2 GPU,8,256,SSD,13.6,0,15648,19388,25063500.0,163
New,ASUS TUF Gaming A15 2023 FA507NV-LP031W,Asus,TUF,AMD Ryzen 7 7735HS,RTX 4060,16,512,SSD,15.6,0,23295,22749,22258500.0,164
New,MSI Thin GF63 12UDX-042XES,MSI,Thin,Intel Core i5-12450H,RTX 3050,16,512,SSD,15.6,0,16401,12578,16483500.0,165
New,Lenovo Ideapad Gaming 3 Gen 6,Lenovo,IdeaPad,Intel Core i5-11320H,GTX 1650,16,512,SSD,15.6,0,10884,10181,13678665.0,166
New,Lenovo Legion 5 15IAH7H,Lenovo,Legion,Intel Core i7-12700H,RTX 3060,16,1000,SSD,15.6,0,25766,20376,25888665.0,167
New,HP 15S-EQ2086NS,HP,15S,AMD Ryzen 3 5300U,AMD Radeon Graphics,8,512,SSD,15.6,0,9612,478,7903500.0,168
New,HP Essential 255 G8,HP,255,AMD 3020e,AMD Radeon Graphics,8,256,SSD,15.6,0,2411,478,5593500.0,169
New,Lenovo IdeaPad Gaming 3 15ACH6,Lenovo,IdeaPad,AMD Ryzen 5 5600H,GTX 1650,16,512,SSD,15.6,0,16751,10181,12853665.0,170
New,Medion Akoya E14301,Medion,Akoya,AMD Ryzen 5 3500U,AMD Radeon Vega 8 Graphics,4,256,SSD,14.0,0,6868,3159,8233500.0,171
New,ASUS Vivobook 14 F1402ZA-EK610,Asus,VivoBook,Intel Core i3-1215U,Intel UHD Graphics,8,256,SSD,14.0,0,10548,1495,7573500.0,172
New,MSI Modern 14 C12M-077XES,MSI,Modern,Intel Core i7-1255U,Intel Iris Xe Graphics,16,1000,SSD,14.0,0,13289,2657,16483500.0,173
Refurbished,ASUS ROG Strix G15 G513RM-HQ012,Asus,ROG,AMD Ryzen 7 6800H,RTX 3060,16,1000,SSD,15.6,0,23136,20376,31333500.0,174
New,MSI Modern 15 B13M-280XES,MSI,Modern,Intel Core i5-1335U,Intel Iris Xe Graphics,16,512,SSD,15.6,0,14372,2657,13513500.0,175
New,HP 15S-eq2091ns,HP,15S,AMD Ryzen 7 5700U,AMD Radeon Graphics,12,512,SSD,15.6,0,15676,478,12358500.0,176
New,Lenovo Ideapad Duet 5 Chromebook,Lenovo,IdeaPad,Snapdragon 7c,Adreno 618,8,128,eMMC,13.3,1,6044,127,9883500.0,177
New,Acer Nitro 5 AN515-47-R5K6,Acer,Nitro,AMD Ryzen 5 7535HS,RTX 3050,16,1000,SSD,15.6,0,18023,12578,19783500.0,178
New,Lenovo V15 G2 ITL,Lenovo,V15,Intel Core i3-1115G4,Intel UHD Graphics,8,512,SSD,15.6,0,5934,1495,7408500.0,179
New,MSI Prestige 16 Studio A13VF-042XES,MSI,Prestige,Intel Core i7-13700H,RTX 4060,32,1000,SSD,16.0,0,26456,22749,32983500.0,180
New,HP 15S-EQ1158NS,HP,15S,AMD 3020e,AMD Radeon Graphics,4,128,SSD,15.6,0,2411,478,6253500.0,181
New,Lenovo IdeaPad 3 15ITL6,Lenovo,IdeaPad,Intel Core i3-1115G4,Intel UHD Graphics,8,256,SSD,15.6,0,5934,1495,8728500.0,182
New,LG Gram 17Z90R-G.AA75B,LG,Gram,Intel Evo Core i7-1360P,Intel Iris Xe Graphics,16,512,SSD,17.0,0,18760,2657,29683500.0,183
New,MSI Prestige 16 Studio A13VE-045XES,MSI,Prestige,Intel Core i7-13700H,RTX 4050,32,1000,SSD,16.0,0,26456,14435,32983500.0,184
New,ASUS E410MA-EK1356WS,Asus,E410,Intel Celeron N4020,Intel UHD Graphics 600,4,64,eMMC,14.0,0,1546,317,5758500.0,185
New,HP OMEN 17-cm2003ns,HP,Omen,Intel Core i7-13700HX,RTX 4060,32,1000,SSD,17.3,0,32855,22749,29683500.0,186
New,Medion Akoya E16401 MD62264,Medion,Akoya,Intel Core i5-1135G7,Intel Iris Xe Graphics,8,512,SSD,16.1,0,9564,2657,8233500.0,187
New,Lenovo V15 G2 ALC,Lenovo,V15,AMD Ryzen 3 5300U,AMD Radeon Graphics,8,256,SSD,15.6,0,9612,478,6583500.0,188
New,ASUS ZenBook 14 OLED UM3402YA-KM512WS,Asus,ZenBook,AMD Ryzen 7 7730U,AMD Radeon Graphics,16,512,SSD,14.0,0,18183,478,18958500.0,189
Refurbished,Alurin Flex Advance,Alurin,Flex Advance,Intel Core I5-1155G7,Intel Iris Xe Graphics,8,256,SSD,14.0,0,9814,2657,6083550.0,190
New,Acer Aspire 3 A315-58-32EE,Acer,Aspire,Intel Core i3-1115G4,Intel UHD Graphics,8,512,SSD,15.6,0,5934,1495,8233500.0,191
New,ASUS Chromebook Vibe CX55 Flip CX5501FEA-NA0271,Asus,Chromebook,Intel Core i3-1115G4,Intel UHD Graphics,8,256,SSD,15.6,1,5934,1495,11533500.0,192
New,MSI Stealth 17 Studio A13VG-017ES,MSI,Stealth,Intel Core i7-13700H,RTX 4070,32,1000,SSD,17.3,0,26456,31754,48658500.0,193
New,ASUS Vivobook 17 F1704VA-AU083W,Asus,VivoBook,Intel Core i5-1335U,Intel Iris Xe Graphics,16,512,SSD,17.3,0,14372,2657,14833500.0,194
New,HP Victus 16-e1007ns,HP,Victus,AMD Ryzen 7 6800H,RTX 3050,16,512,SSD,16.1,0,23136,12578,18133500.0,195
New,MSI Pulse 17 B13VGK-085XES,MSI,Pulse,Intel Core i7-13700H,RTX 4070,16,1000,SSD,17.3,0,26456,31754,34633500.0,196
New,ASUS ExpertBook B1500CEAE-EJ3535X,Asus,ExpertBook,Intel Core i7-1165G7,Intel Iris Xe Graphics,16,512,SSD,15.6,0,10011,2657,17308500.0,197
New,Medion Akoya E15301,Medion,Akoya,AMD Ryzen 7 3700U,AMD Radeon Vega 10 Graphics,8,512,SSD,15.6,0,7099,3159,8233500.0,198
New,ASUS Vivobook 14 F1402ZA-EK611W,Asus,VivoBook,Intel Core i5-1235U,Intel Iris Xe Graphics,8,512,SSD,14.0,0,12993,2657,11863665.0,199
New,Razer Blade 15 QHD,Razer,Blade,Intel Core i7-12800H,RTX 3060,16,1000,SSD,15.6,0,24504,20376,46199835.0,200
New,Apple MacBook Air,Apple,MacBook Air,Apple M1 8 Core 3200 MHz,Apple M1 GPU,8,256,SSD,13.3,0,14145,19388,20113500.0,201
New,ASUS Chromebook CX1700CKA-BX0079,Asus,Chromebook,Intel Celeron N4500,Intel UHD Graphics,8,64,eMMC,17.3,0,1882,1495,7078500.0,202
New,ASUS VivoBook F1500EA-BQ2649W,Asus,VivoBook,Intel Core i3-1115G4,Intel UHD Graphics,8,512,SSD,15.6,0,5934,1495,8233500.0,203
New,HP Omen 16-b1016ns,HP,Omen,Intel Core i7-12700H,RTX 3060,16,1000,SSD,16.1,0,25766,20376,26383500.0,204
New,Lenovo IdeaPad Gaming 3 15ACH6,Lenovo,IdeaPad,AMD Ryzen 7 5800H,RTX 3050,16,512,SSD,15.6,0,20856,12578,17803665.0,205
New,ASUS ZenBook 14 OLED UM3402YA-KM091,Asus,ZenBook,AMD Ryzen 5 5625U,AMD Radeon Graphics,16,512,SSD,14.0,0,14837,478,16483500.0,206
New,MSI Bravo 15 B5ED-019XES,MSI,Bravo,AMD Ryzen 5 5600H,RX 6500M,8,512,SSD,15.6,0,16751,7537,14338500.0,207
New,ASUS TUF Dash F15 FX517ZE-HN050,Asus,TUF,Intel Core i7-12650H,RTX 3050,16,512,SSD,15.6,0,22065,12578,21433500.0,208
New,MSI Stealth 15 A13VF-019XES,MSI,Stealth,Intel Core i7-13620H,RTX 4060,16,1000,SSD,15.6,0,24272,22749,29683500.0,209
New,MSI Katana GF66 12UE-1202XES,MSI,Katana,Intel Core i7-12650H,RTX 3060,16,512,SSD,15.6,0,22065,20376,21433500.0,210
New,MSI Modern 15 B13M-283ES,MSI,Modern,Intel Core i7-1355U,Intel Iris Xe Graphics,16,1000,SSD,15.6,0,14369,2657,19288665.0,211
New,ASUS Chromebook Vibe CX34 Flip CX3401FBA-N90030,Asus,Chromebook,Intel Core i5-1235U,Intel Iris Xe Graphics,8,256,SSD,14.0,1,12993,2657,14833500.0,212
New,Lenovo ThinkBook 16 G4+ IAP,Lenovo,ThinkBook,Intel Core i5-1235U,Intel Iris Xe Graphics,16,512,SSD,16.0,0,12993,2657,17968500.0,213
New,ASUS ZenBook 14X OLED UM5401QA-L7177,Asus,ZenBook,AMD Ryzen 7 5800H,AMD Radeon Graphics,16,512,SSD,14.0,0,20856,478,19783500.0,214
New,Gigabyte AERO 16 XE5-73ES938HP,Gigabyte,Aero,Intel Core i7-12700H,RTX 3070,16,2000,SSD,16.0,0,25766,23392,47833500.0,215
New,Apple Macbook Air 2023,Apple,MacBook Air,Apple M2 8 Core 3500 MHz,Apple M2 GPU,8,256,SSD,15.3,0,15648,19388,26383500.0,216
New,Lenovo IdeaPad 3,Lenovo,IdeaPad,AMD Ryzen 3 5300U,AMD Radeon Graphics,8,256,SSD,15.6,0,9612,478,8233500.0,217
New,Acer Nitro 5 AN515-58-7571,Acer,Nitro,Intel Core i7-12700H,RTX 3060,16,512,SSD,15.6,0,25766,20376,24733500.0,218
New,MSI Prestige 16 Studio A13VE-046XES,MSI,Prestige,Intel Core i7-13700H,RTX 4050,16,1000,SSD,16.0,0,26456,14435,31333500.0,219
New,ASUS ZenBook 13 OLED UX325EA-KG744W,Asus,ZenBook,Intel Evo Core i7-1165G7,Intel Iris Xe Graphics,16,512,SSD,13.3,0,1034,2657,19783500.0,220
New,MSI Bravo 15 B5ED-018XES,MSI,Bravo,AMD Ryzen 7 5800H,RX 6500M,16,512,SSD,15.6,0,20856,7537,16483500.0,221
New,ASUS TUF Gaming A15 2023 FA507NU-LP045,Asus,TUF,AMD Ryzen 7 7735HS,RTX 4050,16,512,SSD,15.6,0,23295,14435,18793665.0,222
New,HP Chromebook 15a-na0000ns,HP,Chromebook,Intel Celeron N4500,Intel UHD Graphics,4,64,eMMC,15.6,0,1882,1495,6204000.0,223
New,HP OMEN 17-cm2006ns,HP,Omen,Intel Core i7-13700HX,RTX 4070,32,1000,SSD,17.3,0,32855,31754,32983500.0,224
New,Lenovo Yoga Slim 7 ProX 14IAH7,Lenovo,Yoga,Intel Evo Core i5-12500H,Intel Iris Xe Graphics,16,512,SSD,14.5,0,20660,2657,25228500.0,225
New,ASUS ExpertBook B1 B1500CEAE-BQ2834X,Asus,ExpertBook,Intel Core i5-1135G7,Intel Iris Xe Graphics,16,512,SSD,15.6,0,9564,2657,13183500.0,226
New,MSI Pulse GL76 12UEK-827XES,MSI,Pulse,Intel Core i9-12900H,RTX 3060,32,1000,SSD,17.3,0,27500,20376,26383500.0,227
New,Acer Aspire 5 A515-57-51Q4,Acer,Aspire,Intel Core i5-1235U,MX550,8,512,SSD,15.6,0,12993,4545,19948665.0,228
New,Lenovo V15 G2 ITL,Lenovo,V15,Intel Core i7-1165G7,Intel Iris Xe Graphics,16,512,SSD,15.6,0,10011,2657,11533500.0,229
New,Lenovo ThinkBook 14s Yoga G2 IAP,Lenovo,ThinkBook,Intel Core i5-1235U,Intel Iris Xe Graphics,8,256,SSD,14.0,1,12993,2657,19189830.0,230
New,ASUS F1500EA-BQ3074W,Asus,VivoBook,Intel Core i3-1115G4,Intel UHD Graphics,8,512,SSD,15.6,0,5934,1495,8233500.0,231
New,ASUS P1512CEA-EJ0213X,Asus,ExpertBook,Intel Core i5-1135G7,Intel Iris Xe Graphics,8,256,SSD,15.6,0,9564,2657,10048500.0,232
New,ASUS VivoBook Flip TP470EA-EC402W,Asus,VivoBook,Intel Core i5-1135G7,Intel Iris Xe Graphics,8,512,SSD,14.0,1,9564,2657,14833500.0,233
New,Lenovo IdeaPad 5 Pro 14ITL6,Lenovo,IdeaPad,Intel Core i7-1165G7,Intel Iris Xe Graphics,8,512,SSD,14.0,0,10011,2657,16483500.0,234
New,MSI Stealth 14 Studio A13VG-047XES,MSI,Stealth,Intel Core i7-13700H,RTX 4070,32,1000,SSD,14.0,0,26456,31754,42058665.0,235
New,MSI Stealth 16 Studio A13VG-036XES,MSI,Stealth,Intel Core i7-13700H,RTX 4070,32,1000,SSD,16.0,0,26456,31754,42883665.0,236
New,Samsung Galaxy Book2 Pro,Samsung,Galaxy Book,Intel Core i7-1260P,Intel Iris Xe Graphics,16,512,SSD,13.3,0,16814,2657,25558500.0,237
New,ASUS ExpertBook P1512CEA-EJ0084X,Asus,ExpertBook,Intel Core i7-1165G7,Intel Iris Xe Graphics,8,512,SSD,15.6,0,10011,2657,14008500.0,238
New,MSI Modern 14 C12M-030XES,MSI,Modern,Intel Core i5-1235U,Intel Iris Xe Graphics,16,512,SSD,14.0,0,12993,2657,11533500.0,239
New,Lenovo V15 G2 ITL,Lenovo,V15,Intel Core i3-1115G4,Intel UHD Graphics,8,256,SSD,15.6,0,5934,1495,5692500.0,240
New,Apple Macbook Pro,Apple,MacBook Pro,Apple M2 8 Core 3500 MHz,Apple M2 GPU,8,256,SSD,13.3,0,15648,19388,26713500.0,241
New,ASUS TUF Gaming F15 FX507ZU4-LP040,Asus,TUF,Intel Core i7-12700H,RTX 4050,16,512,SSD,15.6,0,25766,14435,25063665.0,242
New,Acer Nitro 5 AN515-45-R6CN,Acer,Nitro,AMD Ryzen 7 5800H,RTX 3080,32,1000,SSD,15.6,0,20856,26922,37933500.0,243
New,Razer Blade 17 QHD 240Hz,Razer,Blade,Intel Core i7-12800H,RTX 3060,16,1000,SSD,17.3,0,24504,20376,51149835.0,244
New,Lenovo V15 G2 ITL,Lenovo,V15,Intel Core i3-1115G4,Intel UHD Graphics,8,512,SSD,15.6,0,5934,1495,7903500.0,245
New,HP 250 G9,HP,250,Intel Core i5-1235U,Intel Iris Xe Graphics,16,512,SSD,15.6,0,12993,2657,10378665.0,246
New,Lenovo V15 G2 ALC,Lenovo,V15,AMD Ryzen 5 5500U,AMD Radeon Graphics,16,512,SSD,15.6,0,12868,478,7837500.0,247
New,ASUS TUF Gaming F15 FX507ZV4-LP047,Asus,TUF,Intel Core i7-12700H,RTX 4060,16,1000,SSD,15.6,0,25766,22749,29683500.0,248
New,Lenovo V15 G2 ITL,Lenovo,V15,Intel Core i3-1115G4,Intel UHD Graphics,8,256,SSD,15.6,0,5934,1495,7408500.0,249
New,Acer Nitro 5 AN515-47-R6UV,Acer,Nitro,AMD Ryzen 7 7735HS,RTX 3050,16,1000,SSD,15.6,0,23295,12578,21433665.0,250
New,ASUS TUF Gaming F15 FX507ZV4-LP004,Asus,TUF,Intel Core i7-12700H,RTX 4060,32,1000,SSD,15.6,0,25766,22749,32983500.0,251
New,Apple Macbook Air,Apple,MacBook Air,Apple M2 8 Core 3500 MHz,Apple M2 GPU,8,256,SSD,13.6,0,15648,19388,25063500.0,252
New,HP ChromeBook 14a-na1006ns,HP,Chromebook,Intel Celeron N4500,Intel UHD Graphics,4,64,eMMC,14.0,0,1882,1495,6253500.0,253
New,MSI Creator Z16 HX Studio B13VFTO-034ES,MSI,Creator,Intel Core i7-13700HX,RTX 4060,32,1000,SSD,16.0,1,32855,22749,45028665.0,254
New,Medion Erazer Crawler E30,Medion,Erazer,Intel Core i5-12450H,RTX 3050,16,512,SSD,15.6,0,16401,12578,14173500.0,255
New,LG Gram 17Z90Q,LG,Gram,Intel Evo Core i7-1260P,Intel Iris Xe Graphics,32,1000,SSD,17.0,0,16814,2657,29848665.0,256
New,MSI Pulse 17 B13VFK-072XES,MSI,Pulse,Intel Core i7-13700H,RTX 4060,16,1000,SSD,17.3,0,26456,22749,31333500.0,257
New,HP 255 G8,HP,255,AMD Ryzen 3 5300U,AMD Radeon Graphics,8,512,SSD,15.6,0,9612,478,6402000.0,258
New,Lenovo V15 G2,Lenovo,V15,Intel Core i5-1135G7,Intel Iris Xe Graphics,8,256,SSD,15.6,0,9564,2657,8233500.0,259
New,Lenovo IdeaPad Gaming 3 15ACH6-381,Lenovo,IdeaPad,AMD Ryzen 5 5600H,RTX 3050,8,512,SSD,15.6,0,16751,12578,15589530.0,260
New,ASUS ROG Strix G16 G614JZ-N3008,Asus,ROG,Intel Core i7-13650HX,RTX 4080,32,1000,SSD,16.0,0,30814,34435,42883665.0,261
New,ASUS VivoBook 15 F1500EA-EJ3069W,Asus,VivoBook,Intel Core i7-1165G7,Intel Iris Xe Graphics,16,512,SSD,15.6,0,10011,2657,14998500.0,262
New,MSI Summit E13 Flip Evo A13MT-228ES,MSI,Summit,Intel Evo Core i7-1360P,Intel Iris Xe Graphics,16,1000,SSD,13.4,1,18760,2657,29683500.0,263
New,ASUS E410MA-EK1928WS,Asus,E410,Intel Celeron N4020,Intel UHD Graphics 600,4,64,eMMC,14.0,0,1546,317,7458000.0,264
New,HP Pavilion 14-dv2004ns,HP,Pavilion,Intel Core i5-1235U,Intel Iris Xe Graphics,16,512,SSD,14.0,0,12993,2657,14833665.0,265
New,LG Ultra PC 17U70Q-P.AA78B,LG,Ultra,Intel Core i7-1260P,RTX 3050,16,1000,SSD,17.0,0,16814,12578,32983500.0,266
New,Lenovo IdeaPad Gaming 3 15IAH7,Lenovo,IdeaPad,Intel Core i5-12500H,RTX 3050,16,512,SSD,15.6,0,20660,12578,16978665.0,267
New,Lenovo V15 G2 ITL,Lenovo,V15,Intel Core i5-1135G7,Intel Iris Xe Graphics,8,512,SSD,15.6,0,9564,2657,8398500.0,268
New,Lenovo V15 G2,Lenovo,V15,AMD Ryzen 5 5500U,AMD Radeon Graphics,8,512,SSD,15.6,0,12868,478,7309335.0,269
New,MSI Creator Z16 HX Studio B13VETO-047XES,MSI,Creator,Intel Core i7-13700HX,RTX 4050,32,1000,SSD,16.0,1,32855,14435,41233500.0,270
New,Samsung Galaxy Book2,Samsung,Galaxy Book,Intel Core i5-1235U,Intel Iris Xe Graphics,8,256,SSD,15.6,0,12993,2657,14008500.0,271
New,Dell Vostro 3510,Dell,Vostro,Intel Core i5-1135G7,Intel Iris Xe Graphics,8,256,SSD,15.6,0,9564,2657,11387475.0,272
New,ASUS ExpertBook B3 Flip B3402FBA-EC0434X,Asus,ExpertBook,Intel Core i5-1235U,Intel Iris Xe Graphics,8,256,SSD,14.0,1,12993,2657,19453500.0,273
New,ASUS TUF Gaming A17 FA707XI-HX019,Asus,TUF,AMD Ryzen 9 7940HS,RTX 4070,32,1000,SSD,17.3,0,30132,31754,31333665.0,274
New,HP Victus 16-d1040ns,HP,Victus,Intel Core i7-12700H,RTX 3060,32,512,SSD,16.1,0,25766,20376,24733665.0,275
New,Asus TUF Gaming A15 FA507RR-HQ008,Asus,TUF,AMD Ryzen 7 6800H,RTX 3070,32,1000,SSD,15.6,0,23136,23392,31168500.0,276
New,Apple Macbook Air,Apple,MacBook Air,Apple M2 8 Core 3500 MHz,Apple M2 GPU,8,512,SSD,13.6,0,15648,19388,30838500.0,277
New,Lenovo ThinkPad E15 Gen 4,Lenovo,ThinkPad,AMD Ryzen 7 5825U,AMD Radeon Graphics,16,512,SSD,15.6,0,18219,478,18628500.0,278
New,MSI Prestige 13 Evo A13M-068ES,MSI,Prestige,Intel Evo Core i7-1360P,Intel Iris Xe Graphics,32,1000,SSD,13.3,0,18760,2657,26383500.0,279
New,Lenovo Chromebook IdeaPad 3 CB 14IGL05,Lenovo,IdeaPad,Intel Celeron N4020,Intel UHD Graphics 600,8,64,eMMC,14.0,0,1546,317,6451500.0,280
New,HP ProBook 650 G8,HP,ProBook,Intel Core i5-1135G7,Intel Iris Xe Graphics,8,256,SSD,15.6,0,9564,2657,11698500.0,281
New,Dell Vostro 3520,Dell,Vostro,Intel Core i7-1255U,Intel Iris Xe Graphics,16,512,SSD,15.6,0,13289,2657,14668500.0,282
New,ASUS ROG Zephyrus G16 2023 GU603VI-N4006,Asus,ROG,Intel Core i9-13900H,RTX 4070,32,1000,SSD,16.0,0,27858,31754,42883500.0,283
New,MSI Modern 15 B5M-017XES,MSI,Modern,AMD Ryzen 7 5825U,AMD Radeon Graphics,16,512,SSD,15.6,0,18219,478,14833500.0,284
New,HP OMEN 16-n0012ns,HP,Omen,AMD Ryzen 7 6800H,RTX 3050,16,512,SSD,16.1,0,23136,12578,23083500.0,285
New,HP ChromeBook 14a-na1009ns,HP,Chromebook,Intel Pentium Silver N6000,Intel UHD Graphics,8,128,eMMC,14.0,0,2997,1495,7573335.0,286
New,MSI Creator Z17 HX Studio A13VFT-048ES,MSI,Creator,Intel Core i9-13950HX,RTX 4060,32,1000,SSD,17.0,1,41877,22749,49153665.0,287
New,MSI Prestige 14 Evo B13M-276ES,MSI,Prestige,Intel Evo Core i7-13700H,Intel Iris Xe Graphics,16,512,SSD,14.0,0,36551,2657,23083500.0,288
New,HP Pavilion Plus 14-eh0008ns,HP,Pavilion,Intel Core i7-1255U,RTX 2050,16,512,SSD,14.0,0,13289,7757,28528665.0,289
New,Acer Aspire 3 A314-36P-30XR,Acer,Aspire,Intel Core i3-N305,Intel UHD Graphics,8,512,SSD,14.0,0,9770,1495,9883500.0,290
New,MSI Raider GE68HX 13VF-046XES,MSI,Raider,Intel Core i7-13700HX,RTX 4060,32,1000,SSD,16.0,0,32855,22749,41233500.0,291
New,Apple Macbook Air 2023,Apple,MacBook Air,Apple M2 8 Core 3500 MHz,Apple M2 GPU,8,256,SSD,15.3,0,15648,19388,26383500.0,292
New,ASUS ROG Strix Scar 16 2023 G634JY-N4013,Asus,ROG,Intel Core i9-13980HX,RTX 4090,32,1000,SSD,16.0,0,46648,38262,61033665.0,293
New,Acer Extensa 15 EX215-54-51BK,Acer,Extensa,Intel Core i5-1135G7,Intel Iris Xe Graphics,8,512,SSD,15.6,0,9564,2657,7425000.0,294
New,Acer Aspire 3 A315-58-77EL,Acer,Aspire,Intel Core i7-1165G7,Intel Iris Xe Graphics,16,512,SSD,15.6,0,10011,2657,12358500.0,295
New,Apple MacBook Pro,Apple,MacBook Pro,Apple M2 Pro 10 Core 3480 MHz,Apple M2 Pro GPU,16,512,SSD,14.2,0,21851,17789,36448500.0,296
New,MSI Creator M16 B12UDX-688XES,MSI,Creator,Intel Core i7-12650H,RTX 3050,16,512,SSD,16.0,0,22065,12578,23083500.0,297
New,Lenovo V15 G2 ALC,Lenovo,V15,AMD Ryzen 5 5500U,AMD Radeon Graphics,8,256,SSD,15.6,0,12868,478,7408500.0,298
New,Alurin Flex,Alurin,Flex,Intel Core i3-10110U,Intel UHD Graphics,8,512,SSD,14.0,0,3866,1495,7423350.0,299
New,Apple Macbook Air,Apple,MacBook Air,Apple M2 8 Core 3500 MHz,Apple M2 GPU,8,512,SSD,13.6,0,15648,19388,30838500.0,300
New,ASUS Chromebook Flip CM1 CM1400FXA-EC0109 3015Ce,Asus,Chromebook,AMD 3015Ce,AMD Radeon Graphics,8,64,eMMC,14.0,1,2099,478,7408665.0,301
New,Lenovo V15 G2 ITL,Lenovo,V15,Intel Core i3-1115G4,Intel UHD Graphics,8,512,SSD,15.6,0,5934,1495,6913500.0,302
New,MSI Prestige 14 Evo B13M-282ES,MSI,Prestige,Intel Evo Core i5-13500H,Intel Iris Xe Graphics,16,512,SSD,14.0,0,31430,2657,22093665.0,303
Refurbished,HP EliteBook 840 G3,HP,EliteBook,Intel Core i5-6300U,Intel HD Graphics 520,16,512,SSD,14.0,0,3214,1718,5161695.0,304
New,HP Victus 16-d1030ns,HP,Victus,Intel Core i7-12700H,RTX 3050,16,1000,SSD,16.1,0,25766,12578,21433665.0,305
New,HP Pavilion 14-ec0011ns,HP,Pavilion,AMD Ryzen 7 5700U,AMD Radeon Graphics,16,512,SSD,14.0,0,15676,478,14833665.0,306
New,MSI Creator M16 B13VE-680XES,MSI,Creator,Intel Core i7-13700H,RTX 4050,16,1000,SSD,16.0,0,26456,14435,28858500.0,307
New,ASUS ROG Strix Scar 18 2023 G834JY-N5012,Asus,ROG,Intel Core i9-13980HX,RTX 4090,32,1000,SSD,18.0,0,46648,38262,61033665.0,308
New,ASUS Zenbook 14 OLED UX3402ZA-KM020W,Asus,ZenBook,Intel Evo Core i5-1240P,Intel Iris Xe Graphics,16,512,SSD,14.0,0,16671,2657,19783500.0,309
New,ASUS Vivobook 17 F1704VA-AU084W,Asus,VivoBook,Intel Core i7-1355U,Intel Iris Xe Graphics,16,512,SSD,17.3,0,14369,2657,16483500.0,310
New,Apple MacBook Air,Apple,MacBook Air,Apple M1 8 Core 3200 MHz,Apple M1 GPU,16,256,SSD,13.3,0,14145,19388,22258500.0,311
New,PcCom Revolt 3060,PcCom,Revolt,Intel Core i7-12700H,RTX 3060,32,500,SSD,15.6,0,25766,20376,25558500.0,312
New,HP OMEN 16-n0009ns,HP,Omen,AMD Ryzen 7 6800H,RTX 3060,16,1000,SSD,16.1,0,23136,20376,28033665.0,313
New,ASUS TUF Dash F15 FX517ZM-HN002,Asus,TUF,Intel Core i7-12650H,RTX 3060,16,512,SSD,15.6,0,22065,20376,28033500.0,314
New,ASUS Chromebook CX1500CKA-EJ0181,Asus,Chromebook,Intel Celeron N4500,Intel UHD Graphics,8,64,eMMC,15.6,0,1882,1495,6303000.0,315
New,Alurin Go,Alurin,Go,Intel Pentium N4200,Intel HD Graphics 505,8,128,SSD,14.1,0,2169,1718,5113515.0,316
New,HP 255 G8,HP,255,AMD Ryzen 3 3250U,AMD Radeon Vega 3 Graphics,8,256,SSD,15.6,0,3748,3159,6253500.0,317
New,ASUS ExpertBook B7 Flip B7402FBA-L90638X,Asus,ExpertBook,Intel Core i7-1260P,Intel Iris Xe Graphics,16,512,SSD,14.0,1,16814,2657,34798500.0,318
New,MSI Prestige 16 A12UD-220ES,MSI,Prestige,Intel Core i7-1280P,RTX 3050,16,1000,SSD,16.0,0,20311,12578,31168500.0,319
New,Dell Latitude 3520,Dell,Latitude,Intel Core i5-1135G7,Intel Iris Xe Graphics,8,256,SSD,15.6,0,9564,2657,13018500.0,320
New,HP ENVY x360 13-bf0003ns,HP,Envy,Intel Evo Core i7-1250U,Intel Iris Xe Graphics,16,1000,SSD,13.3,1,11391,2657,23083500.0,321
New,ASUS TUF Gaming F17 FX707ZV4-HX004,Asus,TUF,Intel Core i7-12700H,RTX 4060,32,1000,SSD,17.3,0,25766,22749,32983500.0,322
New,ASUS VivoBook 15 F515EA-BQ1359,Asus,VivoBook,Intel Core i3-1115G4,Intel UHD Graphics,8,256,SSD,15.6,0,5934,1495,6583500.0,323
New,Apple Macbook Air,Apple,MacBook Air,Apple M2 8 Core 3500 MHz,Apple M2 GPU,16,256,SSD,13.6,0,15648,19388,27043665.0,324
New,HP 250 G8,HP,250,Intel Core i5-1135G7,Intel Iris Xe Graphics,16,512,SSD,15.6,0,9564,2657,11038665.0,325
New,Lenovo IdeaPad 1 15AMN7-923,Lenovo,IdeaPad,AMD Ryzen 3 7320U,AMD Radeon Graphics,8,256,SSD,15.6,0,8677,478,8439585.0,326
New,Medion Erazer Deputy P50,Medion,Deputy,Intel Core i7-13700HX,RTX 4060,16,1000,SSD,15.6,0,32855,22749,25228500.0,327
New,MSI Summit E16 Flip A13VET-083ES,MSI,Summit,Intel Core i7-1360P,RTX 4050,32,1000,SSD,16.0,1,18760,14435,39253665.0,328
New,Dell Vostro 3510,Dell,Vostro,Intel Core i5-1135G7,Intel Iris Xe Graphics,16,512,SSD,15.6,0,9564,2657,14338500.0,329
New,ASUS M515UA-EJ541,Asus,M515UA,AMD Ryzen 7 5700U,AMD Radeon Graphics,16,512,SSD,15.6,0,15676,478,11533500.0,330
New,ASUS ROG Strix G18 G814JI-N6004,Asus,ROG,Intel Core i9-13980HX,RTX 4070,32,1000,SSD,18.0,0,46648,31754,43873500.0,331
New,ASUS VivoBook 16X M1603QA-MB013W,Asus,VivoBook,AMD Ryzen 5 5600H,AMD Radeon Graphics,16,512,SSD,16.0,0,16751,478,9553665.0,332
New,Apple Macbook Air 2023,Apple,MacBook Air,Apple M2 8 Core 3500 MHz,Apple M2 GPU,8,256,SSD,15.3,0,15648,19388,26383500.0,333
New,MSI Thin GF63 12VE-040ES,MSI,Thin,Intel Core i5-12450H,RTX 4050,16,512,SSD,15.6,0,16401,14435,19783500.0,334
New,Gigabyte G5 KF-E3ES313SH,Gigabyte,G5,Intel Core i5-12500H,RTX 4060,16,512,SSD,15.6,0,20660,22749,19618665.0,335
New,ASUS Zenbook UM3402YA,Asus,ZenBook,AMD Ryzen 5 5625U,AMD Radeon Graphics,8,512,SSD,14.0,0,14837,478,13355925.0,336
New,MSI Creator M16 B13UDX-687XES,MSI,Creator,Intel Core i7-13700H,RTX 3050,16,1000,SSD,16.0,0,26456,12578,26383500.0,337
Refurbished,Lenovo ThinkPad T470s,Lenovo,ThinkPad,Intel Core i5-7300U,Intel HD Graphics 620,16,512,SSD,14.0,0,3640,921,10477500.0,338
New,HP Victus 16-e0061ns,HP,Victus,AMD Ryzen 7 5800H,RTX 3050,16,512,SSD,16.1,0,20856,12578,18958500.0,339
New,Apple Macbook Air,Apple,MacBook Air,Apple M2 8 Core 3500 MHz,Apple M2 GPU,8,512,SSD,13.6,0,15648,19388,30838500.0,340
New,ASUS ROG Strix G17 G713RS-LL008,Asus,ROG,AMD Ryzen 9 6900HX,RTX 3080,32,1000,SSD,17.3,0,24406,26922,49483500.0,341
New,Apple Macbook Pro,Apple,MacBook Pro,Apple M2 8 Core 3500 MHz,Apple M2 GPU,8,512,SSD,13.3,0,15648,19388,30508500.0,342
New,Apple Macbook Pro,Apple,MacBook Pro,Apple M2 8 Core 3500 MHz,Apple M2 GPU,16,256,SSD,13.3,0,15648,19388,28528665.0,343
New,Apple Macbook Air,Apple,MacBook Air,Apple M2 8 Core 3500 MHz,Apple M2 GPU,8,256,SSD,13.6,0,15648,19388,25063500.0,344
New,ASUS Expertbook B9 B9400CBA-KC0686X,Asus,ExpertBook,Intel Core i5-1235U,Intel Iris Xe Graphics,16,512,SSD,14.0,0,12993,2657,26053500.0,345
New,MSI Stealth 16 Studio A13VG-033ES,MSI,Stealth,Intel Core i9-13900H,RTX 4070,32,2000,SSD,16.0,0,27858,31754,48083970.0,346
New,ASUS ROG Zephyrus G16 2023 GU603ZU-N4004,Asus,ROG,Intel Core i7-12700H,RTX 4050,32,1000,SSD,16.0,0,25766,14435,32983500.0,347
New,MSI GF63 Thin 11UC-447XES,MSI,Thin,Intel Core i5-11400H,RTX 3050,16,512,SSD,15.6,0,15398,12578,17308500.0,348
New,ASUS TUF Gaming F15 FX507ZU4-LP003,Asus,TUF,Intel Core i7-12700H,RTX 4050,16,1000,SSD,15.6,0,25766,14435,33808500.0,349
New,HP Chromebook 15a-na0002ns,HP,Chromebook,Intel Celeron N4500,Intel UHD Graphics,8,128,eMMC,15.6,0,1882,1495,7078665.0,350
New,LG Ultra PC 17U70Q-P.AD78B,LG,Ultra,Intel Evo Core i7-1260P,RTX 3050,32,1000,SSD,17.0,0,16814,12578,36283500.0,351
New,ASUS ROG Zephyrus M16 2023 GU604VZ-NM008W,Asus,ROG,Intel Core i9-13900H,RTX 4080,32,1000,SSD,16.0,0,27858,34435,59383500.0,352
New,Lenovo V15 Gen 2 ALC,Lenovo,V15,AMD Ryzen 7 5700U,AMD Radeon Graphics,16,512,SSD,15.6,0,15676,478,12193665.0,353
New,MSI Creator M16 B12VE-685XES,MSI,Creator,Intel Core i7-12650H,RTX 4050,32,1000,SSD,16.0,0,22065,14435,28033500.0,354
New,MSI Summit E16 Flip Evo A13MT-238ES,MSI,Summit,Intel Evo Core i7-1360P,Intel Iris Xe Graphics,16,1000,SSD,16.0,1,18760,2657,30178500.0,355
New,HP 15S-fq4043ns,HP,15S,Intel Core i7-1195G7,Intel Iris Xe Graphics,16,512,SSD,15.6,0,10549,2657,12523665.0,356
New,ASUS ROG Strix G17 G713RS-LL042,Asus,ROG,AMD Ryzen 7 6800H,RTX 3080,32,1000,SSD,17.3,0,23136,26922,49483500.0,357
New,MSI Prestige 14 Evo B13M-242ES,MSI,Prestige,Intel Core i7-13700H,Intel Iris Xe Graphics,32,1000,SSD,14.0,0,26456,2657,26218665.0,358
New,ASUS ROG Zephyrus G14 2023 GA402XV-N2028W,Asus,ROG,AMD Ryzen 9 7940HS,RTX 4060,32,1000,SSD,14.0,0,30132,22749,41233500.0,359
New,MSI Katana GF66 12UC-820XES,MSI,Katana,Intel Core i7-12650H,RTX 3050,16,512,SSD,15.6,0,22065,12578,19783500.0,360
New,Apple MacBook Pro,Apple,MacBook Pro,Apple M2 Pro 10 Core 3480 MHz,Apple M2 Pro GPU,16,512,SSD,14.2,0,21851,17789,37438500.0,361
New,ASUS ROG Strix Scar 18 2023 G834JZ-N6004W,Asus,ROG,Intel Core i9-13980HX,RTX 4080,32,1000,SSD,18.0,0,46648,34435,56083500.0,362
New,ASUS F1500EA-BQ3065W,Asus,VivoBook,Intel Core i5-1135G7,Intel Iris Xe Graphics,8,512,SSD,15.6,0,9564,2657,8398500.0,363
New,Apple MacBook Air,Apple,MacBook Air,Apple M1 8 Core 3200 MHz,Apple M1 GPU,16,512,SSD,13.3,0,14145,19388,25888665.0,364
New,ASUS Expertbook B9 B9400CBA-KC0681X,Asus,ExpertBook,Intel Core i7-1255U,Intel Iris Xe Graphics,16,512,SSD,14.0,0,13289,2657,28363500.0,365
New,ASUS M515UA-R55BHDSB2,Asus,M515UA,AMD Ryzen 5 5500U,AMD Radeon Graphics,16,256,SSD,15.6,0,12868,478,10319265.0,366
New,Apple Macbook Pro,Apple,MacBook Pro,Apple M2 8 Core 3500 MHz,Apple M2 GPU,16,512,SSD,13.3,0,15648,19388,31333665.0,367
New,ASUS VivoBook F1500EA-BQ2361W,Asus,VivoBook,Intel Core i3-1115G4,Intel UHD Graphics,8,256,SSD,15.6,0,5934,1495,6534000.0,368
New,Medion Akoya S15449-MD62128,Medion,Akoya,Intel Core i5-1135G7,Intel Iris Xe Graphics,8,512,SSD,15.6,0,9564,2657,11038665.0,369
New,ASUS TUF Gaming A16 Advantage Edition 2023 FA617NS-N3020,Asus,TUF,AMD Ryzen 7 7735HS,RX 7600S,16,1000,SSD,16.0,0,23295,15428,24733500.0,370
New,Apple Macbook Air 2023,Apple,MacBook Air,Apple M2 8 Core 3500 MHz,Apple M2 GPU,8,512,SSD,15.3,0,15648,19388,30178500.0,371
New,Acer Aspire 3 A315-58,Acer,Aspire,Intel Core i7-1165G7,Intel Iris Xe Graphics,8,512,SSD,15.6,0,10011,2657,12028500.0,372
New,HP Pavilion x360 14-ek0015ns,HP,Pavilion,Intel Core i5-1235U,Intel Iris Xe Graphics,8,512,SSD,14.0,1,12993,2657,18958500.0,373
New,HP ProBook 455 G10,HP,ProBook,AMD Ryzen 5 7530U,AMD Radeon Graphics,16,512,SSD,15.6,0,15552,478,13183500.0,374
New,MSI Raider GE68HX 13VG-042XES,MSI,Raider,Intel Core i9-13950HX,RTX 4070,32,1000,SSD,16.0,0,41877,31754,51133500.0,375
New,Acer Predator Helios 300 PH315-55-7174,Acer,Predator,Intel Core i7-12700H,RTX 3060,16,512,SSD,15.6,0,25766,20376,29353500.0,376
New,HP 250 G9,HP,250,Intel Core i7-1255U,Intel Iris Xe Graphics,16,512,SSD,15.6,0,13289,2657,13513500.0,377
New,HP Envy 16-h0002ns,HP,Envy,Intel Evo Core i7-12700H,Intel Arc A370M,16,1000,SSD,16.0,0,30444,5115,29683500.0,378
New,ASUS TUF Gaming A16 Advantage Edition 2023 FA617XS-N3035,Asus,TUF,AMD Ryzen 9 7940HS,RX 7600S,16,1000,SSD,16.0,0,30132,15428,28033500.0,379
New,ASUS TUF Gaming F15 FX506LHB-HN324,Asus,TUF,Intel Core i5-10300H,GTX 1650,16,512,SSD,15.6,0,8283,10181,16483500.0,380
New,HP 250 G8,HP,250,Intel Celeron N4020,Intel UHD Graphics 600,8,256,SSD,15.6,0,1546,317,6323790.0,381
New,HP ChromeBook x360 14a-ca0029ns,HP,Chromebook,Intel Celeron N4120,Intel UHD Graphics 600,4,64,eMMC,14.0,1,2469,317,6583500.0,382
New,ASUS ROG Strix G16 G614JI-N4089W,Asus,ROG,Intel Core i9-13980HX,RTX 4070,32,1000,SSD,16.0,0,46648,31754,44533500.0,383
New,MSI Raider GE78HX 13VG-041XES,MSI,Raider,Intel Core i7-13700HX,RTX 4070,32,1000,SSD,17.0,0,32855,31754,46183500.0,384
Refurbished,MSI Modern 14 C12M-076ES,MSI,Modern,Intel Core i7-1255U,Intel Iris Xe Graphics,16,512,SSD,14.0,0,13289,2657,18133500.0,385
New,Acer Aspire 3 A315-34,Acer,Aspire,Intel Celeron N4020,Intel UHD Graphics 600,8,256,SSD,15.6,0,1546,317,5065335.0,386
New,PcCom Revolt 3060,PcCom,Revolt,Intel Core i7-12700H,RTX 3060,32,1000,SSD,15.6,0,25766,20376,27208500.0,387
New,Microsoft Surface Laptop Go 2,Microsoft,Surface Laptop,Intel Core i5-1135G7,Intel Iris Xe Graphics,8,256,SSD,12.4,1,9564,2657,14338500.0,388
New,ASUS TUF Gaming F17 FX707VV4-HX025,Asus,TUF,Intel Core i9-13900H,RTX 4060,32,1000,SSD,17.3,0,27858,22749,34633500.0,389
New,ASUS Vivobook 15X OLED M1503QA-R75BOHDSB1,Asus,VivoBook,AMD Ryzen 7 5800H,AMD Radeon Graphics,16,1000,SSD,15.6,0,20856,478,18959160.0,390
New,ASUS ROG Strix G16 G614JI-N4006,Asus,ROG,Intel Core i9-13980HX,RTX 4070,32,1000,SSD,16.0,0,46648,31754,42883500.0,391
New,ASUS TUF Gaming F17 FX707VU4-HX028,Asus,TUF,Intel Core i9-13900H,RTX 4050,32,1000,SSD,17.3,0,27858,14435,31168500.0,392
New,ASUS TUF Gaming F17 FX707ZU4-HX005,Asus,TUF,Intel Core i7-12700H,RTX 4050,16,1000,SSD,17.3,0,25766,14435,26713500.0,393
New,MSI Creator Z17 HX Studio A13VGT-046ES,MSI,Creator,Intel Core i7-13700HX,RTX 4070,32,1000,SSD,17.0,1,32855,31754,51628500.0,394
New,Razer Blade 17 QHD 240Hz,Razer,Blade,Intel Core i7-12800H,RTX 3070,16,1000,SSD,17.3,0,24504,23392,57749835.0,395
New,Acer Extensa 15 EX215-54-31DH,Acer,Extensa,Intel Core i3-1115G4,Intel UHD Graphics,8,256,SSD,15.6,0,5934,1495,6501000.0,396
New,MSI Summit E16 Flip A13VFT-082ES,MSI,Summit,Intel Core i7-1360P,RTX 4060,32,1000,SSD,16.0,1,18760,22749,41233500.0,397
New,ASUS VivoBook F1605PA-MB091W,Asus,VivoBook,Intel Core i5-11300H,Intel Iris Xe Graphics,8,512,SSD,16.0,0,10849,2657,9074835.0,398
New,Medion Erazer Deputy P10 MD62132,Medion,Deputy,Intel Core i5-10300H,GTX 1660,8,512,SSD,15.6,0,8283,12907,16483500.0,399
New,HP OMEN 16-B1006NS,HP,Omen,Intel Core i7-12700H,RTX 3060,16,1000,SSD,16.1,0,25766,20376,28033665.0,400
New,ASUS Chromebook CX1400CNA-EK0225,Asus,Chromebook,Intel Celeron N3350,Intel HD Graphics 500,8,32,eMMC,14.0,0,1110,1718,5758500.0,401
New,Alurin Flex Advance,Alurin,Flex Advance,Intel Core i5-1155G7,Intel Iris Xe Graphics,8,500,SSD,15.6,0,9814,2657,8250000.0,402
New,Microsoft Surface Laptop 5 Alcántara,Microsoft,Surface Laptop,Intel Evo Core i5-1235U,Intel Iris Xe Graphics,8,256,SSD,13.5,1,12993,2657,19453500.0,403
New,LG Gram 16Z90Q,LG,Gram,Intel Evo Core i7-1260P,Intel Iris Xe Graphics,32,1000,SSD,16.0,0,16814,2657,30013665.0,404
New,MSI Prestige 13 Evo A13M-032ES,MSI,Prestige,Intel Evo Core i7-1360P,Intel Iris Xe Graphics,16,1000,SSD,13.3,0,18760,2657,24733665.0,405
New,MSI Prestige 16 Studio A13VF-041ES,MSI,Prestige,Intel Core i7-13700H,RTX 4060,32,1000,SSD,16.0,0,26456,22749,36943665.0,406
New,ASUS ROG Strix Scar 16 2023 G634JY-NM014W,Asus,14w,Intel Core i9-13980HX,RTX 4090,32,2000,SSD,16.0,0,46648,38262,81658665.0,407
New,Acer Predator Triton 300 SE PT316-51s-74LT,Acer,Predator,Intel Core i7-12700H,RTX 3050,16,512,SSD,16.0,0,25766,12578,26218665.0,408
New,HP OMEN 16-b1025ns,HP,Omen,Intel Core i7-12700H,RTX 3070,32,1000,SSD,16.1,0,25766,23392,32983500.0,409
New,ASUS ExpertBook B1 B1402CBA-EB0821X,Asus,ExpertBook,Intel Core i7-1255U,Intel Iris Xe Graphics,16,512,SSD,14.0,0,13289,2657,19618500.0,410
New,MSI Titan GT77 HX 13VH-008ES,MSI,Titan,Intel Core i9-13980HX,RTX 4080,64,2000,SSD,17.3,0,46648,34435,80833500.0,411
New,HP 250 G9,HP,250,Intel Core i5-1235U,Intel Iris Xe Graphics,8,512,SSD,15.6,0,12993,2657,9223665.0,412
New,HP 250 G9,HP,250,Intel Core i3-1215U,Intel UHD Graphics,8,256,SSD,15.6,0,10548,1495,6896835.0,413
New,LG Gram 17Z90Q,LG,Gram,Intel Core i7-1260P,RTX 2050,16,512,SSD,17.0,0,16814,7757,23248665.0,414
New,ASUS ROG Zephyrus M16 2023 GU604VY-NM001W,Asus,ROG,Intel Core i9-13900H,RTX 4090,32,2000,SSD,16.0,0,27858,38262,70933500.0,415
New,Lenovo IdeaPad Gaming 3 15ACH6,Lenovo,IdeaPad,AMD Ryzen 5 5600H,RTX 3050,16,512,SSD,15.6,0,16751,12578,14503500.0,416
New,Apple MacBook Pro,Apple,MacBook Pro,Apple M1 Max 10 Core 3200 MHz,Apple M1 Max GPU,32,1000,SSD,16.2,0,22141,13609,63508500.0,417
New,Acer Predator Triton 300 SE PT314-52s-76F0,Acer,Predator,Intel Core i7-12700H,RTX 3060,16,512,SSD,14.0,0,25766,20376,28693500.0,418
New,ASUS VivoBook 15 F1500EA-EJ3108W,Asus,VivoBook,Intel Core i5-1135G7,Intel Iris Xe Graphics,16,1000,SSD,15.6,0,9564,2657,10972500.0,419
New,ASUS TUF Gaming F15 FX507ZU4-LP004,Asus,TUF,Intel Core i7-12700H,RTX 4050,32,1000,SSD,15.6,0,25766,14435,28033665.0,420
New,Acer Nitro 5 AN517-55-75RS,Acer,Nitro,Intel Core i7-12700H,RTX 3060,16,512,SSD,17.3,0,25766,20376,26878500.0,421
New,Primux IoxBook 15I3A,Primux,Ioxbook,Intel Core i3-1005G1,Intel UHD Graphics,8,256,SSD,15.6,0,4864,1495,4676430.0,422
New,Lenovo Legion 5 15ACH6H-289,Lenovo,Legion,AMD Ryzen 5 5600H,RTX 3060,8,512,SSD,15.6,0,16751,20376,20666250.0,423
New,ASUS ROG Strix SCAR 15 G533ZS-HF043,Asus,ROG,Intel Core i9-12900H,RTX 3080,32,1000,SSD,15.6,0,27500,26922,57733500.0,424
New,Lenovo IdeaPad Flex 5 14ITL05,Lenovo,IdeaPad,Intel Core i5-1135G7,Intel Iris Xe Graphics,16,512,SSD,14.0,1,9564,2657,13678665.0,425
New,Samsung Galaxy Book3,Samsung,Galaxy Book,Intel Core i7-1355U,Intel Iris Xe Graphics,16,512,SSD,15.6,0,14369,2657,19288665.0,426
New,ASUS VivoBook F1605PA-MB090W,Asus,VivoBook,Intel Core i7-11370H,Intel Iris Xe Graphics,16,512,SSD,16.0,0,11646,2657,12688500.0,427
New,Lenovo V15 Gen 2 ALC,Lenovo,V15,AMD Ryzen 3 5300U,AMD Radeon Graphics,8,512,SSD,15.6,0,9612,478,6583500.0,428
New,Lenovo IdeaPad Gaming 3 15ACH6,Lenovo,IdeaPad,AMD Ryzen 7 5800H,RTX 3060,16,1000,SSD,15.6,0,20856,20376,20938500.0,429
Refurbished,Acer Nitro 5 AN515-58-591S,Acer,Nitro,Intel Core i5-12500H,RTX 3060,16,1000,SSD,15.6,0,20660,20376,14538645.0,430
New,LG Gram 15ZD90R-G.AX75B,LG,Gram,Intel Evo Core i7-1360P,Intel Iris Xe Graphics,16,512,SSD,15.0,0,18760,2657,25558500.0,431
New,HP Victus 16-e1015ns,HP,Victus,AMD Ryzen 7 6800H,RTX 3050,16,512,SSD,16.1,0,23136,12578,26878500.0,432
New,Samsung Galaxy Book3,Samsung,Galaxy Book,Intel Core i5-1335U,Intel Iris Xe Graphics,8,512,SSD,15.6,0,14372,2657,15262170.0,433
New,LG Gram 17Z90P,LG,Gram,Intel Evo Core i7-1165G7,Intel Iris Xe Graphics,32,512,SSD,17.0,0,1034,2657,38941320.0,434
New,HP Pavilion 14-dv2012ns,HP,Pavilion,Intel Core i7-1255U,Intel Iris Xe Graphics,16,1000,SSD,14.0,0,13289,2657,23248665.0,435
New,Dell Vostro 5625,Dell,Vostro,AMD Ryzen 5 5625U,AMD Radeon Graphics,8,256,SSD,16.0,0,14837,478,13678500.0,436
New,HP Pavilion Plus 14-eh0006ns,HP,Pavilion,Intel Core i7-12700H,Intel Iris Xe Graphics,16,1000,SSD,14.0,0,25766,2657,26878500.0,437
New,MSI Stealth 17 Studio A13VH-031ES,MSI,Stealth,Intel Core i7-13700H,RTX 4080,32,1000,SSD,17.3,0,26456,34435,59383500.0,438
New,ASUS ROG Strix SCAR 17 2023 G733PZ-LL002,Asus,ROG,AMD Ryzen 9 7945HX,RTX 4080,32,1000,SSD,17.3,0,54683,34435,49483665.0,439
New,ASUS Vivobook 14 F1400EA-EK1543W,Asus,VivoBook,Intel Core i3-1115G4,Intel UHD Graphics,8,256,SSD,14.0,0,5934,1495,9058500.0,440
New,ASUS VivoBook Pro 16X OLED N7600ZE-L2109,Asus,VivoBook,Intel Core i7-12700H,RTX 3050,32,512,SSD,16.0,0,25766,12578,34468500.0,441
New,Apple Macbook Air,Apple,MacBook Air,Apple M2 8 Core 3500 MHz,Apple M2 GPU,8,512,SSD,13.6,0,15648,19388,30838500.0,442
New,Dell Vostro 3510,Dell,Vostro,Intel Core i5-1135G7,Intel Iris Xe Graphics,8,512,SSD,15.6,0,9564,2657,12186075.0,443
New,MSI Katana GF66 12UE-1203XES,MSI,Katana,Intel Core i5-12450H,RTX 3060,16,512,SSD,15.6,0,16401,20376,22258500.0,444
New,Acer Predator Helios 300 PH315-55-79BN,Acer,Predator,Intel Core i7-12700H,RTX 3070,32,1000,SSD,15.6,0,25766,23392,39418500.0,445
New,ASUS Vivobook 17 F712EA-AU678W,Asus,VivoBook,Intel Core i5-1135G7,Intel Iris Xe Graphics,16,512,SSD,17.3,0,9564,2657,14668500.0,446
New,MSI Stealth 17 Studio A13VI-030ES,MSI,Stealth,Intel Core i7-13700H,RTX 4090,32,1000,SSD,17.3,0,26456,38262,63009705.0,447
New,Apple Macbook Air 2023,Apple,MacBook Air,Apple M2 8 Core 3500 MHz,Apple M2 GPU,8,512,SSD,15.3,0,15648,19388,30178500.0,448
New,Gigabyte AORUS 5 SE4-73ES214SD,Gigabyte,Aorus,Intel Core i7-12700H,RTX 3070,16,1000,SSD,15.6,0,25766,23392,32158665.0,449
New,Primux ioxbook 15R5C,Primux,Ioxbook,AMD Ryzen 5 3450U,AMD Radeon Vega 8 Graphics,8,512,SSD,15.6,0,6699,3159,5590365.0,450
New,ASUS VivoBook 13 Slate OLED T3300KA-LQ069W,Asus,VivoBook,Intel Pentium Silver N6000,Intel UHD Graphics,8,128,SSD,13.3,1,2997,1495,12806310.0,451
New,Lenovo IdeaPad Flex 5 14ITL05,Lenovo,IdeaPad,Intel Core i7-1165G7,Intel Iris Xe Graphics,16,512,SSD,14.0,1,10011,2657,16153500.0,452
New,Apple Macbook Air,Apple,MacBook Air,Apple M2 8 Core 3500 MHz,Apple M2 GPU,16,512,SSD,13.6,0,15648,19388,32488665.0,453
New,Acer Nitro 5 AN517-55-78S2,Acer,Nitro,Intel Core i7-12700H,RTX 3050,16,512,SSD,17.3,0,25766,12578,25393500.0,454
New,ASUS Chromebook CX1400CNA-EK0238,Asus,Chromebook,Intel Celeron N3350,Intel HD Graphics 500,4,32,eMMC,14.0,0,1110,1718,4933500.0,455
New,Alurin Flex Advance,Alurin,Flex Advance,AMD Ryzen 5 5500U,AMD Radeon Graphics,8,500,SSD,15.6,0,12868,478,7573500.0,456
New,Lenovo V15 IGL,Lenovo,V15,Intel Celeron N4020,Intel UHD Graphics 600,8,256,SSD,15.6,0,1546,317,5321085.0,457
New,MSI Summit E13 Flip Evo A13MT-087ES,MSI,Summit,Intel Evo Core i7-1360P,Intel Iris Xe Graphics,32,1000,SSD,13.4,1,18760,2657,31333500.0,458
New,Acer Extensa 15 EX215-54,Acer,Extensa,Intel Core i3-1115G4,Intel UHD Graphics,8,256,SSD,15.6,0,5934,1495,6830835.0,459
New,Acer Predator Triton 500 SE PT516-51s-79HF,Acer,Predator,Intel Core i7-11800H,RTX 3060,16,1000,SSD,16.0,0,20086,20376,31828665.0,460
New,Lenovo IdeaPad 3 15ALC6-913,Lenovo,IdeaPad,AMD Ryzen 7 5700U,AMD Radeon Graphics,8,512,SSD,15.6,0,15676,478,12061005.0,461
New,MSI Creator M16 B13UDX-686ES,MSI,Creator,Intel Core i7-13700H,RTX 3050,16,1000,SSD,16.0,0,26456,12578,28033665.0,462
New,MSI Creator M16 B13VE-683ES,MSI,Creator,Intel Core i7-13700H,RTX 4050,16,1000,SSD,16.0,0,26456,14435,31333665.0,463
New,MSI Raider GE68 HX 13VG-043ES,MSI,Raider,Intel Core i7-13700HX,RTX 4070,32,1000,SSD,16.0,0,32855,31754,42543270.0,464
New,Medion Erazer Crawler E40,Medion,Erazer,Intel Core i5-13420H,RTX 4050,16,1000,SSD,15.6,0,17592,14435,18463665.0,465
New,Medion Erazer Defender P40,Medion,Erazer,Intel Core i7-13700HX,RTX 4060,16,1000,SSD,17.3,0,32855,22749,26878500.0,466
New,HP OMEN 16-k0023ns,HP,Omen,Intel Core i9-12900H,RTX 3070,32,1000,SSD,16.1,0,27500,23392,39583665.0,467
New,MSI Summit E13 Flip Evo A13MT-229ES,MSI,Summit,Intel Evo Core i7-1360P,Intel Iris Xe Graphics,16,512,SSD,13.4,1,18760,2657,28198500.0,468
New,HP OMEN 17-ck1002ns,HP,Omen,Intel Core i7-12700H,RTX 3060,32,1000,SSD,17.3,0,25766,20376,29683500.0,469
New,Lenovo IdeaPad 3 15ITL6,Lenovo,IdeaPad,Intel Core i5-1135G7,Intel Iris Xe Graphics,16,512,SSD,15.6,0,9564,2657,12028500.0,470
New,MSI Raider GE68HX 13VF-044ES,MSI,Raider,Intel Core i9-13950HX,RTX 4060,32,1000,SSD,16.0,0,41877,22749,47833500.0,471
New,MSI Stealth 16 Studio A13VF-039XES,MSI,Stealth,Intel Core i7-13700H,RTX 4060,32,1000,SSD,16.0,0,26456,22749,33986040.0,472
New,MSI Stealth 16 Studio A13VF-037ES,MSI,Stealth,Intel Core i7-13700H,RTX 4060,32,1000,SSD,16.0,0,26456,22749,40573665.0,473
New,ASUS TUF Dash F15 FX517ZR-HN081,Asus,TUF,Intel Core i7-12650H,RTX 3070,32,1000,SSD,15.6,0,22065,23392,31168500.0,474
New,MSI Stealth 16 Studio A13VF-041XES,MSI,Stealth,Intel Core i7-13700H,RTX 4060,16,1000,SSD,16.0,0,26456,22749,37108500.0,475
New,HP Victus 15-fa0023np,HP,Victus,Intel Core i5-12450H,RTX 3050,16,512,SSD,15.6,0,16401,12578,17324835.0,476
New,ASUS ROG Strix Scar 16 2023 G634JZ-N4004,Asus,ROG,Intel Core i9-13980HX,RTX 4080,32,1000,SSD,16.0,0,46648,34435,51133500.0,477
New,Prixton Flex Pro,Prixton,Flex,Intel Celeron N4020,Intel UHD Graphics 600,4,64,eMMC,11.6,1,1546,317,5444175.0,478
New,MSI Titan GT77 HX 13VI-006ES,MSI,Titan,Intel Core i9-13980HX,RTX 4090,128,2000,SSD,17.3,0,46648,38262,98983500.0,479
New,Alurin Go,Alurin,Go,Intel Pentium N4200,Intel HD Graphics 505,8,128,SSD,14.1,0,2169,1718,6352500.0,480
New,LG Gram 17Z95P,LG,Gram,Intel Evo Core i7-1195G7,Intel Iris Xe Graphics,16,512,SSD,17.0,0,1034,2657,29683500.0,481
New,ASUS ROG Flow X16 2023 GV601VI-NL017W,Asus,ROG,Intel Core i9-13900H,RTX 4070,32,1000,SSD,16.0,1,27858,31754,49483500.0,482
New,Samsung Galaxy Book3 Pro 360,Samsung,Galaxy Book,Intel Evo Core i7-1360P,Intel Iris Xe Graphics,16,512,SSD,16.0,1,18760,2657,34468500.0,483
New,Alurin Flex Advance,Alurin,Flex Advance,Intel Core i7-1255U,Intel Iris Xe Graphics,16,500,SSD,15.6,0,13289,2657,12193500.0,484
New,HP Envy 16-h0005ns,HP,Envy,Intel Core i7-12700H,RTX 3060,16,1000,SSD,16.0,0,25766,20376,32983500.0,485
New,MSI Stealth 16 Studio A13VG-034ES,MSI,Stealth,Intel Core i7-13700H,RTX 4070,32,1000,SSD,16.0,0,26456,31754,45358500.0,486
New,Acer Swift X SFX14-41G-R477,Acer,Swift,AMD Ryzen 7 5700U,RTX 3050,16,1000,SSD,14.0,0,15676,12578,24304665.0,487
New,MSI Creator Z16 HX Studio B13VFTO-045ES,MSI,Creator,Intel Core i9-13950HX,RTX 4060,32,1000,SSD,16.0,1,41877,22749,47833500.0,488
New,Samsung Galaxy Book3 360,Samsung,Galaxy Book,Intel Evo Core i5-1340P,Intel Iris Xe Graphics,16,512,SSD,13.3,1,18784,2657,24568500.0,489
New,ASUS VivoBook 15 F1502ZA-EJ1033W,Asus,VivoBook,Intel Core i5-1235U,Intel Iris Xe Graphics,16,512,SSD,15.6,0,12993,2657,10163505.0,490
New,Gigabyte AERO 14 OLED BMF-72ESBB4SH,Gigabyte,Aero,Intel Core i7-13700H,RTX 4050,16,1000,SSD,14.0,0,26456,14435,32488665.0,491
New,MSI Creator Z16 HX Studio B13VGTO-033ES,MSI,Creator,Intel Core i7-13700HX,RTX 4070,32,1000,SSD,16.0,1,32855,31754,48658500.0,492
New,MSI Stealth 14 Studio A13VF-050ES,MSI,Stealth,Intel Core i7-13700H,RTX 4060,16,1000,SSD,14.0,0,26456,22749,38758665.0,493
Refurbished,Apple MacBook Pro,Apple,MacBook Pro,Intel Core i5-8257U,Intel Iris Plus Graphics 645,8,256,SSD,13.0,0,7443,6864,10465125.0,494
New,ASUS ZenBook Pro Duo 15 OLED UX582ZM-H2030W,Asus,ZenBook,Intel Core i7-12700H,RTX 3060,32,1000,SSD,15.6,1,25766,20376,46183500.0,495
New,ASUS ROG Zephyrus Duo 16 2023 GX650PY-NM003W,Asus,ROG,AMD Ryzen 9 7945HX,RTX 4090,64,2000,SSD,16.0,0,54683,38262,85123500.0,496
New,Gigabyte AERO 17 XE5-73ES738HP,Gigabyte,Aero,Intel Core i7-12700H,RTX 3070,16,2000,SSD,17.3,0,25766,23392,49483500.0,497
New,Microsoft Surface GO 3,Microsoft,Surface Go,Intel Pentium Gold 6500Y,Intel UHD Graphics 617,8,128,SSD,10.5,1,3027,855,9883665.0,498
New,HP Victus 15-fa1002ns,HP,Victus,Intel Core i7-13700H,RTX 4050,16,512,SSD,15.6,0,26456,14435,21433665.0,499
New,MSI Prestige 16 A12UD-221XES,MSI,Prestige,Intel Core i7-1280P,RTX 3050,16,1000,SSD,16.0,0,20311,12578,31168500.0,500
New,Apple MacBook Pro,Apple,MacBook Pro,Apple M2 Max 12 Core 3680 MHz,Apple M2 Max GPU,32,1000,SSD,16.2,0,26767,13609,62683500.0,501
New,Apple MacBook Pro,Apple,MacBook Pro,Apple M2 Max 12 Core 3680 MHz,Apple M2 Max GPU,32,1000,SSD,14.2,0,26767,13609,55753665.0,502
New,Apple MacBook Air,Apple,MacBook Air,Apple M1 8 Core 3200 MHz,Apple M1 GPU,8,512,SSD,13.3,0,14145,19388,22258500.0,503
Refurbished,HP EliteBook 840 G3,HP,EliteBook,Intel Core i5-6200U,Intel HD Graphics 520,16,256,SSD,14.0,0,2994,1718,4812885.0,504
New,Gigabyte AERO 16 OLED BSF-73ES994SO,Gigabyte,Aero,Intel Core i7-13700H,RTX 4070,16,1000,SSD,16.0,0,26456,31754,38098665.0,505
New,Primux ioxbook 1406F,Primux,Ioxbook,Intel Celeron N4000,Intel UHD Graphics 600,4,128,SSD,14.0,0,1430,317,3448335.0,506
New,Lenovo IdeaPad 3 15ALC6,Lenovo,IdeaPad,AMD Ryzen 5 5500U,AMD Radeon Graphics,16,512,SSD,15.6,0,12868,478,11368665.0,507
New,Apple Macbook Pro,Apple,MacBook Pro,Apple M2 8 Core 3500 MHz,Apple M2 GPU,8,512,SSD,13.3,0,15648,19388,30508500.0,508
New,ASUS VivoBook 16X M1603QA-MB155,Asus,VivoBook,AMD Ryzen 5 5600H,AMD Radeon Graphics,8,512,SSD,16.0,0,16751,478,7224855.0,509
New,Lenovo V15 G2,Lenovo,V15,Intel Core i3-1115G4,Intel UHD Graphics,8,256,SSD,15.6,0,5934,1495,7309665.0,510
New,Apple MacBook Pro,Apple,MacBook Pro,Apple M2 Pro 12 Core 3480 MHz,Apple M2 Pro GPU,16,1000,SSD,14.2,0,26649,17789,45028665.0,511
New,Acer Aspire 3 A315-43-R4VC,Acer,Aspire,AMD Ryzen 5 5500U,AMD Radeon Graphics,8,512,SSD,15.6,0,12868,478,13513500.0,512
New,MSI Creator Z16 HX Studio B13VFTO-046ES,MSI,Creator,Intel Core i7-13700HX,RTX 4060,16,1000,SSD,16.0,1,32855,22749,43708500.0,513
New,MSI Stealth 14 Studio A13VE-052XES,MSI,Stealth,Intel Core i7-13700H,RTX 4050,16,1000,SSD,14.0,0,26456,14435,32818665.0,514
New,MSI Summit E14 FlipEvo A12MT-056ES,MSI,Summit,Intel Core i7-1280P,Intel Iris Xe Graphics,16,1000,SSD,14.0,1,20311,2657,28872030.0,515
New,Microsoft Surface Laptop 5 Negro,Microsoft,Surface Laptop,Intel Evo Core i5-1235U,Intel Iris Xe Graphics,8,512,SSD,13.5,1,12993,2657,23413500.0,516
New,PcCom Revolt 3060,PcCom,Revolt,Intel Core i7-12700H,RTX 3060,32,500,SSD,15.6,0,25766,20376,28033500.0,517
New,Lenovo V15 G3 ABA,Lenovo,V15,AMD Ryzen 7 5825U,AMD Radeon Graphics,16,512,SSD,15.6,0,18219,478,10229835.0,518
New,MSI Summit E14 Flip Evo A13MT-227ES,MSI,Summit,Intel Evo Core i7-1360P,Intel Iris Xe Graphics,16,1000,SSD,14.0,1,18760,2657,27868500.0,519
New,HP 255 G9,HP,255,AMD Ryzen 3 5425U,AMD Radeon Graphics,8,256,SSD,15.6,0,11185,478,6369825.0,520
New,Prixton Netbook Pro,Prixton,Netbook Pro,Intel Celeron N4020,Intel UHD Graphics 600,4,64,eMMC,14.1,0,1546,317,4949010.0,521
New,HP 15S-EQ2132NS,HP,15S,AMD Ryzen 3 5300U,AMD Radeon Graphics,8,512,SSD,15.6,0,9612,478,6864000.0,522
New,Lenovo V15 G2 ALC,Lenovo,V15,AMD Ryzen 5 5500U,AMD Radeon Graphics,8,256,SSD,15.6,0,12868,478,8728500.0,523
New,Microsoft Surface Laptop Go 2,Microsoft,Surface Laptop,Intel Core i5-1135G7,Intel Iris Xe Graphics,8,128,SSD,12.4,1,9564,2657,12688500.0,524
New,ASUS ROG Zephyrus G14 2023 GA402XV-N2041,Asus,ROG,AMD Ryzen 9 7940HS,RTX 4060,32,1000,SSD,14.0,0,30132,22749,37933500.0,525
New,ASUS ROG Flow X13 2023 GV302XV-MU006W,Asus,ROG,AMD Ryzen 9 7940HS,RTX 4060,16,1000,SSD,13.4,1,30132,22749,32983500.0,526
New,MSI Raider GE78HX 13VH-066XES,MSI,Raider,Intel Core i7-13700HX,RTX 4080,32,1000,SSD,17.0,0,32855,34435,61033500.0,527
New,Alurin Flex Advance,Alurin,Flex Advance,Intel Core i5-1155G7,Intel Iris Xe Graphics,8,500,SSD,15.6,0,9814,2657,9900000.0,528
New,HP 250 G9,HP,250,Intel Core i5-1235U,Intel Iris Xe Graphics,16,512,SSD,15.6,0,12993,2657,10048665.0,529
New,HP ChromeBook 14b-na0013ns,HP,Chromebook,AMD Athlon Silver 3050C,AMD Radeon Graphics,4,64,eMMC,14.0,0,2879,478,6913500.0,530
New,Gigabyte AORUS 15X ASF-B3ES754SH,Gigabyte,Aorus,Intel Core i9-13900HX,RTX 4070,16,1000,SSD,15.6,0,43218,31754,35953500.0,531
New,Microsoft Surface Pro 9 Grafito,Microsoft,Surface Pro,Intel Evo Core i7-1255U,Intel Iris Xe Graphics,16,256,SSD,13.0,1,13289,2657,30673500.0,532
New,Apple MacBook Pro,Apple,MacBook Pro,Apple M2 Pro 10 Core 3480 MHz,Apple M2 Pro GPU,32,512,SSD,14.2,0,21851,17789,44863500.0,533
New,MSI Modern 15 B12M-025XES,MSI,Modern,Intel Core i5-1235U,Intel Iris Xe Graphics,8,512,SSD,15.6,0,12993,2657,13183500.0,534
New,MSI Stealth 14 Studio A13VF-049XES,MSI,Stealth,Intel Core i7-13700H,RTX 4060,16,1000,SSD,14.0,0,26456,22749,35623500.0,535
New,ASUS M515UA-R75BLHDSS1,Asus,M515UA,AMD Ryzen 7 5700U,AMD Radeon Graphics,8,512,SSD,15.6,0,15676,478,11282865.0,536
New,MSI Creator M16 B13UDX-684XES,MSI,Creator,Intel Core i7-13700H,RTX 3050,32,1000,SSD,16.0,0,26456,12578,28033665.0,537
New,ASUS ROG Flow Z13 2023 GZ301VU-MU006W,Asus,ROG,Intel Core i9-13900H,RTX 4050,16,1000,SSD,13.4,1,27858,14435,34633500.0,538
New,Apple MacBook Pro,Apple,MacBook Pro,Apple M2 Pro 10 Core 3480 MHz,Apple M2 Pro GPU,32,1000,SSD,14.2,0,21851,17789,48493665.0,539
New,MSI Summit E16 Flip A13VET-084XES,MSI,Summit,Intel Core i7-1360P,RTX 4050,32,1000,SSD,16.0,1,18760,14435,34633500.0,540
New,HP Notebook 14S-dq0009ns,HP,Notebook,Intel Celeron N4020,Intel UHD Graphics 600,4,64,eMMC,14.0,0,1546,317,5428500.0,541
New,Asus M515UA-EJ374,Asus,M515UA,AMD Ryzen 5 5500U,AMD Radeon Graphics,8,512,SSD,15.6,0,12868,478,6649335.0,542
New,Lenovo V15 G2 ITL,Lenovo,V15,Intel Core i5-1135G7,Intel Iris Xe Graphics,8,256,SSD,15.6,0,9564,2657,7611780.0,543
Refurbished,Lenovo ThinkPad T480,Lenovo,ThinkPad,Intel Core i5-8350U,Intel UHD Graphics 620,16,256,SSD,14.0,0,6144,1042,9471000.0,544
New,ASUS ROG Strix Scar 16 2023 G634JZ-NM010W,Asus,ROG,Intel Core i9-13980HX,RTX 4080,32,2000,SSD,16.0,0,46648,34435,57733665.0,545
New,Microsoft Surface Laptop 5 Alcántara,Microsoft,Surface Laptop,Intel Evo Core i5-1235U,Intel Iris Xe Graphics,8,512,SSD,13.5,1,12993,2657,23413500.0,546
New,Microsoft Surface Pro 9 Zafiro,Microsoft,Surface Pro,Intel Evo Core i5-1235U,Intel Iris Xe Graphics,8,256,SSD,13.0,1,12993,2657,21433500.0,547
New,LG Gram 17ZD90R-G.AX75B,LG,Gram,Intel Evo Core i7-1360P,Intel Iris Xe Graphics,16,512,SSD,17.0,0,18760,2657,28033500.0,548
New,HP 470 G9,HP,470,Intel Core i7-1255U,MX550,16,512,SSD,17.3,0,13289,4545,21450000.0,549
New,ASUS F1500EA-BQ3072,Asus,VivoBook,Intel Core i3-1115G4,Intel UHD Graphics,8,512,SSD,15.6,0,5934,1495,6138000.0,550
New,Razer Blade 16 Doble Resolución UHD+/FHD+,Razer,Blade,Intel Core i9-13950HX,RTX 4090,32,2000,SSD,16.0,0,41877,38262,82483665.0,551
New,Asus Rog Strix G15 G513QR-HF118,Asus,ROG,AMD Ryzen 7 5800H,RTX 3070,32,1000,SSD,15.6,0,20856,23392,34303665.0,552
New,Dell Vostro 3520,Dell,Vostro,Intel Core i7-1255U,Intel Iris Xe Graphics,16,512,SSD,15.6,0,13289,2657,16463535.0,553
New,LG Gram 14ZB90Q,LG,Gram,Intel Core i5-1240P,Intel Iris Xe Graphics,16,512,SSD,14.0,0,16671,2657,18958500.0,554
New,Primux Ioxbook 15CA,Primux,Ioxbook,Intel Celeron N4000,Intel UHD Graphics 600,8,256,SSD,15.6,0,1430,317,3778500.0,555
New,HP 15S-FQ2173NS,HP,15S,Intel Core i3-1115G4,Intel UHD Graphics,8,256,SSD,15.6,0,5934,1495,9113445.0,556
New,Apple MacBook Pro,Apple,MacBook Pro,Apple M2 Pro 12 Core 3480 MHz,Apple M2 Pro GPU,16,512,SSD,16.2,0,26649,17789,45028665.0,557
New,Microsoft Surface Pro 9 Grafito,Microsoft,Surface Pro,Intel Evo Core i5-1235U,Intel Iris Xe Graphics,8,256,SSD,13.0,1,12993,2657,21433500.0,558
New,Alurin Go,Alurin,Go,Intel Pentium N4200,Intel HD Graphics 505,8,256,SSD,14.1,0,2169,1718,5443515.0,559
New,HP Spectre x360 14-ef0003ns,HP,Spectre,Intel Evo Core i7-1255U,Intel Iris Xe Graphics,16,1000,SSD,13.5,1,13289,2657,28033665.0,560
New,LG Gram 15Z90R-G.AD78B,LG,Gram,Intel Evo Core i7-1360P,Intel Iris Xe Graphics,32,1000,SSD,15.0,0,18760,2657,31828665.0,561
New,Samsung Galaxy Book3 Pro,Samsung,Galaxy Book,Intel Evo Core i7-1360P,Intel Iris Xe Graphics,16,512,SSD,16.0,0,18760,2657,32174835.0,562
New,Lenovo ThinkPad L15 Gen 3,Lenovo,ThinkPad,Intel Core i5-1235U,Intel Iris Xe Graphics,8,256,SSD,15.6,0,12993,2657,19387335.0,563
New,Lenovo IdeaPad Gaming 3 15ACH6-302,Lenovo,IdeaPad,AMD Ryzen 5 5600H,GTX 1650,8,256,SSD,15.6,0,16751,10181,13762815.0,564
New,Alurin Flex,Alurin,Flex,Intel Core i3-10110U,Intel UHD Graphics,8,128,SSD,14.0,0,3866,1495,6583500.0,565
New,Medion Akoya E15301 MD62123,Medion,Akoya,AMD Ryzen 3 3200U,AMD Radeon Vega 3 Graphics,8,256,SSD,15.6,0,3751,3159,8728500.0,566
New,Microsoft Surface Laptop 4 Platino,Microsoft,Surface Laptop,AMD Ryzen 7 4980U,AMD Radeon Graphics,8,256,SSD,15.0,1,17469,478,23908500.0,567
New,Razer Blade 16 QHD+,Razer,Blade,Intel Core i9-13950HX,RTX 4060,16,1000,SSD,16.0,0,41877,22749,51133500.0,568
New,Razer Blade 16 QHD+,Razer,Blade,Intel Core i9-13950HX,RTX 4070,16,1000,SSD,16.0,0,41877,31754,57733665.0,569
New,Alurin Flex Advance,Alurin,Alurin,AMD Ryzen 5 5500U,AMD Radeon Graphics,8,256,SSD,15.6,0,12868,478,8233500.0,570
New,Alurin Flex Advance,Alurin,Flex Advance,AMD Ryzen 5 5500U,AMD Radeon Graphics,8,500,SSD,15.6,0,12868,478,9223500.0,571
New,Razer Blade 16 Dual UHD+FHD+,Razer,Blade,Intel Core i9-13950HX,RTX 4070,32,1000,SSD,16.0,0,41877,31754,62699835.0,572
New,ASUS ZenBook 14 OLED UX3402VA-KM005W,Asus,ZenBook,Intel Evo Core i7-1360P,Intel Iris Xe Graphics,16,512,SSD,14.0,0,18760,2657,20773665.0,573
New,Alurin Flex Advance,Alurin,Flex Advance,Intel Core i5-1155G7,Intel Iris Xe Graphics,8,256,SSD,15.6,0,9814,2657,7260000.0,574
New,Apple Macbook Air 2023,Apple,MacBook Air,Apple M2 8 Core 3500 MHz,Apple M2 GPU,8,256,SSD,15.3,0,15648,19388,26383500.0,575
New,HP 250 G9,HP,250,Intel Core i3-1215U,Intel UHD Graphics,8,512,SSD,15.6,0,10548,1495,6568650.0,576
Refurbished,ASUS ROG Strix G17 G713PV-HX058,Asus,ROG,AMD Ryzen 9 7845HX,RTX 4060,32,1000,SSD,17.3,0,45221,22749,34633500.0,577
New,HP 15s-fq4106ns,HP,15S,Intel Core i5-1155G7,Intel Iris Xe Graphics,8,256,SSD,15.6,0,9814,2657,7496445.0,578
New,HP 15S-FQ4059NS,HP,15S,Intel Core i5-1155G7,Intel Iris Xe Graphics,8,512,SSD,15.6,0,9814,2657,8164365.0,579
New,Alurin Flex Advance,Alurin,Flex Advance,AMD Ryzen 5 5500U,AMD Radeon Graphics,8,256,SSD,15.6,0,12868,478,6583500.0,580
New,ASUS TUF Gaming F15 Fx506lhb-hn359,Asus,TUF,Intel Core i5-10300H,GTX 1650,16,512,SSD,15.6,0,8283,10181,11863665.0,581
New,Alurin Flex Advance,Alurin,Alurin,Intel Core i7-1255U,Intel Iris Xe Graphics,8,500,SSD,15.6,0,13289,2657,14338500.0,582
New,HP 250 G9,HP,250,Intel Core i7-1255U,Intel Iris Xe Graphics,16,512,SSD,15.6,0,13289,2657,13596000.0,583
New,Apple MacBook Pro,Apple,MacBook Pro,Apple M2 Pro 12 Core 3480 MHz,Apple M2 Pro GPU,32,1000,SSD,16.2,0,26649,17789,57733665.0,584
New,Lenovo V15 G2,Lenovo,V15,Intel Core i3-1115G4,Intel UHD Graphics,8,256,SSD,15.6,0,5934,1495,8183835.0,585
New,MSI Raider GE78HX 13VG-040ES,MSI,Raider,Intel Core i7-13700HX,RTX 4070,32,1000,SSD,17.0,0,32855,31754,49483500.0,586
New,Lenovo ThinkBook 15p,Lenovo,ThinkBook,Intel Core i7-10750H,GTX 1650,16,1000,SSD,15.6,0,11662,10181,20113500.0,587
New,Lenovo ThinkPad E15 Gen 4,Lenovo,ThinkPad,Intel Core i7-1255U,Intel Iris Xe Graphics,16,512,SSD,15.6,0,13289,2657,23017500.0,588
New,ASUS ExpertBook B1 B1502CBA-EJ0425,Asus,ExpertBook,Intel Core i5-1235U,Intel Iris Xe Graphics,16,512,SSD,15.6,0,12993,2657,11467500.0,589
New,MSI Creator Z16 HX Studio B13VFTO-027ES,MSI,Creator,Intel Core i9-13950HX,RTX 4060,64,2000,SSD,16.0,1,41877,22749,50511615.0,590
New,HP 250 G9,HP,250,Intel Core i3-1215U,Intel UHD Graphics,8,512,SSD,15.6,0,10548,1495,7474500.0,591
New,Acer Chromebook 317,Acer,Chromebook,Intel Celeron N4500,Intel UHD Graphics,8,128,eMMC,17.3,0,1882,1495,8233500.0,592
New,Dynabook Toshiba Satellite Pro C50-G-10F,Dynabook Toshiba,Satellite Pro,Intel Core i7-10510U,Intel UHD Graphics,8,256,SSD,15.6,0,6492,1495,11533500.0,593
New,HP 15S-FQ2160NS,HP,15S,Intel Core i3-1115G4,Intel UHD Graphics,8,256,SSD,15.6,0,5934,1495,6494235.0,594
New,Dell XPS 13 9315,Dell,XPS,Intel Core i5-1230U,Intel Iris Xe Graphics,16,512,SSD,13.4,0,10809,2657,34043790.0,595
New,HP OMEN 17-ck2001ns,HP,Omen,Intel Core i7-13700HX,RTX 4080,32,1000,SSD,17.3,0,32855,34435,49483665.0,596
New,Lenovo Legion Pro 7 16IRX8,Lenovo,Legion,Intel Core i9-13900HX,RTX 4070,32,1000,SSD,16.0,0,43218,31754,44368665.0,597
New,Acer ConceptD 3 CN316-73G-74FZ,Acer,ConceptD,Intel Core i7-11800H,GTX 1650,16,512,SSD,16.0,0,20086,10181,29683500.0,598
New,Lenovo V15 G3 IAP,Lenovo,V15,Intel Core i5-1235U,Intel Iris Xe Graphics,8,512,SSD,15.6,0,12993,2657,9568350.0,599
New,Acer Predator Helios 300 PH317-55,Acer,Predator,Intel Core i7-11800H,RTX 3060,16,1000,SSD,17.3,0,20086,20376,29683500.0,600
New,ASUS F515EA-BQ1625W,Asus,F515,Intel Core i3-1115G4,Intel UHD Graphics,8,256,SSD,15.6,0,5934,1495,6732000.0,601
New,Acer Chromebook 516 GE CBG516-1H-72EW,Acer,Chromebook,Intel Core i7-1260P,Intel Iris Xe Graphics,16,256,SSD,16.0,0,16814,2657,18793665.0,602
New,Acer Nitro 5 AN515-45-R5ZJ,Acer,Nitro,AMD Ryzen 9 5900HX,RTX 3080,16,1000,SSD,15.6,0,22369,26922,39583665.0,603
New,Dell Latitude 9510,Dell,Latitude,Intel Core i5-10210U,Intel UHD Graphics,8,256,SSD,15.0,0,6136,1495,26383500.0,604
New,Lenovo IdeaPad IP 5 Chrome 16IAU7,Lenovo,IdeaPad,Intel Core i5-1235U,Intel Iris Xe Graphics,8,512,SSD,16.0,0,12993,2657,21027105.0,605
New,Lenovo Legion 5 15ACH6-276 Ryzen 7 5800H,Lenovo,Legion,AMD Ryzen 7 5800H,RTX 3060,16,1000,SSD,15.6,0,20856,20376,25635720.0,606
New,MSI Creator Pro M16 B13VI-1023ES,MSI,Creator,Intel Core i7-13700H,RTX A1000,16,1000,SSD,16.0,0,26456,10607,32673300.0,607
New,MSI Creator Pro M16 B13VI-1024XES,MSI,Creator,Intel Core i7-13700H,RTX A1000,16,1000,SSD,16.0,0,26456,10607,29245095.0,608
New,MSI Creator Pro M16 B13VK-1021ES,MSI,Creator,Intel Core i7-13700H,RTX 3000 Ada Generation,32,1000,SSD,16.0,0,26456,15870,44672760.0,609
New,MSI Katana 17 B13VFK-087ES,MSI,Katana,Intel Core i7-13620H,RTX 4060,16,1000,SSD,17.3,0,24272,22749,32983500.0,610
New,ASUS ExpertBook B3 Flip B3402FEA-EC0765X,Asus,ExpertBook,Intel Core i5-1135G7,Intel Iris Xe Graphics,8,256,SSD,14.0,1,9564,2657,13843500.0,611
New,ASUS P1412CEA-EK1154X,Asus,ExpertBook,Intel Core i5-1135G7,Intel Iris Xe Graphics,16,512,SSD,14.0,0,9564,2657,10727145.0,612
New,Microsoft Surface Pro 9 Grafito,Microsoft,Surface Pro,Intel Evo Core i7-1255U,Intel Iris Xe Graphics,16,512,SSD,13.0,1,13289,2657,36118500.0,613
New,Microsoft Surface Laptop Studio,Microsoft,Surface Laptop,Intel Core i5-11300H,Intel Iris Xe Graphics,16,256,SSD,14.4,1,10849,2657,28033665.0,614
New,ASUS ExpertBook B1 B1502CBA-EJ0439,Asus,ExpertBook,Intel Core i7-1255U,Intel Iris Xe Graphics,16,512,SSD,15.6,0,13289,2657,13200000.0,615
Refurbished,HP EliteBook 850 G4,HP,EliteBook,Intel Core i5-7300U,Intel HD Graphics 620,8,256,SSD,15.6,0,3640,921,11137500.0,616
New,MSI Creator M16 A12UC-090XES,MSI,Creator,Intel Core i7-12700H,RTX 3050,16,1000,SSD,16.0,0,25766,12578,24733500.0,617
New,HP 15S-EQ2051NS,HP,15S,AMD Ryzen 3 5300U,AMD Radeon Graphics,8,256,SSD,15.6,0,9612,478,7127835.0,618
New,HP ProBook 455 G10,HP,ProBook,AMD Ryzen 7 7730U,AMD Radeon Graphics,16,512,SSD,15.6,0,18183,478,14849835.0,619
New,ASUS E510MA-EJ1188W,Asus,E510,Intel Celeron N4020,Intel UHD Graphics 600,8,256,SSD,15.6,0,1546,317,5444835.0,620
New,Alurin Go,Alurin,Go,Intel Pentium N4200,Intel HD Graphics 505,8,256,SSD,14.1,0,2169,1718,6583500.0,621
New,HP ProBook 450 G9,HP,ProBook,Intel Core i7-1255U,Intel Iris Xe Graphics,16,1000,SSD,15.6,0,13289,2657,21648000.0,622
New,HP Victus 16-d1012np,HP,Victus,Intel Core i7-12700H,RTX 3050,8,512,SSD,16.1,0,25766,12578,21936915.0,623
New,Lenovo IdeaPad 3 15ITL6,Lenovo,IdeaPad,Intel Core i5-1135G7,Intel Iris Xe Graphics,8,512,SSD,15.6,0,9564,2657,9883500.0,624
New,Acer Extensa 15 EX215-54,Acer,Extensa,Intel Core i5-1135G7,Intel Iris Xe Graphics,8,256,SSD,15.6,0,9564,2657,8662335.0,625
New,MSI Modern 14 C12M-052ES,MSI,Modern,Intel Core i7-1255U,Intel Iris Xe Graphics,16,1000,SSD,14.0,0,13289,2657,18958500.0,626
Refurbished,Microsoft Surface Pro 6,Microsoft,Surface Pro,Intel Core i5-8250U,Intel UHD Graphics 620,8,256,SSD,12.3,1,5821,1042,22258500.0,627
New,MSI Creator Z16 HX Studio B13VGTO-032ES,MSI,Creator,Intel Core i9-13950HX,RTX 4070,64,1000,SSD,16.0,1,41877,31754,54268665.0,628
Refurbished,MSI Creator Z17 HX Studio A13VGT-041ES,MSI,Creator,Intel Core i9-13950HX,RTX 4070,64,2000,SSD,17.0,1,41877,31754,56017335.0,629
New,HP 250 G9,HP,250,Intel Core i7-1255U,Intel Iris Xe Graphics,16,512,SSD,15.6,0,13289,2657,12971310.0,630
New,ASUS Vivobook Pro 15 M6500QE,Asus,VivoBook,AMD Ryzen 7 5800H,RTX 3050,16,1000,SSD,15.6,0,20856,12578,24775575.0,631
New,Apple MacBook Pro,Apple,MacBook Pro,Apple M2 Pro 12 Core 3480 MHz,Apple M2 Pro GPU,16,1000,SSD,16.2,0,26649,17789,49483665.0,632
New,ASUS TUF GAMING A15 FA507NU-R77B46CS1,Asus,TUF,AMD Ryzen 7 7735HS,RTX 4060,16,512,SSD,15.6,0,23295,22749,24749340.0,633
Refurbished,Dell Latitude E5440,Dell,Latitude,Intel Core i5-4310U,Intel HD Graphics 4400,8,128,SSD,14.0,0,2532,921,6253500.0,634
Refurbished,Lenovo ThinkPad T470,Lenovo,ThinkPad,Intel Core i5-7300U,Intel HD Graphics 620,16,256,SSD,14.0,0,3640,921,9487500.0,635
New,Samsung Galaxy Book3 Pro,Samsung,Galaxy Book,Intel Evo Core i7-1360P,Intel Iris Xe Graphics,16,512,SSD,14.0,0,18760,2657,31168500.0,636
New,Lenovo Yoga Slim 7 Pro 14ARH7,Lenovo,Yoga,AMD Ryzen 5 6600HS,AMD Radeon Graphics,8,512,SSD,14.0,0,18141,478,16153500.0,637
New,LG Gram 17Z90R-E.AD75B,LG,Gram,Intel Evo Core i7-1360P,RTX 3050,32,512,SSD,17.0,0,18760,12578,39583500.0,638
Refurbished,HP EliteBook 840 G3,HP,EliteBook,Intel Core i5-6200U,Intel HD Graphics 520,8,256,SSD,14.0,0,2994,1718,3467310.0,639
New,ASUS ROG Strix G16 G614JI-N4007,Asus,ROG,Intel Core i9-13980HX,RTX 4070,32,1000,SSD,16.0,0,46648,31754,40573665.0,640
New,Lenovo V15 G2 ITL,Lenovo,V15,Intel Core i5-1135G7,Intel Iris Xe Graphics,8,512,SSD,15.6,0,9564,2657,8398500.0,641
New,Dynabook Toshiba Satellite Pro C50-J-12X,Dynabook Toshiba,Satellite Pro,Intel Core i3-1115G4,Intel UHD Graphics,8,256,SSD,15.6,0,5934,1495,11203500.0,642
Refurbished,ASUS ROG Strix G17 G713PI-HX004,Asus,ROG,AMD Ryzen 9 7945HX,RTX 4070,32,1000,SSD,17.3,0,54683,31754,41233500.0,643
New,Gigabyte AORUS 15 9KF-E3ES383SD,Gigabyte,Aorus,Intel Core i5-12500H,RTX 4060,8,512,SSD,15.6,0,20660,22749,17933025.0,644
New,Medion Erazer Beast X40,Medion,Beast,Intel Core i9-13900HX,RTX 4090,32,2000,SSD,17.0,0,43218,38262,62683500.0,645
New,MSI Prestige 16 A12UD-218ES,MSI,Prestige,Intel Core i7-1280P,RTX 3050,32,1000,SSD,16.0,0,20311,12578,31828665.0,646
Refurbished,Lenovo Legion 5 15ACH6-990,Lenovo,Legion,AMD Ryzen 7 5800H,RTX 3070,16,512,SSD,15.6,0,20856,23392,19474785.0,647
New,Alurin Flex Advance,Alurin,Flex Advance,Intel Core i5-1155G7,Intel Iris Xe Graphics,8,256,SSD,14.0,0,9814,2657,8910000.0,648
New,HP OMEN 17-ck0013ns,HP,Omen,Intel Core i7-11800H,RTX 3060,32,1000,SSD,17.3,0,20086,20376,28033665.0,649
New,Alurin Flex,Alurin,Flex,Intel Core i3-10110U,Intel UHD Graphics,8,256,SSD,14.0,0,3866,1495,7093350.0,650
New,Acer Aspire 3 A315-56-35X1,Acer,Aspire,Intel Core i3-1005G1,Intel UHD Graphics,8,256,SSD,15.6,0,4864,1495,6355800.0,651
New,Acer TravelMate P2 TMP215-53-58LP,Acer,TravelMate,Intel Core i5-1135G7,Intel Iris Xe Graphics,8,256,SSD,15.6,0,9564,2657,11962500.0,652
New,Acer Extensa 15 EX215-54-50GK,Acer,Extensa,Intel Core i5-1135G7,Intel Iris Xe Graphics,8,512,SSD,15.6,0,9564,2657,9718500.0,653
New,ASUS ExpertBook B1 B1502CBA-EJ0439W,Asus,ExpertBook,Intel Core i7-1255U,Intel Iris Xe Graphics,16,512,SSD,15.6,0,13289,2657,14602335.0,654
New,HP Chromebook x360 11 G3 Education Edition,HP,Chromebook,Intel Celeron N4020,Intel UHD Graphics 600,4,32,eMMC,11.6,1,1546,317,4662405.0,655
New,LG Gram 14Z90R-G.AD78B,LG,Gram,Intel Evo Core i7-1360P,Intel Iris Xe Graphics,32,1000,SSD,14.0,0,18760,2657,32983500.0,656
New,Acer Extensa 15 EX215-54-323B,Acer,Extensa,Intel Core i3-1115G4,Intel UHD Graphics,8,256,SSD,15.6,0,5934,1495,7111335.0,657
New,LG Gram 16Z90R-E.AD75B,LG,Gram,Intel Evo Core i7-1360P,RTX 3050,32,512,SSD,16.0,0,18760,12578,38758500.0,658
New,Microsoft Surface Laptop 5 Platino,Microsoft,Surface Laptop,Intel Evo Core i7-1255U,Intel Iris Xe Graphics,8,256,SSD,15.0,1,13289,2657,25228500.0,659
Refurbished,HP EliteBook 840 G5,HP,EliteBook,Intel Core i7-8550U,Intel UHD Graphics 620,16,512,SSD,14.0,0,5847,1042,9702000.0,660
New,Dynabook Toshiba Portégé X30L-K-108,Dynabook Toshiba,Portégé,Intel Core i7-1260P,Intel Iris Xe Graphics,16,512,SSD,13.3,0,16814,2657,29782665.0,661
Refurbished,Lenovo ThinkPad T440,Lenovo,ThinkPad,Intel Core i5-4300U,Intel HD Graphics 4400,8,256,SSD,14.0,0,2494,921,6583500.0,662
New,Dynabook Toshiba Tecra A50-J-1F8,Dynabook Toshiba,Tecra,Intel Core i5-1135G7,Intel Iris Xe Graphics,8,256,SSD,15.6,0,9564,2657,14833665.0,663
New,ASUS Zenbook 14 OLED UM3402YA-KM063W,Asus,ZenBook,AMD Ryzen 5 5625U,AMD Radeon Graphics,16,512,SSD,14.0,0,14837,478,14124000.0,664
New,Alurin Flex,Alurin,Flex,Intel Core i3-10110U,Intel UHD Graphics,8,512,SSD,14.0,0,3866,1495,8728500.0,665
New,Apple MacBook Pro,Apple,MacBook Pro,Apple M2 Pro 12 Core 3480 MHz,Apple M2 Pro GPU,16,1000,SSD,14.2,0,26649,17789,45358500.0,666
Refurbished,HP EliteBook 850 G5,HP,EliteBook,Intel Core i5-8250U,Intel UHD Graphics 620,8,256,SSD,15.6,0,5821,1042,14833665.0,667
New,Apple MacBook Pro,Apple,MacBook Pro,Apple M2 Pro 12 Core 3480 MHz,Apple M2 Pro GPU,16,512,SSD,16.2,0,26649,17789,46018500.0,668
New,Thomson Neo White,Thomson,Neo,Intel Celeron N4020,Intel UHD Graphics 600,4,64,eMMC,14.1,0,1546,317,3317325.0,669
New,ASUS VivoBook F515EA-BQ3063,Asus,VivoBook,Intel Core i5-1135G7,Intel Iris Xe Graphics,8,512,SSD,15.6,0,9564,2657,8332665.0,670
New,Alurin Flex Advance,Alurin,Flex Advance,AMD Ryzen 5 5500U,AMD Radeon Graphics,16,500,SSD,15.6,0,12868,478,8233500.0,671
New,ASUS VivoBook 15 F1500EA-EJ3100,Asus,VivoBook,Intel Core i3-1115G4,Intel UHD Graphics,8,256,SSD,15.6,0,5934,1495,5857500.0,672
New,ASUS Zenbook 14 OLED UM3402YA-KM094W,Asus,ZenBook,AMD Ryzen 7 5825U,AMD Radeon Graphics,16,512,SSD,14.0,0,18219,478,19783500.0,673
New,Acer ConceptD 3 Pro CN316-73P-79PD,Acer,ConceptD,Intel Core i7-11800H,T1200,16,1000,SSD,16.0,0,20086,7772,31333500.0,674
New,Lenovo V15 G2 ITL,Lenovo,V15,Intel Core i7-1165G7,Intel Iris Xe Graphics,16,512,SSD,15.6,0,10011,2657,15988500.0,675
New,Lenovo ThinkPad T15p Gen 2,Lenovo,ThinkPad,Intel Core i7-11800H,GTX 1650,16,512,SSD,15.6,0,20086,10181,33643500.0,676
New,ASUS ExpertBook P1512CEA-EJ0084X,Asus,ExpertBook,Intel Core i7-1165G7,Intel Iris Xe Graphics,16,512,SSD,15.6,0,10011,2657,14190000.0,677
New,Lenovo ThinkPad L14 Gen 2,Lenovo,ThinkPad,Intel Core i5-1145G7,Intel Iris Xe Graphics,16,256,SSD,14.0,0,9513,2657,14338500.0,678
Refurbished,Acer Predator Helios 300 PH317-55-77GT,Acer,Predator,Intel Core i7-11800H,RTX 3070,32,1000,SSD,17.3,0,20086,23392,23383635.0,679
Refurbished,MSI Modern 14 C5M-023XES,MSI,Modern,AMD Ryzen 5 5625U,AMD Radeon Graphics,8,512,SSD,14.0,0,14837,478,10880760.0,680
New,HP 15S-EQ1134NS,HP,15S,AMD 3020e,AMD Radeon Graphics,8,256,SSD,15.6,0,2411,478,4966665.0,681
Refurbished,HP Pavilion Aero 13-be1006ns,HP,Pavilion,AMD Ryzen 7 5825U,AMD Radeon Graphics,16,512,SSD,13.3,0,18219,478,10950885.0,682
New,Dynabook Toshiba Tecra A50-K-14S,Dynabook Toshiba,Tecra,Intel Core i7-1260P,Intel Iris Xe Graphics,16,512,SSD,15.6,0,16814,2657,27010500.0,683
New,Apple MacBook Pro,Apple,MacBook Pro,Apple M2 Max 12 Core 3680 MHz,Apple M2 Max GPU,32,1000,SSD,14.2,0,26767,13609,56083500.0,684
New,ASUS ExpertBook B1 B1402CBA-EB0862,Asus,ExpertBook,Intel Core i7-1255U,Intel Iris Xe Graphics,16,512,SSD,14.0,0,13289,2657,13200000.0,685
Refurbished,Apple Macbook Pro Intel Core i7,Apple,MacBook Pro,Intel Core i7-9750H,Radeon Pro 5300M,16,512,SSD,16.0,0,10705,5926,18045885.0,686
New,Lenovo V15 IGL,Lenovo,V15,Intel Celeron N4020,Intel UHD Graphics 600,4,128,SSD,15.6,0,1546,317,4603500.0,687
New,ASUS TUF Dash F15 FX517ZE,Asus,TUF,Intel Core i7-12650H,RTX 3050,16,512,SSD,15.6,0,22065,12578,24446895.0,688
New,Dell Latitude 3520,Dell,Latitude,Intel Core i5-1135G7,Intel Iris Xe Graphics,8,256,SSD,15.6,0,9564,2657,14503500.0,689
New,LG Ultra 16U70Q,LG,Ultra,AMD Ryzen 5 5625U,AMD Radeon Graphics,8,512,SSD,16.0,0,14837,478,15988500.0,690
New,Lenovo Yoga Slim 7 Pro 14IAP7,Lenovo,Yoga,Intel Evo Core i5-1240P,Intel Iris Xe Graphics,8,512,SSD,14.0,0,16671,2657,16153500.0,691
New,MSI Katana GF66 11UC-045XES,MSI,Katana,Intel Core i7-11800H,RTX 3050,16,1000,SSD,15.6,0,20086,12578,19783500.0,692
New,Medion Erazer Beast X40,Medion,Beast,Intel Core i9-13900HX,RTX 4080,32,1000,SSD,17.0,0,43218,34435,52783665.0,693
New,Medion Erazer Major X10,Medion,Erazer,Intel Core i7-12700H,Intel Arc A730M,16,1000,SSD,16.0,0,25766,9808,28033500.0,694
New,Razer Blade 17 FullHD 360Hz,Razer,Blade,Intel Core i7-12800H,RTX 3070,16,1000,SSD,17.3,0,24504,23392,57750000.0,695
New,ASUS ROG Zephyrus G14 2023 GA402XY-NC019W,Asus,ROG,AMD Ryzen 9 7940HS,RTX 4090,32,1000,SSD,14.0,0,30132,38262,75883500.0,696
New,Apple Macbook Air 2023,Apple,MacBook Air,Apple M2 8 Core 3500 MHz,Apple M2 GPU,8,512,SSD,15.3,0,15648,19388,30178500.0,697
New,Apple Macbook Air 2023,Apple,MacBook Air,Apple M2 8 Core 3500 MHz,Apple M2 GPU,8,512,SSD,15.3,0,15648,19388,30178500.0,698
New,Microsoft Surface Laptop Studio,Microsoft,Surface Laptop,Intel Core i5-11300H,Intel Iris Xe Graphics,16,512,SSD,14.4,1,10849,2657,31333500.0,699
New,Razer Blade 15 Advanced Model QHD,Razer,Blade,Intel Core i7-12800H,RTX 3080,32,1000,SSD,15.6,0,24504,26922,67633500.0,700
New,Razer Blade 17 4K 144Hz,Razer,Blade,Intel Core i9-12900H,RTX 3070,32,1000,SSD,17.3,0,27500,23392,74249835.0,701
New,Razer Blade 17 QHD 240Hz,Razer,Blade,Intel Core i9-12900H,RTX 3070,16,1000,SSD,17.3,0,27500,23392,64349835.0,702
New,Samsung Galaxy Book3 Ultra,Samsung,Galaxy Book,Intel Evo Core i7-13700H,RTX 4050,16,1000,SSD,16.0,0,36551,14435,49483665.0,703
Refurbished,Dell Latitude E7470,Dell,Latitude,Intel Core i5-6200U,Intel HD Graphics 520,16,256,SSD,14.0,0,2994,1718,8233500.0,704
Refurbished,Razer Blade 14 165Hz,Razer,Blade,AMD Ryzen 9 6900HX,RTX 3070,16,1000,SSD,14.0,0,24406,23392,47849835.0,705
New,Lenovo IdeaPad Flex 5 13ITL6 Chromebook 13ITL6,Lenovo,IdeaPad,Intel Core i3-1115G4,Intel UHD Graphics,8,256,SSD,13.3,1,5934,1495,11533500.0,706
New,ASUS VivoBook 15 F1502ZA-EJ1112W,Asus,VivoBook,Intel Core i7-1255U,Intel Iris Xe Graphics,16,512,SSD,15.6,0,13289,2657,12457500.0,707
New,ASUS ExpertBook B1 B1500CEAE-EJ3404W,Asus,ExpertBook,Intel Core i5-1135G7,Intel Iris Xe Graphics,8,1000,SSD,15.6,0,9564,2657,13018500.0,708
New,Lenovo 300e,Lenovo,Chromebook,Intel Celeron N4120,Intel UHD Graphics 600,4,128,SSD,11.6,1,2469,317,7441500.0,709
New,HP 250 G9,HP,250,Intel Core i5-1235U,Intel Iris Xe Graphics,8,512,SSD,15.6,0,12993,2657,9404835.0,710
New,ASUS VivoBook 14 F1402ZA-EK645,Asus,VivoBook,Intel Core i7-1255U,Intel Iris Xe Graphics,16,512,SSD,14.0,0,13289,2657,13018500.0,711
New,ASUS TUF Gaming F15 TUF507ZC4-HN040,Asus,TUF,Intel Core i7-12700H,RTX 3050,16,512,SSD,15.6,0,25766,12578,15014835.0,712
New,Denver Electronics NBD-14105SSDES,Denver,Electronics,Intel Celeron N4020,Intel UHD Graphics 600,4,256,SSD,14.0,0,1546,317,5444175.0,713
New,HP 15S-FQ5044NS,HP,15S,Intel Core i7-1255U,Intel Iris Xe Graphics,8,512,SSD,15.6,0,13289,2657,12045165.0,714
New,Microsoft Surface Pro 9 Platino,Microsoft,Surface Pro,Intel Evo Core i7-1255U,Intel Iris Xe Graphics,16,1000,SSD,13.0,1,13289,2657,41728500.0,715
New,ASUS ROG FLOW Z13  GZ301VU-93D45PB1,Asus,ROG,Intel Core i9-13900H,Intel Iris Xe Graphics,16,1000,SSD,13.4,1,27858,2657,39940725.0,716
New,Samsung Galaxy Book3 Ultra,Samsung,Galaxy Book,Intel Evo Core i9-13900H,RTX 4070,32,1000,SSD,16.0,0,45924,31754,61033665.0,717
New,Lenovo ThinkPad L13 Gen 3,Lenovo,ThinkPad,Intel Core i7-1255U,Intel Iris Xe Graphics,16,512,SSD,13.3,0,13289,2657,22003905.0,718
New,HP 15S-FQ4073NS,HP,15S,Intel Core i5-1155G7,Intel Iris Xe Graphics,8,1000,SSD,15.6,0,9814,2657,12358500.0,719
New,Dynabook Toshiba Satellite Pro C50-G-10E,Dynabook Toshiba,Satellite Pro,Intel Core i5-10210U,Intel UHD Graphics,8,512,SSD,15.6,0,6136,1495,12193500.0,720
New,HP ProBook 450 G9,HP,ProBook,Intel Core i5-1235U,Intel Iris Xe Graphics,16,512,SSD,15.6,0,12993,2657,17176500.0,721
Refurbished,Lenovo ThinkPad T490s,Lenovo,ThinkPad,Intel Core i5-8265U,Intel UHD Graphics 620,8,256,SSD,14.0,0,5861,1042,13183500.0,722
New,LG Gram 15Z90R-G.AA75B,LG,Gram,Intel Evo Core i7-1360P,Intel Iris Xe Graphics,16,512,SSD,15.0,0,18760,2657,28033500.0,723
New,ASUS VivoBook 15 F1500EA-EJ3107,Asus,VivoBook,Intel Core i5-1135G7,Intel Iris Xe Graphics,8,256,SSD,15.6,0,9564,2657,7494795.0,724
New,Microsoft Surface Pro 7+,Microsoft,Surface Pro,Intel Core i5-1135G7,Intel Iris Xe Graphics,8,256,SSD,12.3,1,9564,2657,18862140.0,725
New,Apple MacBook Pro,Apple,MacBook Pro,Apple M2 Pro 12 Core 3480 MHz,Apple M2 Pro GPU,32,1000,SSD,14.2,0,26649,17789,54103500.0,726
New,ASUS VivoBook 15 F1500EA-EJ3167W,Asus,VivoBook,Intel Core i5-1135G7,Intel Iris Xe Graphics,8,512,SSD,15.6,0,9564,2657,8283000.0,727
New,HP 15S-FQ2161NS,HP,15S,Intel Core i3-1115G4,Intel UHD Graphics,8,256,SSD,15.6,0,5934,1495,6878355.0,728
New,HP Chromebook 11 G9,HP,Chromebook,Intel Celeron N4500,Intel UHD Graphics,4,32,eMMC,11.6,0,1882,1495,3797310.0,729
New,Acer Extensa 15 EX215-22,Acer,Extensa,AMD Ryzen 5 3500U,AMD Radeon Vega 8 Graphics,8,512,SSD,15.6,0,6868,3159,6253665.0,730
New,Microsoft Surface Laptop Studio,Microsoft,Surface Laptop,Intel Core i7-11370H,RTX 3050,16,512,SSD,14.4,1,11646,12578,36283665.0,731
New,Alurin Flex Advance,Alurin,Flex Advance,Intel Core i5-1155G7,Intel Iris Xe Graphics,8,256,SSD,15.6,0,9814,2657,9058500.0,732
New,Medion Erazer Beast X30,Medion,Beast,Intel Core i7-12700H,RTX 3070,32,1000,SSD,17.3,0,25766,23392,42883500.0,733
New,Acer Aspire Vero Green,Acer,Aspire,Intel Core i7-1195G7,Intel Iris Xe Graphics,8,512,SSD,15.6,0,10549,2657,20608665.0,734
New,MSI Modern 14 C12M-078XES,MSI,Modern,Intel Core i5-1235U,Intel Iris Xe Graphics,8,512,SSD,14.0,0,12993,2657,13183500.0,735
New,Thomson Neo,Thomson,Neo,Intel Core i5-8259U,Intel Iris Plus Graphics 655,8,512,SSD,15.6,0,7842,6864,6583500.0,736
New,Alurin Flex Advance,Alurin,Flex Advance,Intel Core i5-1155G7,Intel Iris Xe Graphics,16,500,SSD,15.6,0,9814,2657,8893665.0,737
New,Lenovo ThinkBook 15 G2 ITL,Lenovo,ThinkBook,Intel Core i7-1165G7,Intel Iris Xe Graphics,16,512,SSD,15.6,0,10011,2657,19783500.0,738
New,ASUS F515EA-EJ3048W,Asus,F515,Intel Core i5-1135G7,Intel Iris Xe Graphics,8,512,SSD,15.6,0,9564,2657,10048665.0,739
New,ASUS VivoBook F1500EA-EJ2535W,Asus,VivoBook,Intel Core i3-1115G4,Intel UHD Graphics,8,512,SSD,15.6,0,5934,1495,7423350.0,740
New,Acer Aspire 3 A315-56-566L,Acer,Aspire,Intel Core i5-1035G1,Intel UHD Graphics,8,256,SSD,15.6,0,7233,1495,8728500.0,741
New,HP 255 G9,HP,255,AMD Ryzen 3 5425U,AMD Radeon Graphics,8,512,SSD,15.6,0,11185,478,8172945.0,742
New,Apple MacBook Pro,Apple,MacBook Pro,Apple M2 Pro 12 Core 3480 MHz,Apple M2 Pro GPU,32,512,SSD,16.2,0,26649,17789,54103500.0,743
New,HP 250 G9,HP,250,Intel Core i5-1235U,Intel Iris Xe Graphics,16,512,SSD,15.6,0,12993,2657,14528745.0,744
New,Acer Extensa 15 EX215-54-57ZW,Acer,Extensa,Intel Core i5-1135G7,Intel Iris Xe Graphics,16,512,SSD,15.6,0,9564,2657,11066055.0,745
New,HP 14S-FQ0004NS,HP,14S,AMD Athlon Silver 3050U,AMD Radeon Graphics,8,512,SSD,14.0,0,2954,478,6996000.0,746
New,PcCom Revolt 3050,PcCom,Revolt,Intel Core i5-13500H,RTX 3050,16,500,SSD,15.6,0,21876,12578,21943350.0,747
New,PcCom Revolt 3050,PcCom,Revolt,Intel Core i7-13700H,RTX 3050,16,500,SSD,15.6,0,26456,12578,24418350.0,748
New,PcCom Revolt 4050,PcCom,Revolt,Intel Core i5-13500H,RTX 4050,16,500,SSD,15.6,0,21876,14435,22273350.0,749
New,PcCom Revolt 4050,PcCom,Revolt,Intel Core i5-13500H,RTX 4050,16,500,SSD,15.6,0,21876,14435,24418350.0,750
New,PcCom Revolt 4060,PcCom,Revolt,Intel Core i5-13500H,RTX 4060,16,500,SSD,15.6,0,21876,22749,27718350.0,751
New,PcCom Revolt 4060,PcCom,Revolt,Intel Core i7-13700H,RTX 4060,16,500,SSD,15.6,0,26456,22749,28048350.0,752
New,Microsoft Surface Laptop 5 Negro,Microsoft,Surface Laptop,Intel Evo Core i7-1255U,Intel Iris Xe Graphics,16,512,SSD,15.0,1,13289,2657,34303500.0,753
New,Alurin Flex Advance,Alurin,Flex Advance,Intel Core i5-1155G7,Intel Iris Xe Graphics,16,500,SSD,15.6,0,9814,2657,10543500.0,754
New,ASUS VivoBook Flip 14 TP401MA-EC444WS,Asus,VivoBook,Intel Celeron N4020,Intel UHD Graphics 600,4,128,eMMC,14.0,1,1546,317,5692500.0,755
New,Lenovo V15,Lenovo,V15,Intel Core i5-1135G7,Intel Iris Xe Graphics,8,256,SSD,15.6,0,9564,2657,11863500.0,756
New,Samsung Galaxy Book3 360,Samsung,Galaxy Book,Intel Evo Core i7-1360P,Intel Iris Xe Graphics,16,512,SSD,15.6,1,18760,2657,30596940.0,757
New,ASUS VivoBook 15 F1500EA-EJ3149W,Asus,VivoBook,Intel Core i7-1165G7,Intel Iris Xe Graphics,8,512,SSD,15.6,0,10011,2657,10362660.0,758
New,HP ProBook 455 G10,HP,ProBook,AMD Ryzen 7 7730U,AMD Radeon Graphics,32,1000,SSD,15.6,0,18183,478,16483500.0,759
New,LG Gram 17 16Z90P,LG,Gram,Intel Core i7-1165G7,Intel Iris Xe Graphics,16,512,SSD,17.0,0,10011,2657,30673665.0,760
New,PcCom Revolt 4060,PcCom,Revolt,Intel Core i7-13700H,RTX 4060,16,500,SSD,15.6,0,26456,22749,30523350.0,761
New,Medion Classmate Pro E14409 MD62389,Medion,Classmate Pro,Intel Core i3-1005G1,Intel UHD Graphics,8,256,SSD,14.0,0,4864,1495,7078500.0,762
New,LG Gram 14T90Q-G.AA78B,LG,Gram,Intel Evo Core i7-12800HE,Intel Iris Xe Graphics,16,1000,SSD,14.0,1,31906,2657,31333665.0,763
New,Lenovo Legion Pro 7 16IRX8H,Lenovo,Legion,Intel Core i9-13900HX,RTX 4090,32,1000,SSD,16.0,0,43218,38262,69283500.0,764
New,Lenovo V15 G3 IAP,Lenovo,V15,Intel Core i3-1215U,Intel UHD Graphics,8,512,SSD,15.6,0,10548,1495,7672500.0,765
New,PcCom Revolt 4060,PcCom,Revolt,Intel Core i5-13500H,RTX 4060,16,500,SSD,15.6,0,21876,22749,25573350.0,766
New,HP 15S-EQ1163NS,HP,15S,AMD 3020e,AMD Radeon Graphics,8,256,SSD,15.6,0,2411,478,6039000.0,767
New,Acer Aspire 3 A315-34,Acer,Aspire,Intel Celeron N4020,Intel UHD Graphics 600,8,256,SSD,15.6,0,1546,317,5923665.0,768
New,Dell Vostro 3420,Dell,Vostro,Intel Core i5-1135G7,Intel Iris Xe Graphics,8,512,SSD,14.0,0,9564,2657,12259500.0,769
New,HP 15S-FQ3008NS,HP,15S,Intel Celeron N4500,Intel UHD Graphics,8,256,SSD,15.6,0,1882,1495,5336925.0,770
New,MSI Prestige 15 A10SC-007ES,MSI,Prestige,Intel Core i7-10710U,GTX 1650,32,1000,SSD,15.6,0,9332,10181,32983500.0,771
New,PcCom Revolt 3050,PcCom,Revolt,Intel Core i7-13700H,RTX 3050,16,1000,SSD,15.6,0,26456,12578,23923350.0,772
New,Lenovo ThinkPad E15 Gen 4,Lenovo,ThinkPad,Intel Core i7-1255U,MX550,16,512,SSD,15.6,0,13289,4545,23185635.0,773
New,ASUS F1500EA-EJ2369W,Asus,VivoBook,Intel Core i7-1165G7,Intel Iris Xe Graphics,8,512,SSD,15.6,0,10011,2657,14008500.0,774
New,ASUS ROG Strix SCAR 17 SE G733CX-LL045W,Asus,ROG,Intel Core i9-12950HX,RTX 3080,64,1000,SSD,17.3,0,31615,26922,70933665.0,775
Refurbished,MSI Prestige 13 Evo A12M-010ES,MSI,Prestige,Intel Core i7-1280P,Intel Iris Xe Graphics,16,512,SSD,13.3,0,20311,2657,14314245.0,776
New,Microsoft Surface Laptop 4 Platino,Microsoft,Surface Laptop,AMD Ryzen 5 4680U,AMD Radeon Graphics,8,256,SSD,13.5,1,21572,478,18628500.0,777
New,HP 17-CN0018NS,HP,17,Intel Celeron N4120,Intel UHD Graphics 600,4,128,SSD,17.3,0,2469,317,6451500.0,778
New,Acer Aspire 5 A515-45-R35H,Acer,Aspire,AMD Ryzen 7 5700U,AMD Radeon Graphics,8,512,SSD,15.6,0,15676,478,13348665.0,779
New,Acer ConceptD 3 Pro CN316-73P-77Y4,Acer,ConceptD,Intel Core i7-11800H,T1200,16,1000,SSD,16.0,0,20086,7772,24281565.0,780
New,Dell XPS 13 9315,Dell,XPS,Intel Core i7-1250U,Intel Iris Xe Graphics,16,512,SSD,13.4,1,11391,2657,35305545.0,781
New,HP 250 G9,HP,250,Intel Core i7-1255U,Intel Iris Xe Graphics,16,512,SSD,15.6,0,13289,2657,17440500.0,782
New,HP ProBook 635 Aero G7,HP,ProBook,AMD Ryzen 5 Pro 4650U,AMD Radeon Graphics,8,256,SSD,13.3,0,12330,478,17638500.0,783
New,MSI Pulse 17 B13VGK-435PT,MSI,Pulse,Intel Core i7-13700H,RTX 4070,16,1000,SSD,17.3,0,26456,31754,38001150.0,784
New,Microsoft Surface Laptop 4 Negro,Microsoft,Surface Laptop,AMD Ryzen 7 4980U,AMD Radeon Graphics,8,512,SSD,15.0,1,17469,478,27208500.0,785
New,Microsoft Surface Laptop 5 Negro,Microsoft,Surface Laptop,Intel Evo Core i7-1255U,Intel Iris Xe Graphics,8,512,SSD,15.0,1,13289,2657,28858500.0,786
New,Microsoft Surface Laptop Studio,Microsoft,Surface Laptop,Intel Core i7-11370H,RTX 3050,32,2000,SSD,14.4,1,11646,12578,52783500.0,787
New,PcCom Revolt 3050,PcCom,Revolt,Intel Core i7-13700H,RTX 3050,16,500,SSD,15.6,0,26456,12578,22273350.0,788
New,Acer Predator Triton 500 SE PT516-51s-75K6,Acer,Predator,Intel Core i7-11800H,RTX 3080,32,1000,SSD,16.0,0,20086,26922,45193500.0,789
New,HP Zbook Firefly 16 G9,HP,Zbook,Intel Core i7-1260P,Intel Iris Xe Graphics,16,512,SSD,16.0,0,16814,2657,26845500.0,790
New,Lenovo ThinkPad E14 Gen 4,Lenovo,ThinkPad,Intel Core i7-1255U,Intel Iris Xe Graphics,16,512,SSD,14.0,0,13289,2657,24997500.0,791
New,PcCom Revolt 3050,PcCom,Revolt,Intel Core i7-13700H,RTX 3050,16,1000,SSD,15.6,0,26456,12578,26398350.0,792
New,ASUS F515EA-BQ1154X,Asus,F515,Intel Core i5-1135G7,Intel Iris Xe Graphics,8,512,SSD,15.6,0,9564,2657,13348665.0,793
New,Acer Extensa 15 EX215-54-55M9,Acer,Extensa,Intel Core i5-1135G7,Intel Iris Xe Graphics,8,1000,SSD,15.6,0,9564,2657,9633525.0,794
New,Primux Ioxbook C15,Primux,Ioxbook,Intel Celeron N4020,Intel UHD Graphics 600,4,128,SSD,15.6,0,1546,317,4497570.0,795
New,Razer Blade 14 165Hz,Razer,Blade,AMD Ryzen 9 6900HX,RTX 3080,16,1000,SSD,14.0,0,24406,26922,67739925.0,796
New,ASUS ZenBook 14 OLED UM3402YA-KM428WS,Asus,ZenBook,AMD Ryzen 7 7730U,AMD Radeon Graphics,16,512,SSD,14.0,0,18183,478,17424000.0,797
New,HP 255 G8,HP,255,AMD Ryzen 3 5300U,AMD Radeon Graphics,8,1000,SSD,15.6,0,9612,478,7771500.0,798
Refurbished,Lenovo ThinkPad L380,Lenovo,ThinkPad,Intel Core i3-8130U,Intel UHD Graphics 620,8,256,SSD,13.3,0,3536,1042,6913500.0,799
New,PcCom Revolt 4060,PcCom,Revolt,Intel Core i7-13700H,RTX 4060,16,1000,SSD,15.6,0,26456,22749,32173350.0,800
New,ASUS ExpertBook B1 B1402CBA-EB0861W,Asus,ExpertBook,Intel Core i5-1235U,Intel Iris Xe Graphics,16,512,SSD,14.0,0,12993,2657,13200000.0,801
New,ASUS Zenbook UM425QA,Asus,ZenBook,AMD Ryzen 7 5800H,AMD Radeon Graphics,16,1000,SSD,14.0,0,20856,478,22730730.0,802
New,HP ProBook 440 G9,HP,ProBook,Intel Core i7-1255U,Intel Iris Xe Graphics,16,1000,SSD,14.0,0,13289,2657,20039085.0,803
New,Acer TravelMate P2 TMP214-53-594U,Acer,TravelMate,Intel Core i5-1135G7,Intel Iris Xe Graphics,16,512,SSD,14.0,0,9564,2657,15262500.0,804
New,Dell XPS 15 9520,Dell,XPS,Intel Core i7-12700H,RTX 3050,16,1000,SSD,15.6,0,25766,12578,38263500.0,805
New,Alurin Flex Advance,Alurin,Flex Advance,Intel Core i5-1155G7,Intel Iris Xe Graphics,8,500,SSD,14.0,0,9814,2657,9735000.0,806
New,LG Gram 17Z90Q,LG,Gram,Intel Core i7-1260P,RTX 2050,32,512,SSD,17.0,0,16814,7757,36448500.0,807
Refurbished,Lenovo ThinkPad T480,Lenovo,ThinkPad,Intel Core i5-7200U,Intel HD Graphics 620,8,256,SSD,14.0,0,3371,921,10477500.0,808
New,Acer TravelMate P2 TMP215-53-5887,Acer,TravelMate,Intel Core i5-1135G7,Intel Iris Xe Graphics,8,512,SSD,15.6,0,9564,2657,12714240.0,809
Refurbished,Dell Latitude E7450,Dell,Latitude,Intel Core i5-5300U,Intel HD Graphics 5500,8,256,SSD,14.0,0,2713,1718,7408335.0,810
New,Lenovo ThinkBook 15 G4 IAP,Lenovo,ThinkBook,Intel Core i7-1255U,Intel Iris Xe Graphics,16,512,SSD,15.6,0,13289,2657,19750005.0,811
New,HP 15S-FQ4100NS,HP,15S,Intel Core i5-1155G7,Intel Iris Xe Graphics,8,512,SSD,15.6,0,9814,2657,9832350.0,812
New,HP 15S-FQ5028NS,HP,15S,Intel Core i5-1235U,Intel Iris Xe Graphics,16,512,SSD,15.6,0,12993,2657,14041335.0,813
Refurbished,Lenovo ThinkPad L450,Lenovo,ThinkPad,Intel Core i5-4300U,Intel HD Graphics 4400,8,256,SSD,14.0,0,2494,921,3943500.0,814
Refurbished,Apple MacBook Pro,Apple,MacBook Pro,Intel Core i7-8850H,Radeon RX 560X,16,512,SSD,15.4,0,10168,3168,16121820.0,815
New,ASUS F1500EA-EJ3528,Asus,VivoBook,Intel Core i3-1115G4,Intel UHD Graphics,8,512,SSD,15.6,0,5934,1495,6570630.0,816
New,ASUS TUF GAMING A15 FA507XI-R97B47CS1,Asus,TUF,AMD Ryzen 9 7940HS,RTX 4070,16,1000,SSD,15.6,0,30132,31754,33294855.0,817
New,ASUS BR1100FKA-BP1185XA,Asus,BR,Intel Celeron N4500,Intel UHD Graphics,4,128,SSD,11.6,1,1882,1495,8172945.0,818
New,ASUS ROG Flow X16 GV601RM-M6074W,Asus,ROG,AMD Ryzen 9 6900HS,RTX 3060,16,1000,SSD,16.0,1,23237,20376,45759615.0,819
Refurbished,MSI Vector GP66HX 12UHS-204XES,MSI,Vector,Intel Core i7-12800HX,RTX 3080,32,1000,SSD,15.6,0,31906,26922,57733500.0,820
Refurbished,Alurin Flex Advance,Alurin,Flex Advance,Intel Core i5-1155G7,Intel Iris Xe Graphics,16,500,SSD,14.0,0,9814,2657,8745000.0,821
New,ASUS ROG Flow X16 2023 GV601VV-NF015W,Asus,ROG,Intel Core i9-13900H,RTX 4060,16,1000,SSD,16.0,1,27858,22749,42883665.0,822
New,ASUS Zenbook UM425QA-R55BLHDCP1,Asus,ZenBook,AMD Ryzen 5 5600H,AMD Radeon Graphics,16,512,SSD,14.0,0,16751,478,19092480.0,823
New,MSI Creator Pro Z16P B12UMST-094ES,MSI,Creator,Intel Core i7-12700H,RTX A5500,32,1000,SSD,16.0,1,25766,21502,72583500.0,824
New,Lenovo V15 Gen 2 ALC,Lenovo,V15,AMD Ryzen 3 5300U,AMD Radeon Graphics,8,256,SSD,15.6,0,9612,478,5938350.0,825
New,ASUS VivoBook S OLED K3402ZA-KM079W,Asus,VivoBook,Intel Evo Core i7-12700H,Intel Iris Xe Graphics,16,512,SSD,14.0,0,30444,2657,23916750.0,826
New,Acer ConceptD 3 Ezel Pro CC315-73P-73PA,Acer,ConceptD,Intel Core i7-11800H,T1200,16,1000,SSD,15.6,1,20086,7772,36400650.0,827
New,MSI Stealth 15 A13VF-060XES,MSI,Stealth,Intel Core i7-13620H,RTX 4060,32,1000,SSD,15.6,0,24272,22749,36042765.0,828
New,ASUS E510MA-EJ972,Asus,E510,Intel Celeron N4020,Intel UHD Graphics 600,8,256,SSD,15.6,0,1546,317,4702500.0,829
Refurbished,Lenovo ThinkPad X250,Lenovo,250,Intel Core i5-5300U,Intel HD Graphics 5500,8,256,SSD,12.5,0,2713,1718,5923335.0,830
New,ASUS F515EA-EJ1564W,Asus,F515,Intel Core i3-1115G4,Intel UHD Graphics,8,256,SSD,15.6,0,5934,1495,6461400.0,831
New,Dynabook Toshiba Satellite Pro C40-G-120,Dynabook Toshiba,Satellite Pro,Intel Core i7-10510U,Intel UHD Graphics,8,256,SSD,14.0,0,6492,1495,12634875.0,832
New,ASUS VivoBook 15 F1502ZA-EJ1119W,Asus,VivoBook,Intel Core i7-1255U,Intel Iris Xe Graphics,8,512,SSD,15.6,0,13289,2657,10477665.0,833
New,Dell Latitude 5430,Dell,Latitude,Intel Core i7-1255U,Intel Iris Xe Graphics,16,512,SSD,14.0,0,13289,2657,23644500.0,834
Refurbished,Microsoft Surface Pro 7,Microsoft,Surface Pro,Intel Core i5-1035G4,Intel Iris Plus Graphics G4,16,256,SSD,12.3,0,7828,6864,18337275.0,835
Refurbished,Lenovo ThinkPad T480,Lenovo,ThinkPad,Intel Core i5-8250U,Intel UHD Graphics 620,8,256,SSD,14.0,0,5821,1042,10477500.0,836
New,ASUS VivoBook F515EA-EJ3060W,Asus,VivoBook,Intel Core i7-1165G7,Intel Iris Xe Graphics,16,512,SSD,15.6,0,10011,2657,14572635.0,837
Refurbished,HP EliteBook x360 830 G6,HP,EliteBook,Intel Core i5-8265U,Intel UHD Graphics 620,8,256,SSD,13.3,1,5861,1042,9157500.0,838
New,Lenovo ThinkBook 14s Yoga G2,Lenovo,ThinkBook,Intel Core i7-1255U,Intel Iris Xe Graphics,16,512,SSD,14.0,1,13289,2657,24318195.0,839
New,Medion Akoya S15447,Medion,Akoya,Intel Core i5-10210U,Intel UHD Graphics,8,256,SSD,15.6,0,6136,1495,12003585.0,840
New,Dell Vostro 3420,Dell,Vostro,Intel Core i7-1165G7,Intel Iris Xe Graphics,16,512,SSD,14.0,0,10011,2657,17556000.0,841
Refurbished,LG Gram 16T90Q-G,LG,Gram,Intel Core i7-1260P,Intel Iris Xe Graphics,16,1000,SSD,16.0,1,16814,2657,32983500.0,842
New,Microsoft Surface Pro 9 Bosque,Microsoft,Surface Pro,Intel Evo Core i5-1235U,Intel Iris Xe Graphics,8,256,SSD,13.0,1,12993,2657,23149500.0,843
Refurbished,Apple MacBook Pro,Apple,MacBook Pro,Intel Core i5-8257U,Intel Iris Plus Graphics 645,8,128,SSD,13.0,0,7443,6864,9966000.0,844
New,ASUS Vivobook  F1605EA-51BLHDSS1,Asus,VivoBook,Intel Core i5-1135G7,Intel Iris Xe Graphics,12,512,SSD,16.0,0,9564,2657,13728165.0,845
Refurbished,Gigabyte AORUS 5 KE4-72ES314SD,Gigabyte,Aorus,Intel Core i7-12700H,RTX 3060,16,1000,SSD,15.6,0,25766,20376,26383500.0,846
New,ASUS ExpertBook B1 B1502CBA-EJ0438W,Asus,ExpertBook,Intel Core i5-1235U,Intel Iris Xe Graphics,16,512,SSD,15.6,0,12993,2657,13200000.0,847
New,ASUS ZenBook 13 OLED UX325EA-KG261,Asus,ZenBook,Intel Core i5-1135G7,Intel Iris Xe Graphics,8,512,SSD,13.3,0,9564,2657,13513500.0,848
New,HP ENVY 17-cr0004np,HP,Envy,Intel Core i7-1260P,Intel Iris Xe Graphics,16,512,SSD,17.3,0,16814,2657,23984400.0,849
New,Dell Latitude 7320 Detachable,Dell,Latitude,Intel Evo Core i7-1180G7,Intel Iris Xe Graphics,16,512,SSD,13.0,1,1034,2657,26745180.0,850
New,Acer Aspire 3 A315-56-56XH,Acer,Aspire,Intel Core i5-1035G1,Intel UHD Graphics,8,512,SSD,15.6,0,7233,1495,9124335.0,851
New,HP 250 G8 59T50EA,HP,250,Intel Core i3-1115G4,Intel UHD Graphics,8,512,SSD,15.6,0,5934,1495,9058500.0,852
Refurbished,Lenovo ThinkPad T470,Lenovo,ThinkPad,Intel Core i5-7300U,Intel HD Graphics 620,8,512,SSD,14.0,0,3640,921,8557395.0,853
New,HP 15S-FQ3013NS,HP,15S,Intel Celeron N4500,Intel UHD Graphics,8,256,SSD,15.6,0,1882,1495,7676790.0,854
New,HP 470 G9,HP,470,Intel Core i5-1235U,MX550,16,512,SSD,17.3,0,12993,4545,19998000.0,855
New,Lenovo IdeaPad 5 15ITL05,Lenovo,IdeaPad,Intel Core i5-1135G7,Intel Iris Xe Graphics,16,512,SSD,15.6,0,9564,2657,13183500.0,856
New,ASUS TUF Gaming F15 TUF506HC-HN088,Asus,TUF,Intel Core i5-11400H,RTX 3050,16,512,SSD,15.6,0,15398,12578,12688500.0,857
New,Acer Swift 3 SF313-53,Acer,Swift,Intel Evo Core i7-1165G7,Intel Iris Xe Graphics,16,1000,SSD,13.5,0,1034,2657,22228470.0,858
Refurbished,Apple Macbook Pro Intel Core i9,Apple,MacBook Pro,Intel Core i9-9880H,Radeon Pro 5500M,16,1000,SSD,16.0,0,13607,6723,31333500.0,859
Refurbished,Lenovo ThinkPad X1 Carbon,Lenovo,ThinkPad,Intel Core i7-8565U,Intel UHD Graphics 620,16,1000,SSD,14.0,0,6187,1042,13497000.0,860
New,MSI Creator M16 B13VE-681ES,MSI,Creator,Intel Core i7-13700H,RTX 4050,32,1000,SSD,16.0,0,26456,14435,34685970.0,861
New,PcCom Revolt 4060,PcCom,Revolt,Intel Core i7-13700H,RTX 4060,32,1000,SSD,15.6,0,26456,22749,31348350.0,862
New,Acer TravelMate P2 TMP214-52-P5SM,Acer,TravelMate,Intel Pentium Gold 6405U,Intel UHD Graphics,8,256,SSD,14.0,0,13085,1495,7837335.0,863
New,Medion Akoya E15301,Medion,Akoya,AMD Ryzen 3 3200U,AMD Radeon Vega 3 Graphics,8,256,SSD,15.6,0,3751,3159,5403915.0,864
New,ASUS Rog Strix G17 G713QR-K4189,Asus,ROG,AMD Ryzen 7 5800H,RTX 3070,32,1000,SSD,17.3,0,20856,23392,43715760.0,865
New,ASUS ZenBook 14 UX3402ZA-KP490W,Asus,ZenBook,Intel Core i5-1240P,Intel Iris Xe Graphics,16,512,SSD,14.0,0,16671,2657,13964115.0,866
New,HP 15S-FQ2180NS,HP,15S,Intel Core i3-1115G4,Intel UHD Graphics,8,512,SSD,15.6,0,5934,1495,6844860.0,867
New,HP 250 G9,HP,250,Intel Core i3-1215U,Intel UHD Graphics,8,256,SSD,15.6,0,10548,1495,6589605.0,868
New,Lenovo ThinkBook 15 G2 ITL,Lenovo,ThinkBook,Intel Core i5-1135G7,Intel Iris Xe Graphics,16,512,SSD,15.6,0,9564,2657,17638500.0,869
New,Lenovo 300w Gen 3,Lenovo,300w,AMD 3015e,AMD Radeon Graphics,4,128,SSD,11.6,1,2657,478,7614420.0,870
New,Apple MacBook Pro,Apple,MacBook Pro,Apple M2 Pro 12 Core 3480 MHz,Apple M2 Pro GPU,16,1000,SSD,16.2,0,26649,17789,49483665.0,871
New,HP 15S-EQ2135NS,HP,15S,AMD Ryzen 7 5700U,AMD Radeon Graphics,12,512,SSD,15.6,0,15676,478,10117800.0,872
New,ASUS VivoBook F1605PA-MB147,Asus,VivoBook,Intel Core i7-11370H,Intel Iris Xe Graphics,8,512,SSD,16.0,0,11646,2657,9899835.0,873
New,HP Victus 16-E0099NS,HP,Victus,AMD Ryzen 7 5800H,Radeon Pro 5500M,8,512,SSD,16.1,0,20856,6723,14259795.0,874
Refurbished,MSI Modern 15 B12M-042ES,MSI,Modern,Intel Core i7-1255U,Intel Iris Xe Graphics,16,1000,SSD,15.6,0,13289,2657,19783500.0,875
New,Microsoft Surface Pro 7,Microsoft,Surface Pro,Intel Core i5-1035G4,Intel Iris Plus Graphics G4,8,256,SSD,12.3,0,7828,6864,22258500.0,876
New,HP 15S-FQ4037NS,HP,15S,Intel Core i7-1195G7,Intel Iris Xe Graphics,16,512,SSD,15.6,0,10549,2657,11475750.0,877
New,MSI Stealth 14 Studio A13VG-048ES,MSI,Stealth,Intel Core i7-13700H,RTX 4070,32,1000,SSD,14.0,0,26456,31754,44533500.0,878
New,ASUS Laptop M515DA,Asus,M515,AMD Ryzen 5 3500U,AMD Radeon Vega 8 Graphics,12,512,SSD,15.6,0,6868,3159,11673915.0,879
New,LG Gram UltraSlim 15Z90RT-G.AD75B,LG,Gram,Intel Evo Core i7-1360P,Intel Iris Xe Graphics,32,512,SSD,15.0,0,18760,2657,34633500.0,880
Refurbished,MSI Creator M16 A12UD-232ES,MSI,Creator,Intel Core i7-12700H,RTX 3050,16,1000,SSD,16.0,0,25766,12578,28858500.0,881
New,HP ProBook 640 G8,HP,ProBook,Intel Core i5-1135G7,Intel Iris Xe Graphics,8,256,SSD,14.0,0,9564,2657,12611610.0,882
New,Dell Latitude 3420,Dell,Latitude,Intel Core i7-1165G7,Intel Iris Xe Graphics,16,512,SSD,14.0,0,10011,2657,16483500.0,883
New,HP 15S-EQ2070NS,HP,15S,AMD Ryzen 7 5700U,AMD Radeon Graphics,12,512,SSD,15.6,0,15676,478,10576500.0,884
New,Medion Akoya E15303,Medion,Akoya,AMD Ryzen 5 4500U,AMD Radeon Graphics,8,256,SSD,15.6,0,10798,478,9299730.0,885
New,MSI Summit E13 FlipEvo A12MT-030ES,MSI,Summit,Intel Core i7-1280P,Intel Iris Xe Graphics,32,1000,SSD,13.4,1,20311,2657,31333500.0,886
New,Thomson Neo Black,Thomson,Neo,Intel Celeron N4020,Intel UHD Graphics 600,4,64,eMMC,14.1,0,1546,317,3808695.0,887
New,PcCom Revolt 3050,PcCom,Revolt,Intel Core i5-13500H,RTX 3050,16,500,SSD,15.6,0,21876,12578,19798350.0,888
New,PcCom Revolt 3060,PcCom,Revolt,Intel Core i7-12700H,RTX 3060,32,1000,SSD,15.6,0,25766,20376,29700165.0,889
New,LG Gram 17Z90R-G.AD78B,LG,Gram,Intel Evo Core i7-1360P,Intel Iris Xe Graphics,32,1000,SSD,17.0,0,18760,2657,36283500.0,890
New,HP 15S-EQ2073NS,HP,15S,AMD Ryzen 5 5500U,AMD Radeon Graphics,8,512,SSD,15.6,0,12868,478,7913565.0,891
New,Lenovo ThinkBook 15 G4 IAP,Lenovo,ThinkBook,Intel Core i5-1235U,Intel Iris Xe Graphics,16,512,SSD,15.6,0,12993,2657,17721000.0,892
New,ASUS ExpertBook B1 B1502CBA-EJ0425X,Asus,ExpertBook,Intel Core i5-1235U,Intel Iris Xe Graphics,16,512,SSD,15.6,0,12993,2657,14338500.0,893
New,Lenovo ThinkPad L14 Gen 3,Lenovo,ThinkPad,Intel Core i5-1235U,Intel Iris Xe Graphics,16,512,SSD,14.0,0,12993,2657,21153000.0,894
New,HP 15s-fq4108ns i7-1195G7,HP,15S,Intel Core i7-1195G7,Intel Iris Xe Graphics,8,512,SSD,15.6,0,10549,2657,10406880.0,895
New,MSI Modern 15 A5M-010XES,MSI,Modern,AMD Ryzen 5 5500U,AMD Radeon Graphics,8,512,SSD,15.6,0,12868,478,11884125.0,896
New,HP 250 G8,HP,250,Intel Core i5-1135G7,Intel Iris Xe Graphics,8,512,SSD,15.6,0,9564,2657,9058500.0,897
Refurbished,Apple MacBook Air,Apple,MacBook Air,Intel Core i5-1030NG7,Intel Iris Plus Graphics G7,16,512,SSD,13.3,0,5604,6864,24717000.0,898
New,LG Ultra 16U70Q,LG,Ultra,AMD Ryzen 7 5825U,AMD Radeon Graphics,16,512,SSD,16.0,0,18219,478,21433500.0,899
New,Lenovo Yoga 7 14ITL5,Lenovo,Yoga,Intel Evo Core i7-1165G7,Intel Iris Xe Graphics,16,512,SSD,14.0,1,1034,2657,27571500.0,900
New,HP 15S-FQ4019NS,HP,15S,Intel Core i5-1155G7,Intel Iris Xe Graphics,8,512,SSD,15.6,0,9814,2657,9385530.0,901
New,HP 250 G8 2W9A0EA,HP,250,Intel Core i3-1115G4,Intel UHD Graphics,8,256,SSD,15.6,0,5934,1495,9183735.0,902
New,Lenovo IdeaPad 3 Gen 6 14ITL6,Lenovo,IdeaPad,Intel Core i5-1135G7,Intel Iris Xe Graphics,8,512,SSD,14.0,0,9564,2657,13926000.0,903
Refurbished,ASUS ROG Strix SCAR 17 2023 G733PY-LL002,Asus,ROG,AMD Ryzen 9 7945HX,RTX 4090,32,1000,SSD,17.3,0,54683,38262,53760135.0,904
New,Lenovo Thinkpad E15 Gen 4,Lenovo,ThinkPad,Intel Core i5-1235U,Intel Iris Xe Graphics,16,512,SSD,15.6,0,12993,2657,17638500.0,905
New,Lenovo V15 G2 ALC,Lenovo,V15,AMD Ryzen 7 5700U,AMD Radeon Graphics,8,512,SSD,15.6,0,15676,478,9322665.0,906
New,HP OMEN 16-c0030np,HP,Omen,AMD Ryzen 7 5800H,RTX 3070,16,512,SSD,16.1,0,20856,23392,26080230.0,907
New,Lenovo IdeaPad Flex 5 13ITL6 Chromebook 13ITL6,Lenovo,IdeaPad,Intel Core i5-1135G7,Intel Iris Xe Graphics,8,256,SSD,13.3,1,9564,2657,12853665.0,908
New,Lenovo Yoga Slim 9 14IAP7,Lenovo,Yoga,Intel Evo Core i7-1280P,Intel Iris Xe Graphics,16,1000,SSD,14.0,1,20311,2657,32653500.0,909
New,Lenovo Yoga Slim 9 14IAP7,Lenovo,Yoga,Intel Evo Core i7-1280P,Intel Iris Xe Graphics,16,1000,SSD,14.0,1,20311,2657,34633500.0,910
Refurbished,MSI Modern 15 B12M-043XES,MSI,Modern,Intel Core i7-1255U,Intel Iris Xe Graphics,16,1000,SSD,15.6,0,13289,2657,17308500.0,911
New,Acer ConceptD 3 Pro CN314-73P-77XL,Acer,ConceptD,Intel Core i7-11800H,T1200,16,1000,SSD,14.0,0,20086,7772,31333500.0,912
New,Acer Nitro 5 AN515-46-R80A,Acer,Nitro,AMD Ryzen 5 6600H,RTX 3050,16,512,SSD,15.6,0,18680,12578,25723500.0,913
New,HP ChromeBook 14b-na0005ns,HP,Chromebook,AMD Athlon Silver 3050C,AMD Radeon Graphics,4,64,eMMC,14.0,0,2879,478,6583500.0,914
New,MSI Pulse GL66 12UGK-465ES,MSI,Pulse,Intel Core i7-12700H,RTX 3070,16,1000,SSD,15.6,0,25766,23392,34633500.0,915
New,Microsoft Surface Laptop 5 Platino,Microsoft,Surface Laptop,Intel Evo Core i7-1255U,Intel Iris Xe Graphics,16,512,SSD,15.0,1,13289,2657,34303500.0,916
New,Razer Blade 15 Advanced Model QHD,Razer,Blade,Intel Core i7-11800H,RTX 3070,16,1000,SSD,15.6,0,20086,23392,46200000.0,917
New,Razer Blade 15 OLED QHD,Razer,Blade,Intel Core i9-12900H,RTX 3070,16,1000,SSD,15.6,0,27500,23392,61033500.0,918
New,Razer Blade 17 FullHD 360Hz,Razer,Blade,Intel Core i7-12800H,RTX 3080,32,1000,SSD,17.3,0,24504,26922,70949835.0,919
New,Samsung Galaxy Book2,Samsung,Galaxy Book,Intel Core i5-1235U,Intel Iris Xe Graphics,8,256,SSD,15.6,0,12993,2657,14008665.0,920
New,Samsung Galaxy Book2 Pro,Samsung,Galaxy Book,Intel Evo Core i5-1240P,Intel Iris Xe Graphics,16,512,SSD,13.3,0,16671,2657,22258500.0,921
New,Samsung Galaxy Book3 Pro,Samsung,Galaxy Book,Intel Evo Core i7-1360P,Intel Iris Xe Graphics,16,512,SSD,16.0,0,18760,2657,33841335.0,922
New,HP ZBook Firefly 16 G9,HP,Zbook,Intel Core i7-1265U,T500,32,1000,SSD,16.0,0,13442,3642,35465100.0,923
New,Lenovo Yoga Slim 7 ProX 14IAH7,Lenovo,Yoga,Intel Evo Core i7-12700H,Intel Iris Xe Graphics,16,512,SSD,14.5,0,30444,2657,25756500.0,924
New,Acer ConceptD 7 Ezel CC715-72G-72AS,Acer,ConceptD,Intel Core i7-11800H,RTX 3080,32,1000,SSD,15.6,1,20086,26922,60901500.0,925
Refurbished,HP ProBook 650 G4,HP,ProBook,Intel Core i5-8250U,Intel UHD Graphics 620,8,256,SSD,15.6,0,5821,1042,11219175.0,926
New,HP ZBook Studio G9,HP,Zbook,Intel Core i7-12700H,RTX A1000,32,512,SSD,16.0,0,25766,10607,47291640.0,927
Refurbished,Apple MacBook Air i5,Apple,MacBook Air,Intel Core i5-5250U,Intel HD Graphics 6000,4,128,SSD,13.3,0,2447,2045,4933500.0,928
Refurbished,Lenovo ThinkPad E15 Gen 2,Lenovo,ThinkPad,Intel Core i7-1165G7,Intel Iris Xe Graphics,16,512,SSD,15.6,0,10011,2657,16069185.0,929
New,Microsoft Surface Pro 9 Platino,Microsoft,Surface Pro,Intel Evo Core i5-1235U,Intel Iris Xe Graphics,16,256,SSD,13.0,1,12993,2657,29337000.0,930
New,Samsung Galaxy Book3 360,Samsung,Galaxy Book,Intel Evo Core i5-1340P,Intel Iris Xe Graphics,16,512,SSD,13.3,1,18784,2657,25756500.0,931
Refurbished,Apple MacBook Air i5,Apple,MacBook Air,Intel Core i5-8210Y,Intel UHD Graphics 617,8,128,SSD,13.3,0,2738,855,5473875.0,932
New,Razer Blade 16 QHD+,Razer,Blade,Intel Core i9-13950HX,RTX 4080,32,1000,SSD,16.0,0,41877,34435,69298515.0,933
New,HP 15S-FQ3012NS,HP,15S,Intel Celeron N4500,Intel UHD Graphics,8,512,SSD,15.6,0,1882,1495,6468000.0,934
New,Samsung Galaxy Book2 Business,Samsung,Galaxy Book,Intel Core i7-1260P,Intel Iris Xe Graphics,16,512,SSD,14.0,0,16814,2657,26383500.0,935
New,ASUS ExpertBook B1 B1502CBA-EJ0433,Asus,ExpertBook,Intel Core i3-1215U,Intel UHD Graphics,8,256,SSD,15.6,0,10548,1495,7358835.0,936
New,Deep Gaming Nubian 17,Deep Gaming,Nubian,Intel Core i7-13700H,RTX 3050,32,1000,SSD,17.3,0,26456,12578,25558665.0,937
New,HP Essential 250 G8,HP,250,Intel Core i3-1115G4,Intel UHD Graphics,8,256,SSD,15.6,0,5934,1495,13713480.0,938
New,HP ProBook 440 G9,HP,ProBook,Intel Core i5-1235U,Intel Iris Xe Graphics,8,256,SSD,14.0,0,12993,2657,14340810.0,939
New,Lenovo V15 IIL,Lenovo,V15,Intel Core i3-1005G1,Intel UHD Graphics,8,512,SSD,15.6,0,4864,1495,12764400.0,940
New,MSI Katana GF66 12UC-873XES,MSI,Katana,Intel Core i5-12450H,RTX 3050,16,512,SSD,15.6,0,16401,12578,14438490.0,941
New,MSI Pulse GL66 12UEK-034ES,MSI,Pulse,Intel Core i7-12700H,RTX 3060,32,1000,SSD,15.6,0,25766,20376,36581655.0,942
New,Dell Vostro 5620,Dell,Vostro,Intel Core i7-1260P,Intel Iris Xe Graphics,16,512,SSD,16.0,0,16814,2657,18026580.0,943
New,ASUS F515EA-BQ3062X,Asus,F515,Intel Core i3-1115G4,Intel UHD Graphics,8,512,SSD,15.6,0,5934,1495,9084900.0,944
New,HP 15S-EQ1137NS,HP,15S,AMD Athlon Silver 3050U,AMD Radeon Graphics,8,256,SSD,15.6,0,2954,478,6451830.0,945
New,HP 15S-EQ1148NS,HP,15S,AMD Athlon Silver 3050U,AMD Radeon Graphics,8,512,SSD,15.6,0,2954,478,6699000.0,946
New,HP 15S-EQ1160NS,HP,15S,AMD 3020e,AMD Radeon Graphics,4,128,SSD,15.6,0,2411,478,6299040.0,947
New,HP 15S-FQ4104NS,HP,15S,Intel Core i5-1155G7,Intel Iris Xe Graphics,8,256,SSD,15.6,0,9814,2657,8164365.0,948
New,HP EliteBook 840 G8,HP,EliteBook,Intel Core i5-1135G7,Intel Iris Xe Graphics,8,256,SSD,14.0,0,9564,2657,12387045.0,949
New,HP Victus 16-e1017ns,HP,Victus,AMD Ryzen 5 6600H,RTX 3050,16,512,SSD,16.1,0,18680,12578,18480000.0,950
New,Lenovo ThinkPad L15 Gen 2,Lenovo,ThinkPad,Intel Core i5-1145G7,Intel Iris Xe Graphics,16,256,SSD,15.6,0,9513,2657,15988500.0,951
Refurbished,Apple MacBook Air,Apple,MacBook Air,Intel Core i5-1030NG7,Intel Iris Plus Graphics G7,8,512,SSD,13.3,0,5604,6864,14767500.0,952
New,MSI Raider GE78HX 13VI-063ES,MSI,Raider,Intel Core i9-13980HX,RTX 4090,64,2000,SSD,17.0,0,46648,38262,85783500.0,953
New,Medion Classmate Pro E14409 MD62157,Medion,Classmate Pro,Intel Core i3-1005G1,Intel UHD Graphics,4,128,SSD,14.0,0,4864,1495,4514565.0,954
New,Lenovo V15 G2 ALC,Lenovo,V15,AMD Ryzen 7 5700U,AMD Radeon Graphics,8,256,SSD,15.6,0,15676,478,10378335.0,955
New,HP Victus 16-E0073NS,HP,Victus,AMD Ryzen 7 5800H,Radeon Pro 5500M,8,512,SSD,16.1,0,20856,6723,16203000.0,956
New,Acer Aspire 3 A315-56-519X,Acer,Aspire,Intel Core i5-1035G1,Intel UHD Graphics,8,256,SSD,15.6,0,7233,1495,7835190.0,957
Refurbished,Asus ZenBook Flip 13 UX363JA-EM189T,Asus,ZenBook,Intel Core i5-1035G4,Intel Iris Plus Graphics G4,16,512,SSD,13.3,1,7828,6864,11193435.0,958
New,Dell Vostro 3420,Dell,Vostro,Intel Core i5-1135G7,Intel Iris Xe Graphics,8,256,SSD,14.0,0,9564,2657,11506440.0,959
Refurbished,Lenovo IdeaPad Flex 5 14ITL05,Lenovo,IdeaPad,Intel Core i5-1135G7,Intel Iris Xe Graphics,8,512,SSD,14.0,1,9564,2657,13183500.0,960
New,ASUS VivoBook Flip 14 TP401MA-EC448W,Asus,VivoBook,Intel Celeron N4020,Intel UHD Graphics 600,4,256,SSD,14.0,1,1546,317,6567165.0,961
New,Asus Chromebook C204MA-GJ0342,Asus,Chromebook,Intel Celeron N4020,Intel UHD Graphics 600,4,32,eMMC,11.6,0,1546,317,3947625.0,962
New,HP 15S-EQ1126NS,HP,15S,AMD Athlon Silver 3050U,AMD Radeon Graphics,8,256,SSD,15.6,0,2954,478,6340455.0,963
New,HP 255 G7,HP,255,AMD Ryzen 3 3200U,AMD Radeon Vega 3 Graphics,8,256,SSD,15.6,0,3751,3159,9177630.0,964
New,Lenovo 100e,Lenovo,100e,Intel Celeron N4000,Intel UHD Graphics 600,4,128,SSD,11.6,0,1430,317,5775000.0,965
New,Lenovo ThinkPad P16s Gen 1,Lenovo,ThinkPad,Intel Core i7-1260P,T550,32,1000,SSD,16.0,0,16814,4777,42487500.0,966
New,Lenovo Thinkpad P17 Gen 2,Lenovo,ThinkPad,Intel Core i7-11850H,RTX A3000,32,1000,SSD,17.3,0,21365,13692,57698190.0,967
New,MSI Katana 17 B13VEK-298ES,MSI,Katana,Intel Core i7-13620H,RTX 4050,16,1000,SSD,17.3,0,24272,14435,24693240.0,968
New,Microsoft Surface Go 3 Business 4G LTE,Microsoft,Surface Go,Intel Core i3-10100Y,Intel UHD Graphics,8,128,SSD,10.5,1,2876,1495,14084235.0,969
New,Vant Moove3-14,Vant,Moove,Intel Core i5-1135G7,Intel Iris Xe Graphics,16,500,SSD,14.0,0,9564,2657,10658835.0,970
Refurbished,MSI Pulse GL66 12UEK-086XES,MSI,Pulse,Intel Core i7-12700H,RTX 3060,16,1000,SSD,15.6,0,25766,20376,27208500.0,971
New,Asus F515JA-BR1164T,Asus,F515,Intel Core i3-1005G1,Intel UHD Graphics,8,256,SSD,15.6,0,4864,1495,10730940.0,972
New,Lenovo ThinkBook 13s G4,Lenovo,ThinkBook,Intel Core i5-1240P,Intel Iris Xe Graphics,16,512,SSD,13.3,0,16671,2657,21625065.0,973
New,ASUS ExpertBook B1 B1502CBA-EJ0426X,Asus,ExpertBook,Intel Core i7-1255U,Intel Iris Xe Graphics,16,512,SSD,15.6,0,13289,2657,15683745.0,974
Refurbished,Asus ROG Zephyrus M GU603HR-K8009T,Asus,ROG,Intel Core i7-11800H,RTX 3070,32,1000,SSD,16.0,0,20086,23392,42883500.0,975
New,HP 250 G9,HP,250,Intel Celeron N4500,Intel UHD Graphics,8,256,SSD,15.6,0,1882,1495,5901060.0,976
New,HP 250 G9,HP,250,Intel Core i3-1215U,Intel UHD Graphics,8,256,SSD,15.6,0,10548,1495,10461825.0,977
New,HP EliteBook 860 G9,HP,EliteBook,Intel Core i7-1255U,Intel Iris Xe Graphics,32,1000,SSD,16.0,0,13289,2657,28633275.0,978
New,Alurin Flex Advance,Alurin,Flex Advance,Intel Core i5-1155G7,Intel Iris Xe Graphics,16,500,SSD,14.0,0,9814,2657,10378665.0,979
Refurbished,Lenovo ThinkPad T480s,Lenovo,ThinkPad,Intel Core i7-8565U,Intel UHD Graphics 620,8,256,SSD,14.0,0,6187,1042,11747175.0,980
Refurbished,Apple MacBook Air,Apple,MacBook Air,Intel Core i5-8210Y,Intel UHD Graphics 617,8,128,SSD,13.0,0,2738,855,6454305.0,981
New,Lenovo IdeaPad Flex 5 14ALC05,Lenovo,IdeaPad,AMD Ryzen 7 5700U,AMD Radeon Graphics,16,512,SSD,14.0,0,15676,478,17457000.0,982
New,MSI Creator Z17 HX Studio A13VGT-044ES,MSI,Creator,Intel Core i9-13950HX,RTX 4070,32,1000,SSD,17.0,1,41877,31754,52393275.0,983
New,MSI Katana 17 B13VEK-294XES,MSI,Katana,Intel Core i7-13620H,RTX 4050,16,1000,SSD,17.3,0,24272,14435,24693240.0,984
New,Lenovo IdeaPad D330-10IGM,Lenovo,IdeaPad,Intel Celeron N4000,Intel UHD Graphics 600,4,64,eMMC,10.1,1,1430,317,5346000.0,985
New,Microsoft Surface Laptop 5 Negro,Microsoft,Surface Laptop,Intel Evo Core i7-1265U,Intel Iris Xe Graphics,16,512,SSD,15.0,1,13442,2657,38115000.0,986
New,Microsoft Surface Laptop Studio,Microsoft,Surface Laptop,Intel Core i7-11370H,RTX 3050,32,1000,SSD,14.4,1,11646,12578,46183500.0,987
New,HP 15S-eq2093ns,HP,15S,AMD Ryzen 3 5300U,AMD Radeon Graphics,8,512,SSD,15.6,0,9612,478,7762260.0,988
New,Lenovo Legion Pro 7 16IRX8H,Lenovo,Legion,Intel Core i9-13900HX,RTX 4080,32,1000,SSD,16.0,0,43218,34435,75582045.0,989
New,Lenovo V14,Lenovo,V14,Intel Core i3-10110U,Intel UHD Graphics,8,256,SSD,14.0,0,3866,1495,7994250.0,990
New,ASUS VivoBook F1500EA-EJ3066W,Asus,VivoBook,Intel Core i7-1165G7,Intel Iris Xe Graphics,8,512,SSD,15.6,0,10011,2657,10312500.0,991
New,ASUS ZenBook 14 UM3402YA-KP287,Asus,ZenBook,AMD Ryzen 5 5625U,AMD Radeon Graphics,16,512,SSD,14.0,0,14837,478,13408065.0,992
New,ASUS ProArt StudioBook Pro 16 OLED W7600Z3A-L2022X,Asus,ProArt,Intel Core i7-12700H,RTX A3000,32,1000,SSD,16.0,0,25766,13692,46959000.0,993
New,Acer Predator Helios 300 PH315-54,Acer,Predator,Intel Core i7-11800H,RTX 3070,16,1000,SSD,15.6,0,20086,23392,30508500.0,994
New,Dell Latitude 5330,Dell,Latitude,Intel Core i5-1235U,Intel Iris Xe Graphics,16,512,SSD,13.3,0,12993,2657,17679585.0,995
Refurbished,Dell Latitude 7490,Dell,Latitude,Intel Core i5-8350U,Intel UHD Graphics 620,8,512,SSD,14.0,0,6144,1042,11533500.0,996
New,Lenovo ThinkPad P15 Gen 1,Lenovo,ThinkPad,Intel Core i7-10750H,T2000,16,512,SSD,15.6,0,11662,7235,27555165.0,997
New,Asus VivoBook F1605PA-MB145,Asus,VivoBook,Intel Core i5-11300H,Intel Iris Xe Graphics,8,256,SSD,16.0,0,10849,2657,7753350.0,998
New,Acer Nitro 5 AN517-54-9875,Acer,Nitro,Intel Core i9-11900H,RTX 3060,16,512,SSD,17.3,0,20244,20376,24678885.0,999
New,Alurin Go Start,Alurin,Go,Intel Celeron N4020,Intel UHD Graphics 600,8,256,SSD,14.0,0,1546,317,5593500.0,1000
Refurbished,Asus ROG Zephyrus G15 GA503QR-HQ007T,Asus,ROG,AMD Ryzen 7 5800HS,RTX 3070,16,1000,SSD,15.6,0,19737,23392,26400000.0,1001
New,HP 15S-FQ4089NS,HP,15S,Intel Core i5-1155G7,Intel Iris Xe Graphics,16,512,SSD,15.6,0,9814,2657,11346060.0,1002
New,LG Gram UltraSlim 15Z90RT-G.AA75B,LG,Gram,Intel Evo Core i7-1360P,Intel Iris Xe Graphics,16,512,SSD,15.0,0,18760,2657,35901195.0,1003
New,Lenovo ThinkPad L13 Gen 2,Lenovo,ThinkPad,AMD Ryzen 5 Pro 5650U,AMD Radeon Graphics,8,256,SSD,13.3,0,14616,478,13183500.0,1004
New,ASUS ExpertBook B5 Flip B5402FEA-HY0119X,Asus,ExpertBook,Intel Core i5-1155G7,Intel Iris Xe Graphics,16,512,SSD,14.0,1,9814,2657,19783500.0,1005
Refurbished,Dell Latitude 5510,Dell,Latitude,Intel Core i5-10210U,Intel UHD Graphics,8,256,SSD,15.6,0,6136,1495,16483500.0,1006
New,HP 15S-EQ2131NS,HP,15S,AMD Ryzen 3 5300U,AMD Radeon Graphics,8,256,SSD,15.6,0,9612,478,6458265.0,1007
New,HP 255 G9,HP,255,AMD Ryzen 5 5625U,AMD Radeon Graphics,8,512,SSD,15.6,0,14837,478,8217000.0,1008
New,HP ProBook 450 G9,HP,ProBook,Intel Core i5-1235U,Intel Iris Xe Graphics,8,256,SSD,15.6,0,12993,2657,14113935.0,1009
New,Lenovo Legion 5 15IAH7H,Lenovo,Legion,Intel Core i7-12700H,RTX 3060,16,512,SSD,15.6,0,25766,20376,30195000.0,1010
New,Lenovo ThinkPad E14 Gen 4,Lenovo,ThinkPad,Intel Core i5-1235U,Intel Iris Xe Graphics,8,256,SSD,14.0,0,12993,2657,16962000.0,1011
New,Lenovo ThinkPad P15v Gen 3,Lenovo,ThinkPad,Intel Core i7-12700H,T600,16,512,SSD,15.6,0,25766,6469,37306335.0,1012
New,Lenovo Yoga 7 14ARB7,Lenovo,Yoga,AMD Ryzen 7 6800U,AMD Radeon Graphics,16,512,SSD,14.0,1,20290,478,23727000.0,1013
New,Prixton Netbook Pro,Prixton,Netbook Pro,Intel Celeron N4020,Intel UHD Graphics 600,4,128,SSD,15.6,0,1546,317,4074675.0,1014
Refurbished,Apple MacBook Pro,Apple,MacBook Pro,Intel Core i5-8257U,Intel Iris Plus Graphics 645,8,256,SSD,13.3,0,7443,6864,12526800.0,1015
New,ASUS ExpertBook P1412CEA-EK0298XA,Asus,ExpertBook,Intel Core i3-1115G4,Intel UHD Graphics,8,256,SSD,14.0,0,5934,1495,8433645.0,1016
New,ASUS VivoBook 16 F1605PA-MB104,Asus,VivoBook,Intel Core i5-11300H,Intel Iris Xe Graphics,8,512,SSD,16.0,0,10849,2657,8250000.0,1017
New,Acer Extensa 15 EX215-22-R3V0,Acer,Extensa,AMD Ryzen 5 3500U,AMD Radeon Vega 8 Graphics,8,256,SSD,15.6,0,6868,3159,7243500.0,1018
Refurbished,Dell Vostro 15,Dell,Vostro,AMD Ryzen 5 5625U,AMD Radeon Graphics,8,256,SSD,15.6,0,14837,478,8744835.0,1019
New,MSI Vector GP77 13VG-068XPT,MSI,Vector,Intel Core i7-13700H,RTX 4070,32,1000,SSD,17.3,0,26456,31754,43899075.0,1020
New,Lenovo V15 G2-ITL,Lenovo,V15,Intel Core i5-1135G7,Intel Iris Xe Graphics,8,512,SSD,15.6,0,9564,2657,13368300.0,1021
Refurbished,Lenovo ThinkPad L13 Gen 2,Lenovo,ThinkPad,Intel Core i5-1135G7,Intel Iris Xe Graphics,8,256,SSD,13.3,0,9564,2657,16638105.0,1022
New,HP 15S-FQ4074NS,HP,15S,Intel Core i5-1155G7,Intel Iris Xe Graphics,8,1000,SSD,15.6,0,9814,2657,11797500.0,1023
New,ASUS ZenBook 14 UM3402YA-KP286,Asus,ZenBook,AMD Ryzen 5 5625U,AMD Radeon Graphics,8,512,SSD,14.0,0,14837,478,12465420.0,1024
New,Dell Vostro 5320,Dell,Vostro,Intel Evo Core i7-1260P,Intel Iris Xe Graphics,16,512,SSD,13.3,0,16814,2657,20064000.0,1025
New,Lenovo ThinkPad P1 Gen 3,Lenovo,ThinkPad,Intel Core i7-10750H,T1000,16,512,SSD,15.6,0,11662,7630,30640500.0,1026
Refurbished,Apple MacBook Pro,Apple,MacBook Pro,Apple M1 Pro 10 Core 3200 MHz,Apple M1 Pro GPU,16,1000,SSD,14.2,0,21899,17789,45358500.0,1027
New,ASUS Chromebook CX9400CEA-KC0172,Asus,Chromebook,Intel Core i5-1135G7,Intel Iris Xe Graphics,8,256,SSD,14.0,0,9564,2657,18868245.0,1028
New,ASUS F515EA,Asus,F515,Intel Core i5-1135G7,Intel Iris Xe Graphics,12,512,SSD,15.6,0,9564,2657,13608870.0,1029
New,ASUS TUF Gaming A15 TUF507NV-LP042,Asus,TUF,AMD Ryzen 7 7735HS,RTX 4060,16,1000,SSD,15.6,0,23295,22749,22027665.0,1030
Refurbished,Dell Vostro 3510,Dell,Vostro,Intel Core i7-1165G7,Intel Iris Xe Graphics,16,512,SSD,15.6,0,10011,2657,15380475.0,1031
New,HP 15S-FQ3001NS,HP,15S,Intel Celeron N4500,Intel UHD Graphics,4,128,SSD,15.6,0,1882,1495,6524100.0,1032
New,HP 15S-eq2126ns,HP,15S,AMD Ryzen 3 5300U,AMD Radeon Graphics,8,256,SSD,15.6,0,9612,478,8728500.0,1033
New,HP EliteBook 830 G9,HP,EliteBook,Intel Core i5-1235U,Intel Iris Xe Graphics,16,512,SSD,13.3,0,12993,2657,22692450.0,1034
New,Lenovo 100w Gen 3,Lenovo,100w,AMD 3015e,AMD Radeon Graphics,4,128,eMMC,11.6,0,2657,478,6550500.0,1035
New,Lenovo IdeaPad 3 Gen 7,Lenovo,IdeaPad,AMD Ryzen 7 5825U,AMD Radeon Graphics,16,512,SSD,17.3,0,18219,478,18759510.0,1036
New,Lenovo ThinkPad T14 Gen 3,Lenovo,ThinkPad,Intel Core i7-1260P,Intel Iris Xe Graphics,16,512,SSD,14.0,0,16814,2657,30881400.0,1037
New,Medion Akoya E15301,Medion,Akoya,AMD Ryzen 5 3500U,AMD Radeon Vega 8 Graphics,8,256,SSD,15.6,0,6868,3159,6599835.0,1038
New,Primux IoxBook 15R3A,Primux,Ioxbook,AMD Ryzen 3 3200U,AMD Radeon Vega 3 Graphics,8,256,SSD,15.6,0,3751,3159,9890265.0,1039
New,HP 255 G8,HP,255,AMD Ryzen 5 5500U,AMD Radeon Graphics,16,512,SSD,15.6,0,12868,478,9817665.0,1040
New,Lenovo IdeaPad Duet 3 Chrome 11Q727,Lenovo,IdeaPad,Snapdragon 7c Gen 2,Adreno 618,8,128,eMMC,10.95,1,3857,127,8761500.0,1041
New,Lenovo V15 G2 ITL,Lenovo,V15,Intel Core i7-1165G7,Intel Iris Xe Graphics,8,512,SSD,15.6,0,10011,2657,11698500.0,1042
Refurbished,ASUS ROG Flow X16 GV601RW-M5041W,Asus,ROG,AMD Ryzen 9 6900HS,RTX 3070,32,1000,SSD,16.0,1,23237,23392,54433500.0,1043
Refurbished,Apple MacBook Pro,Apple,MacBook Pro,Intel Core i5-1038NG7,Intel Iris Plus Graphics G7,16,512,SSD,13.3,0,8838,6864,21491910.0,1044
Refurbished,Apple Macbook Pro Intel Core i7,Apple,MacBook Pro,Intel Core i7-9750H,Radeon Pro 5300M,16,512,SSD,16.0,0,10705,5926,18045885.0,1045
New,Lenovo Legion Pro 5 16IRX8,Lenovo,Legion,Intel Core i7-13700HX,RTX 4060,32,1000,SSD,16.0,0,32855,22749,36283665.0,1046
New,ASUS ExpertBook B1 B1402CBA-EB0822X,Asus,ExpertBook,Intel Core i5-1235U,Intel Iris Xe Graphics,16,512,SSD,14.0,0,12993,2657,13392720.0,1047
New,Asus VivoBook S15 S533FA-BQ108T,Asus,VivoBook,Intel Core i5-10210U,Intel UHD Graphics,8,256,SSD,15.6,0,6136,1495,10543500.0,1048
New,Dell Latitude 5330,Dell,Latitude,Intel Core i7-1265U,Intel Iris Xe Graphics,16,512,SSD,13.3,0,13442,2657,20897085.0,1049
New,HP 15S-EQ2085NS,HP,15S,AMD Ryzen 5 5500U,AMD Radeon Graphics,8,512,SSD,15.6,0,12868,478,8851920.0,1050
New,HP 15S-FQ4107NS,HP,15S,Intel Core i5-1155G7,Intel Iris Xe Graphics,8,512,SSD,15.6,0,9814,2657,9108000.0,1051
New,PcCom Revolt 4060,PcCom,Revolt,Intel Core i7-13700H,RTX 4060,16,1000,SSD,15.6,0,26456,22749,29698350.0,1052
Refurbished,Apple Macbook Pro Intel Core i9,Apple,MacBook Pro,Intel Core i9-9980HK,Radeon Pro 5500M,32,2000,SSD,16.0,0,14012,6723,45457500.0,1053
New,HP Pavilion 15-EH1007NS,HP,Pavilion,AMD Ryzen 5 5500U,AMD Radeon Graphics,16,512,SSD,15.6,0,12868,478,11071665.0,1054
Refurbished,Microsoft Surface Pro 7,Microsoft,Surface Pro,Intel Core i5-1035G4,Intel Iris Plus Graphics G4,8,256,SSD,12.3,0,7828,6864,14289000.0,1055
New,Samsung Chromebook 4 XE310XBA-K01ES,Samsung,Chromebook,Intel Celeron N4000,Intel UHD Graphics 600,4,32,eMMC,11.6,0,1430,317,6037350.0,1056
New,Acer Extensa 15 EX215-52-53XM,Acer,Extensa,Intel Core i5-1035G1,Intel UHD Graphics,8,256,SSD,15.6,0,7233,1495,8156775.0,1057
New,MSI Prestige 16 A12UD-221XES,MSI,Prestige,Intel Core i7-1280P,RTX 3050,16,1000,SSD,16.0,0,20311,12578,31548165.0,1058
New,ASUS VivoBook 17 F1704VA-AU080W,Asus,VivoBook,Intel Core i5-1335U,Intel Iris Xe Graphics,16,512,SSD,17.3,0,14372,2657,14226135.0,1059
Refurbished,Apple MacBook Pro,Apple,MacBook Pro,Intel Core i5-8257U,Intel Iris Plus Graphics 645,8,512,SSD,13.0,0,7443,6864,14125320.0,1060
New,HP 15S-EQ2101NS,HP,15S,AMD Ryzen 5 5500U,AMD Radeon Graphics,8,256,SSD,15.6,0,12868,478,7891290.0,1061
New,HP 15S-EQ2110NS,HP,15S,AMD Ryzen 3 5300U,AMD Radeon Graphics,8,512,SSD,15.6,0,9612,478,6688935.0,1062
New,HP 15S-FQ4102NS,HP,15S,Intel Core i7-1195G7,Intel Iris Xe Graphics,8,512,SSD,15.6,0,10549,2657,12121560.0,1063
New,HP 255 G9,HP,255,AMD Ryzen 5 5625U,AMD Radeon Graphics,8,512,SSD,15.6,0,14837,478,8374245.0,1064
New,Lenovo ThinkBook 13s G4 IAP,Lenovo,ThinkBook,Intel Core i7-1260P,Intel Iris Xe Graphics,16,512,SSD,13.3,0,16814,2657,21255135.0,1065
Refurbished,ASUS VivoBook Pro 15 OLED K3500PC-L1293,Asus,VivoBook,Intel Core i5-11300H,RTX 3050,16,512,SSD,15.6,0,10849,12578,18133500.0,1066
New,Lenovo V15 G3 IAP,Lenovo,V15,Intel Core i7-1255U,Intel Iris Xe Graphics,8,512,SSD,15.6,0,13289,2657,14904450.0,1067
New,Microsoft Surface Pro 9 Platino,Microsoft,Surface Pro,Intel Evo Core i5-1235U,Intel Iris Xe Graphics,8,256,SSD,13.0,1,12993,2657,21349845.0,1068
Refurbished,Apple MacBook Air,Apple,MacBook Air,Intel Core i5-8210Y,Intel UHD Graphics 617,8,256,SSD,13.3,0,2738,855,10820040.0,1069
Refurbished,Apple MacBook Air,Apple,MacBook Air,Intel Core i5-1030NG7,Intel Iris Plus Graphics G7,16,512,SSD,13.3,0,5604,6864,14602335.0,1070
Refurbished,Apple MacBook Pro,Apple,MacBook Pro,Apple M1 8 Core 3200 MHz,Apple M1 GPU,8,256,SSD,13.3,0,14145,19388,16991040.0,1071
Refurbished,HP ProBook 430 G5,HP,ProBook,Intel Core i5-8250U,Intel UHD Graphics 620,8,256,SSD,13.3,0,5821,1042,6814500.0,1072
New,Dell Latitude 5530,Dell,Latitude,Intel Core i7-1255U,Intel Iris Xe Graphics,16,512,SSD,15.6,0,13289,2657,22014465.0,1073
New,Lenovo ThinkBook 16 G4+ IAP,Lenovo,ThinkBook,Intel Core i7-1255U,Intel Iris Xe Graphics,16,512,SSD,16.0,0,13289,2657,20350770.0,1074
New,Lenovo V17 G3 IAP,Lenovo,V17,Intel Core i5-1235U,Intel Iris Xe Graphics,16,512,SSD,17.3,0,12993,2657,16493730.0,1075
New,Samsung Chromebook Go,Samsung,Chromebook,Intel Celeron N4500,Intel UHD Graphics,4,64,eMMC,14.0,0,1882,1495,6092955.0,1076
New,ASUS ROG Strix G17  G713PV-R97B46CB1,Asus,ROG,AMD Ryzen 9 7945HX,RTX 4060,16,1000,SSD,17.3,0,54683,22749,36350655.0,1077
Refurbished,Asus Rog Strix G15 G513QY-HQ008,Asus,ROG,AMD Ryzen 9 5900HX,AMD Radeon Graphics,16,1000,SSD,15.6,0,22369,478,20601735.0,1078
Refurbished,Apple MacBook Pro,Apple,MacBook Pro,Intel Core i5-8257U,Intel Iris Plus Graphics 645,8,256,SSD,13.3,0,7443,6864,12526800.0,1079
New,Lenovo ThinkPad P14s Gen 3,Lenovo,ThinkPad,Intel Core i7-1260P,T550,32,1000,SSD,14.0,0,16814,4777,41893500.0,1080
Refurbished,Acer Aspire 3 A317-53G-54LF,Acer,Aspire,Intel Core i5-1135G7,Intel Iris Xe Graphics,8,512,SSD,17.3,0,9564,2657,11769120.0,1081
New,HP 15S-fq4015ns,HP,15S,Intel Core i5-1155G7,Intel Iris Xe Graphics,8,512,SSD,15.6,0,9814,2657,8748135.0,1082
New,HP Victus 16-E0069NS,HP,Victus,AMD Ryzen 5 5600H,GTX 1650,8,512,SSD,16.1,0,16751,10181,13950420.0,1083
New,MSI Katana 17 B13VFK-439PT,MSI,Katana,Intel Core i7-13620H,RTX 4060,16,1000,SSD,17.3,0,24272,22749,31809360.0,1084
New,ASUS F415EA-EK1464,Asus,F415EA,Intel Core i3-1115G4,Intel UHD Graphics,8,256,SSD,14.0,0,5934,1495,7781895.0,1085
New,ASUS VivoBook F515EA-BQ3013W,Asus,VivoBook,Intel Core i5-1135G7,Intel Iris Xe Graphics,8,512,SSD,15.6,0,9564,2657,8695500.0,1086
New,Dell Latitude 5430,Dell,Latitude,Intel Core i5-1235U,Intel Iris Xe Graphics,8,256,SSD,14.0,0,12993,2657,17034270.0,1087
New,Lenovo IdeaPad 5 14ALC05,Lenovo,IdeaPad,AMD Ryzen 5 5500U,AMD Radeon Graphics,16,512,SSD,14.0,0,12868,478,12358500.0,1088
New,Lenovo V15 G2 ALC,Lenovo,V15,AMD Ryzen 5 5500U,AMD Radeon Graphics,8,512,SSD,15.6,0,12868,478,7243500.0,1089
New,Lenovo V15 G3 IAP,Lenovo,V15,Intel Core i7-1255U,Intel Iris Xe Graphics,16,512,SSD,15.6,0,13289,2657,15348960.0,1090
Refurbished,MSI Katana GF66 12UGS-665XES,MSI,Katana,Intel Core i7-12700H,RTX 3070,32,1000,SSD,15.6,0,25766,23392,31333500.0,1091
New,ASUS ExpertBook B1 B1500CEAE-EJ2824X,Asus,ExpertBook,Intel Core i5-1135G7,Intel Iris Xe Graphics,8,512,SSD,15.6,0,9564,2657,11434500.0,1092
New,ASUS TUF Dash F15 TUF517ZM-HN078,Asus,TUF,Intel Core i7-12650H,RTX 3060,16,512,SSD,15.6,0,22065,20376,18067500.0,1093
New,ASUS VivoBook 13 Slate OLED T3300KA-LQ069W,Asus,VivoBook,Intel Pentium Silver N6000,Intel UHD Graphics,8,128,SSD,13.3,1,2997,1495,12374835.0,1094
New,Acer Aspire 5 A514-54G-59FU,Acer,Aspire,Intel Core i5-1135G7,Intel Iris Xe Graphics,8,512,SSD,14.0,0,9564,2657,12698070.0,1095
New,Acer Extensa 15 EX215-52-59MA,Acer,Extensa,Intel Core i5-1035G1,Intel UHD Graphics,8,256,SSD,15.6,0,7233,1495,8774700.0,1096
New,Acer Extensa 15 EX215-54-51HW,Acer,Extensa,Intel Core i5-1135G7,Intel Iris Xe Graphics,8,256,SSD,15.6,0,9564,2657,8743350.0,1097
New,Lenovo IdeaPad 3 14ALC6,Lenovo,IdeaPad,AMD Ryzen 5 5500U,AMD Radeon Graphics,8,512,SSD,14.0,0,12868,478,12490500.0,1098
New,Lenovo ThinkPad E14 G4,Lenovo,ThinkPad,Intel Core i5-1235U,Intel Iris Xe Graphics,16,512,SSD,14.0,0,12993,2657,17638500.0,1099
New,MSI Raider GE78HX 13VH-065ES,MSI,Raider,Intel Core i9-13950HX,RTX 4080,32,2000,SSD,17.0,0,41877,34435,117982755.0,1100
Refurbished,HP EliteBook x360 1030 G3,HP,EliteBook,Intel Core i5-8250U,Intel UHD Graphics 620,8,256,SSD,13.3,1,5821,1042,10230000.0,1101
New,Lenovo LOQ 15IRH8-279,Lenovo,LOQ,Intel Core i5-13500H,RTX 4060,16,512,SSD,15.6,0,21876,22749,24722445.0,1102
New,Acer Chromebook 314 CB314-1H-C07W,Acer,Chromebook,Intel Celeron N4020,Intel UHD Graphics 600,8,64,eMMC,14.0,0,1546,317,6171000.0,1103
Refurbished,ASUS TUF Gaming F15 FX506HE-HN012,Asus,TUF,Intel Core i5-11400H,RTX 3050,16,512,SSD,15.6,0,15398,12578,15658500.0,1104
Refurbished,Apple MacBook,Apple,Macbook,Intel Core M3,Intel HD Graphics,8,256,SSD,12.0,0,2778,921,9134070.0,1105
New,Dell Latitude 3330,Dell,Latitude,Intel Core i5-1155G7,Intel Iris Xe Graphics,8,256,SSD,13.3,0,9814,2657,15048000.0,1106
New,Dell Vostro 5620,Dell,Vostro,Intel Core i5-1240P,Intel Iris Xe Graphics,16,512,SSD,16.0,0,16671,2657,15866400.0,1107
Refurbished,ASUS ZenBook 14 UM425UAZ-KI016W,Asus,ZenBook,AMD Ryzen 7 5700U,AMD Radeon Graphics,16,512,SSD,14.0,0,15676,478,14008500.0,1108
New,ASUS Zenbook 14 OLED UX3402ZA-KM023W,Asus,ZenBook,Intel Evo Core i7-1260P,Intel Iris Xe Graphics,16,512,SSD,14.0,0,16814,2657,21433500.0,1109
Refurbished,Asus VivoBook S14 S433EA-AM612T,Asus,VivoBook,Intel Core i7-1165G7,Intel Iris Xe Graphics,16,512,SSD,14.0,0,10011,2657,13183500.0,1110
New,ASUS VivoBook 17 F1704VA-AU116W,Asus,VivoBook,Intel Core i7-1355U,Intel Iris Xe Graphics,16,512,SSD,17.3,0,14369,2657,15048000.0,1111
New,HP Pavilion 15-EG1008NS,HP,Pavilion,Intel Core i7-1195G7,Intel Iris Xe Graphics,16,512,SSD,15.6,0,10549,2657,15838845.0,1112
New,HP Pavilion x360 14-ek0031ns,HP,Pavilion,Intel Core i7-1255U,Intel Iris Xe Graphics,16,512,SSD,14.0,1,13289,2657,20915070.0,1113
New,ASUS ZenBook 13 OLED UX325EA,Asus,ZenBook,Intel Evo Core i7-1165G7,Intel Iris Xe Graphics,16,512,SSD,13.3,0,1034,2657,16764000.0,1114
New,Dell Vostro 5320,Dell,Vostro,Intel Evo Core i5-1240P,Intel Iris Xe Graphics,16,512,SSD,13.3,0,16671,2657,16833960.0,1115
Refurbished,ASUS P1511CEA-BR1796X,Asus,BR,Intel Core i5-1135G7,Intel Iris Xe Graphics,8,512,SSD,15.6,0,9564,2657,11533500.0,1116
Refurbished,Acer Aspire 3 A315-58-79LA,Acer,Aspire,Intel Core i7-1165G7,Intel Iris Xe Graphics,16,512,SSD,15.6,0,10011,2657,9677910.0,1117
New,Acer Extensa 15 EX215-54-54AL,Acer,Extensa,Intel Core i5-1135G7,Intel Iris Xe Graphics,8,256,SSD,15.6,0,9564,2657,11709225.0,1118
Refurbished,Aspire 3 A315-56-35D3,Acer,Aspire,Intel Core i3-1005G1,Intel UHD Graphics,8,512,SSD,15.6,0,4864,1495,5613960.0,1119
Refurbished,Asus ROG Zephyrus G14 GA401IU-HA123T,Asus,ROG,AMD Ryzen 9 4900HS,GTX 1660,16,1000,SSD,14.0,0,18880,12907,21081060.0,1120
Refurbished,Dynabook Toshiba Tecra A50-J-1BI,Dynabook Toshiba,Tecra,Intel Core i5-1135G7,Intel Iris Xe Graphics,8,512,SSD,15.6,0,9564,2657,15823500.0,1121
Refurbished,MSI Creator Z17 A12UGST-040ES,MSI,Creator,Intel Core i7-12700H,RTX 3070,32,1000,SSD,17.0,1,25766,23392,51133500.0,1122
Refurbished,MSI Pulse GL76 12UEK-245XES,MSI,Pulse,Intel Core i9-12900H,RTX 3060,32,1000,SSD,17.3,0,27500,20376,32983500.0,1123
Refurbished,ASUS ROG Flow Z13 2022 GZ301ZE-LD183W,Asus,ROG,Intel Core i9-12900H,RTX 3050,16,1000,SSD,13.4,1,27500,12578,31333500.0,1124
Refurbished,ASUS ROG Strix G15 G513RM-HQ262,Asus,ROG,AMD Ryzen 7 6800H,RTX 3060,16,1000,SSD,15.6,0,23136,20376,21433500.0,1125
New,ASUS TUF Gaming A15 2023 FA507NV-LP031W,Asus,TUF,AMD Ryzen 7 7735HS,RTX 4060,16,512,SSD,15.6,0,23295,22749,23248500.0,1126
Refurbished,ASUS ZenBook 14 UM425QA-KI188,Asus,ZenBook,AMD Ryzen 5 5600H,AMD Radeon Graphics,16,512,SSD,14.0,0,16751,478,10042560.0,1127
Refurbished,Acer Nitro 5 AN515-58-7365,Acer,Nitro,Intel Core i7-12700H,RTX 3050,16,512,SSD,15.6,0,25766,12578,21433500.0,1128
Refurbished,Acer Predator Helios 300 PH317-55-74GD,Acer,Predator,Intel Core i7-11800H,RTX 3060,16,1000,SSD,17.3,0,20086,20376,24719310.0,1129
Refurbished,Acer Predator Triton 500 SE PT516-51s-77EQ,Acer,Predator,Intel Core i7-11800H,RTX 3060,16,1000,SSD,16.0,0,20086,20376,18250485.0,1130
Refurbished,Apple MacBook Air,Apple,MacBook Air,Intel Core i5-1030NG7,Intel Iris Plus Graphics G7,8,256,SSD,13.3,0,5604,6864,12627945.0,1131
Refurbished,Apple MacBook,Apple,Macbook,Intel Core M3,Intel HD Graphics,8,256,SSD,12.0,0,2778,921,9134070.0,1132
Refurbished,Apple MacBook,Apple,Macbook,Intel Core i5-7Y54,Intel HD Graphics 615,8,512,SSD,12.0,0,2619,1718,11296725.0,1133
Refurbished,Apple MacBook Pro,Apple,MacBook Pro,Apple M1 Pro 10 Core 3200 MHz,Apple M1 Pro GPU,16,1000,SSD,14.2,0,21899,17789,45358500.0,1134
Refurbished,Apple MacBook Pro,Apple,MacBook Pro,Intel Core i5-8257U,Intel Iris Plus Graphics 645,8,256,SSD,13.0,0,7443,6864,13459875.0,1135
Refurbished,Apple MacBook Pro,Apple,MacBook Pro,Intel Core i7-8750H,Intel UHD Graphics 630,16,256,SSD,15.4,0,9837,1236,18451125.0,1136
Refurbished,Apple Macbook Pro Intel Core i9,Apple,MacBook Pro,Intel Core i9-9880H,Radeon Pro 5500M,16,1000,SSD,16.0,0,13607,6723,31760850.0,1137
Refurbished,Asus TUF Gaming F15 FX506HM-HN014,Asus,TUF,Intel Core i7-11800H,RTX 3060,16,1000,SSD,15.6,0,20086,20376,14946360.0,1138
Refurbished,Asus ZenBook Flip 13 OLED UX363EA-HP525T,Asus,ZenBook,Intel Core i7-1165G7,Intel Iris Xe Graphics,16,512,SSD,13.3,1,10011,2657,21433500.0,1139
Refurbished,Asus ZenBook S UX393EA-HK003T,Asus,ZenBook,Intel Evo Core i7-1165G7,Intel Iris Xe Graphics,16,512,SSD,13.9,1,1034,2657,26383500.0,1140
Refurbished,HP 250 G8,HP,250,Intel Core i5-1135G7,Intel Iris Xe Graphics,8,512,SSD,15.6,0,9564,2657,9348570.0,1141
Refurbished,HP EliteBook 830 G7,HP,EliteBook,Intel Core i5-10210U,Intel UHD Graphics,16,512,SSD,13.3,0,6136,1495,21931800.0,1142
Refurbished,HP OMEN 16-c0043ns,HP,Omen,AMD Ryzen 7 5800H,Radeon RX 6600M,16,512,SSD,16.1,0,20856,13933,10466610.0,1143
Refurbished,HP Omen 16-B0048NS,HP,Omen,Intel Core i7-11800H,RTX 3060,16,1000,SSD,16.1,0,20086,20376,23886060.0,1144
Refurbished,HP ProBook 430 G7 8VT57EA,HP,ProBook,Intel Core i7-10510U,Intel UHD Graphics,16,512,SSD,13.3,0,6492,1495,23446170.0,1145
Refurbished,HP ProBook 640 G3,HP,ProBook,Intel Core i5-7200U,Intel HD Graphics 620,4,500,HDD,14.0,0,3371,921,6105165.0,1146
Refurbished,HP Victus 16-E0006NP,HP,Victus,AMD Ryzen 7 5800H,RTX 3050,8,512,SSD,16.1,0,20856,12578,13681635.0,1147
Refurbished,LG Gram 16Z90Q-G.AP7BB,LG,Gram,Intel Evo Core i7-1260P,Intel Iris Xe Graphics,32,2000,SSD,16.0,0,16814,2657,31056135.0,1148
Refurbished,Lenovo ThinkPad E14 Gen 2,Lenovo,ThinkPad,Intel Core i5-1135G7,Intel Iris Xe Graphics,8,256,SSD,14.0,0,9564,2657,22100925.0,1149
Refurbished,MSI Creator Pro Z17 A12UMST-202ES,MSI,Creator,Intel Core i7-12700H,RTX A5500,32,1000,SSD,17.0,1,25766,21502,74233500.0,1150
Refurbished,MSI GP76 Leopard 10UG-055XPT,MSI,Leopard,Intel Core i7-10870H,RTX 3070,16,1000,SSD,17.3,0,14215,23392,26383500.0,1151
Refurbished,MSI Modern 15 B12M-024XES,MSI,Modern,Intel Core i7-1255U,Intel Iris Xe Graphics,16,512,SSD,15.6,0,13289,2657,13328370.0,1152
Refurbished,MSI Prestige 14 A11SCX-060ES,MSI,Prestige,Intel Core i7-1185G7,GTX 1650,16,1000,SSD,14.0,0,10178,10181,27208500.0,1153
Refurbished,MSI Prestige 14 A12UC-230XES,MSI,Prestige,Intel Core i7-1280P,RTX 3050,16,512,SSD,14.0,0,20311,12578,23083500.0,1154
Refurbished,MSI Raider GE67HX 12UGS-023ES,MSI,Raider,Intel Core i9-12900HX,RTX 3070,32,1000,SSD,15.6,0,33256,23392,54433500.0,1155
Refurbished,MSI Stealth 15M B12UE-029XPT,MSI,Stealth,Intel Core i7-1260P,RTX 3060,32,1000,SSD,15.6,0,16814,20376,21814485.0,1156
Refurbished,Razer Blade 15 Advanced Model 4K 144Hz,Razer,Blade,Intel Core i9-12900H,RTX 3080,32,1000,SSD,15.6,0,27500,26922,72599835.0,1157
Refurbished,Razer Blade 15 Advanced Model FullHD 360Hz,Razer,Blade,Intel Core i7-12800H,RTX 3080,32,1000,SSD,15.6,0,24504,26922,67649835.0,1158
Refurbished,Samsung Galaxy Book2 Pro 360,Samsung,Galaxy Book,Intel Evo Core i7-1260P,Intel Iris Xe Graphics,16,512,SSD,15.6,1,16814,2657,28033500.0,1159
New,Samsung Galaxy Book3 Pro,Samsung,Galaxy Book,Intel Evo Core i7-1360P,Intel Iris Xe Graphics,16,512,SSD,16.0,0,18760,2657,34633500.0,1160
New,ASUS F515EA-EJ3076W,Asus,F515,Intel Core i5-1135G7,Intel Iris Xe Graphics,16,512,SSD,15.6,0,9564,2657,11895180.0,1161
New,Lenovo V15 Gen 2 ITL,Lenovo,V15,Intel Core i5-1135G7,Intel Iris Xe Graphics,16,512,SSD,15.6,0,9564,2657,13378365.0,1162
New,Microsoft Surface Pro 7+,Microsoft,Surface Pro,Intel Core i7-1165G7,Intel Iris Xe Graphics,32,1000,SSD,12.3,1,10011,2657,33240570.0,1163
Refurbished,ASUS ExpertBook P1512CEA-EJ0086X,Asus,ExpertBook,Intel Core i5-1135G7,Intel Iris Xe Graphics,16,512,SSD,15.6,0,9564,2657,12028500.0,1164
Refurbished,ASUS F415EA-EK1005W,Asus,F415EA,Intel Core i5-1135G7,Intel Iris Xe Graphics,8,512,SSD,14.0,0,9564,2657,9553500.0,1165
Refurbished,ASUS ROG Zephyrus G14 2022 GA402RJ-L8099W,Asus,ROG,AMD Ryzen 7 6800HS,AMD Radeon Graphics,16,1000,SSD,14.0,0,22767,478,36283500.0,1166
Refurbished,ASUS ROG Zephyrus G15 GA503RM-HQ079W,Asus,ROG,AMD Ryzen 7 6800HS,RTX 3060,16,1000,SSD,15.6,0,22767,20376,36283500.0,1167
Refurbished,ASUS VivoBook 13 Slate OLED T3300KA-LQ031WS,Asus,VivoBook,Intel Pentium Silver N6000,Intel UHD Graphics,4,128,eMMC,13.3,1,2997,1495,9258150.0,1168
Refurbished,ASUS Vivobook F1500EA-EJ2370W,Asus,VivoBook,Intel Core i7-1165G7,Intel Iris Xe Graphics,16,512,SSD,15.6,0,10011,2657,14833500.0,1169
Refurbished,Acer Aspire 5 A515-57,Acer,Aspire,Intel Core i5-1235U,Intel Iris Xe Graphics,8,512,SSD,15.6,0,12993,2657,7880400.0,1170
New,Acer Chromebook 314 CB314-1H-C07W,Acer,Chromebook,Intel Celeron N4020,Intel UHD Graphics 600,8,64,eMMC,14.0,0,1546,317,5725335.0,1171
Refurbished,Acer Chromebook 314 CB314-1H-C24N,Acer,Chromebook,Intel Celeron N4020,Intel UHD Graphics 600,8,64,eMMC,14.0,0,1546,317,5923500.0,1172
Refurbished,Acer Predator Helios 300 PH315-53-79C2,Acer,Predator,Intel Core i7-10750H,RTX 3080,16,1000,SSD,15.6,0,11662,26922,32983500.0,1173
Refurbished,Apple MacBook Pro,Apple,MacBook Pro,Intel Core i5-8257U,Intel Iris Plus Graphics 645,8,128,SSD,13.0,0,7443,6864,9966000.0,1174
Refurbished,Apple MacBook Pro Touch Bar,Apple,MacBook Pro,Intel Core i7-8750H,Intel UHD Graphics 630,16,512,SSD,15.0,0,9837,1236,16287975.0,1175
Refurbished,Asus Chromebook Z1500CN-EJ0400,Asus,Chromebook,Intel Celeron N3350,Intel HD Graphics 500,8,64,eMMC,15.6,0,1110,1718,6583500.0,1176
Refurbished,Asus Zenbook 14 UX425EA-KI359,Asus,ZenBook,Intel Core i7-1165G7,Intel Iris Xe Graphics,16,512,SSD,14.0,0,10011,2657,14008500.0,1177
Refurbished,Dell Latitude 5520,Dell,Latitude,Intel Core i5-1135G7,Intel Iris Xe Graphics,8,256,SSD,15.6,0,9564,2657,18574875.0,1178
Refurbished,Dell Latitude 7490,Dell,Latitude,Intel Core i5-8350U,Intel UHD Graphics 620,8,256,SSD,14.0,0,6144,1042,11533500.0,1179
Refurbished,Dynabook Toshiba Satellite Pro C50-G-10T,Dynabook Toshiba,Satellite Pro,Intel Core i7-10510U,Intel UHD Graphics,16,512,SSD,15.6,0,6492,1495,13183500.0,1180
Refurbished,Gigabyte AORUS 17 XE4-73ES514SH,Gigabyte,Aorus,Intel Core i7-12700H,RTX 3070,16,1000,SSD,17.3,0,25766,23392,39583500.0,1181
Refurbished,Gigabyte U4 UD-50ES823SD,Gigabyte,U4,Intel Core i5-1155G7,Intel Iris Xe Graphics,16,512,SSD,14.0,0,9814,2657,13183500.0,1182
New,HP 15S-EQ2090NS,HP,15S,AMD Ryzen 5 5500U,AMD Radeon Graphics,8,512,SSD,15.6,0,12868,478,10906335.0,1183
New,HP 15S-FQ5013NS,HP,15S,Intel Core i5-1235U,Intel Iris Xe Graphics,8,512,SSD,15.6,0,12993,2657,12556335.0,1184
Refurbished,HP EliteBook 640 G9,HP,EliteBook,Intel Core i7-1255U,Intel Iris Xe Graphics,16,512,SSD,14.0,0,13289,2657,20719545.0,1185
Refurbished,HP EliteBook 650 G9,HP,EliteBook,Intel Core i7-1255U,Intel Iris Xe Graphics,16,512,SSD,15.6,0,13289,2657,27291825.0,1186
Refurbished,HP EliteBook 840 G7,HP,EliteBook,Intel Core i5-10210U,Intel UHD Graphics,8,256,SSD,14.0,1,6136,1495,23017995.0,1187
Refurbished,HP ProBook 430 G6,HP,ProBook,Intel Core i5-8265U,Intel UHD Graphics 620,8,256,SSD,13.3,0,5861,1042,8085000.0,1188
Refurbished,HP ProBook 440 G6,HP,ProBook,Intel Core i5-8265U,Intel UHD Graphics 620,8,256,SSD,14.0,0,5861,1042,9075165.0,1189
Refurbished,Lenovo ThinkPad T14s Gen 2,Lenovo,ThinkPad,Intel Core i5-1135G7,Intel Iris Xe Graphics,16,512,SSD,14.0,0,9564,2657,31374420.0,1190
Refurbished,Lenovo ThinkPad T490,Lenovo,ThinkPad,Intel Core i5-8265U,Intel UHD Graphics 620,8,512,SSD,14.0,1,5861,1042,14480895.0,1191
Refurbished,Lenovo ThinkPad T490,Lenovo,ThinkPad,Intel Core i7-8565U,Intel UHD Graphics 620,16,512,SSD,14.0,0,6187,1042,13117335.0,1192
New,Lenovo V15 IGL,Lenovo,V15,Intel Celeron N4020,Intel UHD Graphics 600,8,256,SSD,15.6,0,1546,317,6781500.0,1193
Refurbished,MSI Katana GF76 12UD-035ES,MSI,Katana,Intel Core i7-12700H,RTX 3050,16,1000,SSD,17.3,0,25766,12578,26383500.0,1194
Refurbished,MSI Prestige 14 A10RAS-081ES,MSI,Prestige,Intel Core i7-10510U,MX330,16,1000,SSD,14.0,0,6492,2387,21103335.0,1195
Refurbished,MSI Prestige 15 A12UC-200XES,MSI,Prestige,Intel Core i7-1280P,RTX 3050,16,512,SSD,15.6,0,20311,12578,23083500.0,1196
Refurbished,MSI Prestige 16 A12UD-219XES,MSI,Prestige,Intel Core i7-1280P,RTX 3050,32,1000,SSD,16.0,0,20311,12578,22689810.0,1197
Refurbished,MSI Raider GE67HX 12UHS-030ES,MSI,Raider,Intel Core i7-12800HX,RTX 3080,32,1000,SSD,15.6,0,31906,26922,62683500.0,1198
New,Medion Erazer Deputy P10 MD62132,Medion,Deputy,Intel Core i5-10300H,GTX 1660,8,512,SSD,15.6,0,8283,12907,16978500.0,1199
Refurbished,Razer Blade 15 Advanced Model FullHD 360Hz,Razer,Blade,Intel Core i7-12800H,RTX 3070,16,1000,SSD,15.6,0,24504,23392,54449835.0,1200
New,Samsung Galaxy Book3 Pro 360,Samsung,Galaxy Book,Intel Evo Core i7-1360P,Intel Iris Xe Graphics,16,512,SSD,16.0,1,18760,2657,36283335.0,1201
New,ASUS  ROG Zephyrus M16 GU604VI-93D47PB1,Asus,ROG,Intel Core i9-13900H,RTX 4070,32,1000,SSD,16.0,0,27858,31754,57031260.0,1202
New,ASUS ROG Strix SCAR 18 G834JY-93B49PB1,Asus,ROG,Intel Core i9-13980HX,RTX 4090,64,2000,SSD,16.0,0,46648,38262,95009310.0,1203
New,ASUS ROG Strix Scar 17 G733PZ-R97B48PB1,Asus,ROG,AMD Ryzen 9 7945HX,RTX 4080,32,1000,SSD,17.3,0,54683,34435,78429780.0,1204
New,ASUS ROG Zephyrus G14 GA402RJ,Asus,ROG,AMD Ryzen 7 6800HS,AMD Radeon Graphics,16,1000,SSD,14.0,0,22767,478,28547475.0,1205
New,HP Laptop 15s-eq2074np,HP,15S,AMD Ryzen 5 5500U,AMD Radeon Graphics,12,256,SSD,15.6,0,12868,478,10813110.0,1206
New,HP OMEN 16-b1002np,HP,Omen,Intel Core i7-12700H,RTX 3060,16,1000,SSD,16.1,0,25766,20376,31141935.0,1207
New,HP Victus 16-d1027np,HP,Victus,Intel Core i5-12500H,RTX 3050,8,512,SSD,16.1,0,20660,12578,23738220.0,1208
New,HP 250 G8,HP,250,Intel Core i7-1165G7,Intel Iris Xe Graphics,16,512,SSD,15.6,0,10011,2657,17787000.0,1209
New,ASUS Chromebook CR1 CR1100CKA-GJ0132,Asus,Chromebook,Intel Celeron N4500,Intel UHD Graphics,4,32,eMMC,11.6,0,1882,1495,5029530.0,1210
New,ASUS Chromebook CR1100FKA-BP0024,Asus,Chromebook,Intel Celeron N4500,Intel UHD Graphics,4,32,eMMC,11.6,1,1882,1495,6573600.0,1211
New,ASUS Chromebook CX1500CNA-EJ0101,Asus,Chromebook,Intel Celeron N3350,Intel HD Graphics 500,8,32,eMMC,15.6,0,1110,1718,7689000.0,1212
New,ASUS Chromebook Flip CX5 CB5400FMA,Asus,Chromebook,Intel Core i5-1130G7,Intel Iris Xe Graphics,8,256,SSD,14.0,0,8452,2657,12820500.0,1213
New,ASUS Chromebook Flip CX5 CB5400FMA,Asus,Chromebook,Intel Core i7-1160G7,Intel Iris Xe Graphics,8,256,SSD,14.0,0,9099,2657,15147000.0,1214
New,ASUS E510MA-EJ617W,Asus,E510,Intel Celeron N4020,Intel UHD Graphics 600,8,256,SSD,15.6,0,1546,317,6008640.0,1215
New,ASUS ExpertBook B1 B1500CEAE-BQ1856R,Asus,ExpertBook,Intel Core i5-1135G7,Intel Iris Xe Graphics,8,512,SSD,15.6,0,9564,2657,14882835.0,1216
New,ASUS ExpertBook B1 B1502CBA-EJ0433W,Asus,ExpertBook,Intel Core i3-1215U,Intel UHD Graphics,8,256,SSD,15.6,0,10548,1495,8992500.0,1217
New,ASUS ExpertBook B5 B5402CBA-EB0316X,Asus,ExpertBook,Intel Core i5-1240P,Intel Iris Xe Graphics,16,512,SSD,14.0,0,16671,2657,20773500.0,1218
New,ASUS ExpertBook B5 B5602CBA-MB0418X,Asus,ExpertBook,Intel Core i5-1240P,Intel Iris Xe Graphics,16,512,SSD,16.0,0,16671,2657,20427000.0,1219
New,ASUS ExpertBook B6 Flip B6602FC2-MH0248X,Asus,ExpertBook,Intel Core i7-12850HX,RTX A2000,16,512,SSD,16.0,1,30848,13582,41233500.0,1220
New,ASUS ExpertBook B7 Flip B7402FBA-L90012X,Asus,ExpertBook,Intel Core i7-1260P,Intel Iris Xe Graphics,16,512,SSD,14.0,1,16814,2657,39756585.0,1221
New,ASUS ExpertBook B7 Flip B7402FBA-L90593X,Asus,ExpertBook,Intel Core i5-1240P,Intel Iris Xe Graphics,16,512,SSD,14.0,1,16671,2657,28099500.0,1222
New,ASUS ExpertBook B7 Flip B7402FEA-LA0136R,Asus,ExpertBook,Intel Core i7-1195G7,Intel Iris Xe Graphics,16,512,SSD,14.0,1,10549,2657,31383000.0,1223
New,ASUS ExpertBook P1512CEA-EJ0286X,Asus,ExpertBook,Intel Core i7-1165G7,Intel Iris Xe Graphics,16,512,SSD,15.6,0,10011,2657,15469410.0,1224
New,ASUS Expertbook B9400CBA-KC0029X,Asus,ExpertBook,Intel Core i7-1255U,Intel Iris Xe Graphics,16,1000,SSD,14.0,0,13289,2657,29023500.0,1225
New,ASUS F1500EA-BQ3064,Asus,VivoBook,Intel Core i5-1135G7,Intel Iris Xe Graphics,8,512,SSD,15.6,0,9564,2657,8985570.0,1226
New,ASUS F1500EA-BQ3075,Asus,VivoBook,Intel Core i5-1135G7,Intel Iris Xe Graphics,16,512,SSD,15.6,0,9564,2657,12041370.0,1227
New,ASUS F1500EA-EJ3532,Asus,VivoBook,Intel Core i3-1115G4,Intel UHD Graphics,8,256,SSD,15.6,0,5934,1495,7600395.0,1228
New,ASUS F415EA-EK1464,Asus,F415EA,Intel Core i3-1115G4,Intel UHD Graphics,8,256,SSD,14.0,0,5934,1495,7541655.0,1229
New,ASUS F515EA-BQ1154W,Asus,F515,Intel Core i5-1135G7,Intel Iris Xe Graphics,8,512,SSD,15.6,0,9564,2657,10129515.0,1230
New,ASUS F515EA-BQ1859W,Asus,F515,Intel Core i3-1115G4,Intel UHD Graphics,8,256,SSD,15.6,0,5934,1495,9412095.0,1231
New,ASUS F515EA-EJ2640W,Asus,F515,Intel Core i3-1115G4,Intel UHD Graphics,8,256,SSD,15.6,0,5934,1495,7011840.0,1232
New,ASUS Laptop F515EA,Asus,F515,Intel Core i7-1165G7,Intel Iris Xe Graphics,8,512,SSD,15.6,0,10011,2657,15544320.0,1233
New,ASUS M515DA,Asus,M515,AMD Ryzen 3 3250U,AMD Radeon Vega 3 Graphics,8,256,SSD,15.6,0,3748,3159,9829380.0,1234
New,ASUS P1511CEA-BR1794X,Asus,BR,Intel Core i3-1115G4,Intel UHD Graphics,8,256,SSD,15.6,0,5934,1495,10050975.0,1235
New,ASUS P1511CEA-EJ1795X,Asus,P1511,Intel Core i7-1165G7,Intel Iris Xe Graphics,8,512,SSD,15.6,0,10011,2657,13863960.0,1236
New,ASUS P1511CEA-EJ791R,Asus,P1511,Intel Core i7-1165G7,Intel Iris Xe Graphics,8,512,SSD,15.6,0,10011,2657,14084895.0,1237
New,ASUS ROG Flow X13 GV301QC-K6120T,Asus,ROG,AMD Ryzen 9 5980HS,RTX 3050,32,1000,SSD,13.4,1,20443,12578,65065605.0,1238
New,ASUS ROG Flow X13 GV301RC-LJ076W,Asus,ROG,AMD Ryzen 7 6800HS,RTX 3050,16,1000,SSD,13.4,1,22767,12578,34430880.0,1239
New,ASUS ROG Flow X13 GV301RE-LJ057W,Asus,ROG,AMD Ryzen 9 6900HS,RTX 3050,32,1000,SSD,13.4,1,23237,12578,63263475.0,1240
New,ASUS ROG Strix G15 G513IE,Asus,ROG,AMD Ryzen 7 4800H,RTX 3050,16,512,SSD,15.6,0,18279,12578,17101590.0,1241
New,ASUS ROG Strix G15 G513IM,Asus,ROG,AMD Ryzen 7 4800H,RTX 3060,16,512,SSD,15.6,0,18279,20376,23284635.0,1242
New,ASUS ROG Strix G15 G513RC-HN180,Asus,ROG,AMD Ryzen 7 6800H,RTX 3050,16,512,SSD,15.6,0,23136,12578,15014835.0,1243
New,ASUS ROG Strix G15 G513RW-HQ133,Asus,ROG,AMD Ryzen 9 6900HX,RTX 3070,32,1000,SSD,15.6,0,24406,23392,41834925.0,1244
New,ASUS ROG Strix G17 G713RM,Asus,ROG,AMD Ryzen 7 6800H,RTX 3060,16,1000,SSD,17.3,0,23136,20376,24014100.0,1245
New,ASUS ROG Strix Scar 17 G733PY-R97B49PB1,Asus,ROG,AMD Ryzen 9 7945HX,RTX 4090,32,2000,SSD,17.3,0,54683,38262,92909850.0,1246
New,ASUS TUF Gaming A15 2013 TUF507NU-LP036,Asus,TUF,AMD Ryzen 7 7735HS,RTX 4050,16,512,SSD,15.6,0,23295,14435,19387665.0,1247
New,ASUS TUF Gaming A15 FA506QM,Asus,TUF,AMD Ryzen 7 5800H,RTX 3060,8,512,SSD,15.6,0,20856,20376,18517290.0,1248
New,ASUS TUF Gaming A15 FA507RF-R76B25CS1,Asus,TUF,AMD Ryzen 7 6800HS,RTX 2050,16,512,SSD,15.6,0,22767,7757,18256920.0,1249
New,ASUS TUF Gaming F15 TUF506HF-HN012,Asus,TUF,Intel Core i5-11400H,RTX 2050,16,512,SSD,15.6,0,15398,7757,13363350.0,1250
New,ASUS TUF Gaming F15 TUF507ZU4-LP110,Asus,TUF,Intel Core i7-12700H,RTX 4050,16,512,SSD,15.6,0,25766,14435,20872665.0,1251
New,ASUS TUF Gaming FX506HF-51B25PS1,Asus,TUF,Intel Core i5-11400H,RTX 2050,8,512,SSD,15.6,0,15398,7757,15620550.0,1252
New,ASUS VivoBook 15 F1500EA-EJ3095W,Asus,VivoBook,Intel Core i3-1115G4,Intel UHD Graphics,8,256,SSD,15.6,0,5934,1495,6418500.0,1253
New,ASUS VivoBook 15 F1500EA-EJ3431W,Asus,VivoBook,Intel Core i5-1135G7,Intel Iris Xe Graphics,16,512,SSD,15.6,0,9564,2657,13277550.0,1254
New,ASUS VivoBook F1500EA-BQ2363,Asus,VivoBook,Intel Core i5-1135G7,Intel Iris Xe Graphics,8,512,SSD,15.6,0,9564,2657,10708005.0,1255
New,ASUS VivoBook F1605PA-MB127W,Asus,VivoBook,Intel Core i5-11300H,Intel Iris Xe Graphics,16,512,SSD,16.0,0,10849,2657,11524260.0,1256
New,ASUS VivoBook F515EA-BQ3013X,Asus,VivoBook,Intel Core i5-1135G7,Intel Iris Xe Graphics,8,512,SSD,15.6,0,9564,2657,10995105.0,1257
New,ASUS VivoBook F515EA-EJ3061,Asus,VivoBook,Intel Core i7-1165G7,Intel Iris Xe Graphics,8,512,SSD,15.6,0,10011,2657,9375135.0,1258
New,ASUS VivoBook Go 14 Flip TP1400KA-BZ117WS,Asus,VivoBook,Intel Celeron N4500,Intel UHD Graphics,4,128,eMMC,14.0,1,1882,1495,9202545.0,1259
New,ASUS VivoBook Pro 15 OLED M6500QC-L1081W,Asus,VivoBook,AMD Ryzen 5 5600H,RTX 3050,16,512,SSD,15.6,0,16751,12578,16764000.0,1260
New,ASUS VivoBook Pro 16X OLED N7600ZE-L2015W,Asus,VivoBook,Intel Core i7-12700H,RTX 3050,16,512,SSD,16.0,0,25766,12578,28794315.0,1261
New,ASUS VivoBook S 15 OLED K3502ZA-MA115W,Asus,VivoBook,Intel Core i5-12500H,Intel Iris Xe Graphics,16,512,SSD,15.6,0,20660,2657,20002125.0,1262
New,ASUS Vivobook Go E1504FA-BQ202W,Asus,VivoBook,AMD Ryzen 3 7320U,Radeon 610M,8,256,SSD,15.6,0,8677,1104,9293295.0,1263
New,ASUS Vivobook K513EP-51BM3SB2,Asus,VivoBook,Intel Core i5-1135G7,MX330,8,512,SSD,15.6,0,9564,2387,14305500.0,1264
New,ASUS Vivobook M1503IA,Asus,VivoBook,AMD Ryzen 7 4800H,AMD Radeon Graphics,16,512,SSD,15.6,0,18279,478,17091360.0,1265
New,ASUS ZenBook 14 OLED UM3402YA-KM464WS,Asus,ZenBook,AMD Ryzen 5 7530U,AMD Radeon Graphics,16,512,SSD,14.0,0,15552,478,15757500.0,1266
New,ASUS ZenBook 14 OLED UX3402VA-KM004W,Asus,ZenBook,Intel Evo Core i5-1340P,Intel Iris Xe Graphics,16,512,SSD,14.0,0,18784,2657,19898835.0,1267
New,ASUS ZenBook 14 OLED UX3402ZA-KM214,Asus,ZenBook,Intel Core i5-1240P,Intel Iris Xe Graphics,16,512,SSD,14.0,0,16671,2657,15838515.0,1268
New,ASUS ZenBook 14 UM3402YA-KP272W,Asus,ZenBook,AMD Ryzen 5 5625U,AMD Radeon Graphics,16,512,SSD,14.0,0,14837,478,14334210.0,1269
New,ASUS ZenBook 14X OLED UM5401QA-L7207W,Asus,ZenBook,AMD Ryzen 7 5800H,AMD Radeon Graphics,16,512,SSD,14.0,0,20856,478,17797725.0,1270
New,ASUS ZenBook Flip 13 OLED UX363EA-HP931W,Asus,ZenBook,Intel Core i7-1165G7,Intel Iris Xe Graphics,16,512,SSD,13.3,1,10011,2657,20429970.0,1271
New,Acer Aspire 3 A315-34,Acer,Aspire,Intel Celeron N4000,Intel UHD Graphics 600,8,128,SSD,15.6,0,1430,317,8019000.0,1272
New,Acer Aspire 3 A315-58-72WT,Acer,Aspire,Intel Core i7-1165G7,Intel Iris Xe Graphics,8,512,SSD,15.6,0,10011,2657,11652300.0,1273
New,Acer Aspire 3 A317-53,Acer,Aspire,Intel Core i3-1115G4,Intel UHD Graphics,8,512,SSD,17.3,0,5934,1495,11676885.0,1274
New,Acer Aspire 5 A515-45,Acer,Aspire,AMD Ryzen 5 5500U,AMD Radeon Graphics,8,512,SSD,15.6,0,12868,478,14106345.0,1275
New,Acer Chromebook 515 CB515-1W,Acer,Chromebook,Intel Core i5-1135G7,Intel Iris Xe Graphics,8,256,SSD,15.6,0,9564,2657,11517000.0,1276
New,Acer Chromebook 713 CP713-2W,Acer,Chromebook,Intel Core i3-10110U,Intel UHD Graphics,8,128,eMMC,13.5,0,3866,1495,13077075.0,1277
New,Acer Chromebook Spin 513 Qualcomm Snapdragon SC7180,Acer,Chromebook,Qualcomm SC7180,Adreno 618,8,64,eMMC,13.3,1,3239,127,9943890.0,1278
New,Acer Chromebook Spin 514 CP514-2H-53KM,Acer,Chromebook,Intel Core i5-1130G7,Intel Iris Xe Graphics,8,256,SSD,14.0,1,8452,2657,16483500.0,1279
New,Acer ConceptD 3 CN315-72-5762,Acer,ConceptD,Intel Core i5-10300H,Intel UHD Graphics,8,512,SSD,15.6,0,8283,1495,18496500.0,1280
New,Acer ConceptD 3 CN315-72G,Acer,ConceptD,Intel Core i5-10300H,GTX 1650,8,512,SSD,15.6,0,8283,10181,22258500.0,1281
New,Acer ConceptD 3 Ezel CC314-73G-73NV,Acer,ConceptD,Intel Core i7-11800H,RTX 3050,16,512,SSD,14.0,1,20086,12578,40609965.0,1282
New,Acer ConceptD 3 Ezel Pro CC314-73P-7407,Acer,ConceptD,Intel Core i7-11800H,T1200,16,1000,SSD,14.0,1,20086,7772,41527530.0,1283
New,Acer ConceptD 3 Pro CN314-73P-73M6,Acer,ConceptD,Intel Core i7-11800H,T1200,16,1000,SSD,14.0,0,20086,7772,34963500.0,1284
New,Acer Enduro EN715-51W,Acer,Enduro,Intel Core i5-8250U,Intel UHD Graphics 620,8,512,SSD,15.6,0,5821,1042,56793000.0,1285
New,Acer Extensa 15 EX215-22,Acer,Extensa,AMD Ryzen 3 3250U,AMD Radeon Vega 3 Graphics,8,256,SSD,15.6,0,3748,3159,6121500.0,1286
New,Acer Extensa 15 EX215-22-R32C,Acer,Extensa,AMD Ryzen 5 3500U,AMD Radeon Vega 8 Graphics,8,512,SSD,15.6,0,6868,3159,8103645.0,1287
New,Acer Extensa 15 EX215-22-R6F9,Acer,Extensa,AMD Ryzen 5 3500U,AMD Radeon Vega 8 Graphics,8,256,SSD,15.6,0,6868,3159,7804500.0,1288
New,Acer Extensa 15 EX215-22-R7D2,Acer,Extensa,AMD Ryzen 3 3250U,AMD Radeon Vega 3 Graphics,8,256,SSD,15.6,0,3748,3159,7903500.0,1289
New,Acer Extensa 15 EX215-52-330L,Acer,Extensa,Intel Core i3-1005G1,Intel UHD Graphics,8,256,SSD,15.6,0,4864,1495,10169445.0,1290
New,Acer Extensa 15 EX215-52-519J,Acer,Extensa,Intel Core i5-1035G1,Intel UHD Graphics,8,512,SSD,15.6,0,7233,1495,10996260.0,1291
New,Acer Extensa 15 EX215-53G-56MT,Acer,Extensa,Intel Core i5-1035G1,MX330,8,256,SSD,15.6,0,7233,2387,11369820.0,1292
New,Acer Extensa 15 EX215-54-34HR,Acer,Extensa,Intel Core i3-1115G4,Intel UHD Graphics,8,256,SSD,15.6,0,5934,1495,7946400.0,1293
New,Acer Extensa 15 EX215-54-50UV,Acer,Extensa,Intel Core i5-1135G7,Intel Iris Xe Graphics,8,512,SSD,15.6,0,9564,2657,8935575.0,1294
New,Acer TravelMate P2,Acer,TravelMate,Intel Core i5-1135G7,Intel Iris Xe Graphics,8,512,SSD,14.0,0,9564,2657,13259565.0,1295
New,Acer TravelMate P2 P214-53-593J,Acer,TravelMate,Intel Core i5-1135G7,Intel Iris Xe Graphics,16,512,SSD,14.0,0,9564,2657,11711865.0,1296
New,Acer TravelMate P2 P215-53-54GL,Acer,TravelMate,Intel Core i5-1135G7,Intel Iris Xe Graphics,8,512,SSD,15.6,0,9564,2657,13032360.0,1297
New,Acer TravelMate P2 TMP214-52-77KP,Acer,TravelMate,Intel Core i7-10510U,Intel UHD Graphics,8,512,SSD,14.0,0,6492,1495,11785785.0,1298
New,Acer TravelMate P2 TMP215-53,Acer,TravelMate,Intel Core i5-1135G7,Intel Iris Xe Graphics,8,256,SSD,15.6,0,9564,2657,11417505.0,1299
New,Acer TravelMate TMP215-52,Acer,TravelMate,Intel Core i3-10110U,Intel UHD Graphics,8,256,SSD,15.6,0,3866,1495,9028635.0,1300
Refurbished,Asus ROG Strix SCAR 17 G733QS-K4016T,Asus,ROG,AMD Ryzen 9 5900HX,RTX 3080,32,1000,SSD,17.3,0,22369,26922,33870210.0,1301
New,Asus TUF Gaming A15 FA507RR,Asus,TUF,AMD Ryzen 7 6800H,RTX 3070,16,512,SSD,15.6,0,23136,23392,23992980.0,1302
New,Asus VivoBook F515EA-BR283T,Asus,VivoBook,Intel Core i3-1115G4,Intel UHD Graphics,8,256,SSD,15.6,0,5934,1495,8233500.0,1303
New,Asus VivoBook S413FA-EB560T,Asus,VivoBook,Intel Core i5-10210U,Intel UHD Graphics,8,256,SSD,14.0,0,6136,1495,11326425.0,1304
New,Asus Vivobook S 15 OLED M3502QA-MA103W,Asus,VivoBook,AMD Ryzen 7 5800H,AMD Radeon Graphics,16,512,SSD,15.6,0,20856,478,23463000.0,1305
New,Asus ZenBook 14 Ultralight UX435EAL-KC096T,Asus,Ultra,Intel Evo Core i7-1165G7,Intel Iris Xe Graphics,16,32,SSD,14.0,0,1034,2657,22258500.0,1306
New,ConceptD 7 Ezel Pro CC715-72P-77J7,Acer,ConceptD,Intel Core i7-11800H,RTX A3000,32,1000,SSD,15.6,1,20086,13692,42817500.0,1307
New,Deep Gaming Nubian 15,Deep Gaming,Nubian,Intel Core i7-13700H,RTX 3050,32,1000,SSD,15.6,0,26456,12578,23248500.0,1308
New,Deep Gaming Nubian 15,Deep Gaming,Nubian,Intel Core i7-13700H,RTX 3050,32,1000,SSD,15.6,0,26456,12578,22011000.0,1309
New,Deep Gaming Nubian 15,Deep Gaming,Nubian,Intel Core i7-13700H,RTX 3050,32,2000,SSD,15.6,0,26456,12578,25162500.0,1310
New,Deep Gaming Nubian 15,Deep Gaming,Nubian,Intel Core i7-13700H,RTX 3050,64,1000,SSD,15.6,0,26456,12578,24700500.0,1311
New,Deep Gaming Nubian 15,Deep Gaming,Nubian,Intel Core i7-13700H,RTX 3050,64,2000,SSD,15.6,0,26456,12578,26647500.0,1312
New,Deep Gaming Nubian 17,Deep Gaming,Nubian,Intel Core i7-13700H,RTX 3050,32,1000,SSD,17.3,0,26456,12578,24337500.0,1313
New,Deep Gaming Nubian 17,Deep Gaming,Nubian,Intel Core i7-13700H,RTX 3050,64,1000,SSD,17.3,0,26456,12578,27043665.0,1314
New,Dell Latitude 3320,Dell,Latitude,Intel Core i7-1165G7,Intel Iris Xe Graphics,8,512,SSD,13.3,0,10011,2657,20783235.0,1315
New,Dell Latitude 3330,Dell,Latitude,Intel Core i5-1155G7,Intel Iris Xe Graphics,8,256,SSD,13.3,0,9814,2657,17238210.0,1316
New,Dell Latitude 3410,Dell,Latitude,Intel Core i7-10510U,Intel UHD Graphics,8,256,SSD,14.0,0,6492,1495,19435350.0,1317
New,Dell Latitude 3420,Dell,Latitude,Intel Core i5-1135G7,Intel Iris Xe Graphics,16,512,SSD,14.0,0,9564,2657,20424525.0,1318
New,Dell Latitude 3420,Dell,Latitude,Intel Core i5-1135G7,Intel Iris Xe Graphics,16,512,SSD,14.0,0,9564,2657,18001500.0,1319
New,Dell Latitude 3520,Dell,Latitude,Intel Core i5-1135G7,Intel Iris Xe Graphics,8,256,SSD,15.6,0,9564,2657,15110370.0,1320
New,Dell Latitude 3520,Dell,Latitude,Intel Core i7-1165G7,Intel Iris Xe Graphics,16,512,SSD,15.6,0,10011,2657,22826760.0,1321
New,Dell Latitude 5320,Dell,Latitude,Intel Core i5-1135G7,Intel Iris Xe Graphics,8,256,SSD,13.3,0,9564,2657,20323215.0,1322
New,Dell Latitude 5330,Dell,Latitude,Intel Core i5-1235U,Intel Iris Xe Graphics,8,256,SSD,13.3,0,12993,2657,16615500.0,1323
New,Dell Latitude 5520,Dell,Latitude,Intel Core i5-1135G7,Intel Iris Xe Graphics,8,256,SSD,15.6,0,9564,2657,40436715.0,1324
New,Dell Latitude 5530,Dell,Latitude,Intel Core i5-1235U,Intel Iris Xe Graphics,8,256,SSD,15.6,0,12993,2657,17169075.0,1325
New,Dell Latitude 5540,Dell,Latitude,Intel Core i5-1335U,Intel Iris Xe Graphics,8,256,SSD,15.6,0,14372,2657,21565665.0,1326
New,Dell Latitude 7430,Dell,Latitude,Intel Core i5-1235U,Intel Iris Xe Graphics,16,512,SSD,14.0,0,12993,2657,24146100.0,1327
New,Dell Latitude 7430,Dell,Latitude,Intel Core i7-1255U,Intel Iris Xe Graphics,16,512,SSD,14.0,0,13289,2657,27011985.0,1328
New,Dell Latitude 7520,Dell,Latitude,Intel Core i7-1185G7,Intel Iris Xe Graphics,16,512,SSD,15.6,0,10178,2657,33548625.0,1329
New,Dell Latitude 7530,Dell,Latitude,Intel Core i5-1235U,Intel Iris Xe Graphics,16,512,SSD,15.6,0,12993,2657,22524150.0,1330
New,Dell Latitude 7530,Dell,Latitude,Intel Core i5-1235U,Intel Iris Xe Graphics,16,512,SSD,15.6,0,12993,2657,27640800.0,1331
New,Dell Latitude 7530,Dell,Latitude,Intel Core i7-1255U,Intel Iris Xe Graphics,16,512,SSD,15.6,0,13289,2657,28300470.0,1332
New,Dell Precision 3560,Dell,Precision,Intel Core i5-1135G7,Intel Iris Xe Graphics,8,256,SSD,15.6,0,9564,2657,19635000.0,1333
New,Dell Precision 3560,Dell,Precision,Intel Core i5-1135G7,T500,8,512,SSD,15.6,0,9564,3642,30499590.0,1334
New,Dell Precision 5470,Dell,Precision,Intel Core i7-12800H,RTX A1000,16,512,SSD,14.0,0,24504,10607,57238500.0,1335
New,Dell Precision 5770,Dell,Precision,Intel Core i7-12700H,RTX A2000,16,512,SSD,17.0,1,25766,13582,64944000.0,1336
New,Dell Vostro 3400,Dell,Vostro,Intel Core i5-1135G7,Intel Iris Xe Graphics,8,512,SSD,14.0,0,9564,2657,15289395.0,1337
New,Dell Vostro 3420,Dell,Vostro,Intel Core i5-1135G7,Intel Iris Xe Graphics,8,256,SSD,14.0,0,9564,2657,11830500.0,1338
New,Dell Vostro 3500,Dell,Vostro,Intel Core i3-1115G4,Intel UHD Graphics,8,256,SSD,15.6,0,5934,1495,15347640.0,1339
New,Dell Vostro 3501,Dell,Vostro,Intel Core i3-1005G1,Intel UHD Graphics,4,256,SSD,15.6,0,4864,1495,9911220.0,1340
New,Dell Vostro 3501,Dell,Vostro,Intel Core i3-1005G1,Intel UHD Graphics,8,256,SSD,15.6,0,4864,1495,11366520.0,1341
New,Dell Vostro 3510,Dell,Vostro,Intel Core i5-1035G1,Intel UHD Graphics,8,256,SSD,15.6,0,7233,1495,21271305.0,1342
New,Dell Vostro 5320,Dell,Vostro,Intel Evo Core i5-1240P,Intel Iris Xe Graphics,8,256,SSD,13.3,0,16671,2657,15163500.0,1343
New,Dell Vostro 5510,Dell,Vostro,Intel Core i5-11300H,Intel Iris Xe Graphics,8,256,SSD,15.6,0,10849,2657,18002820.0,1344
New,Dell Vostro 5515,Dell,Vostro,AMD Ryzen 5 5500U,AMD Radeon Graphics,8,256,SSD,15.6,0,12868,478,31275420.0,1345
New,Dell Vostro 5620,Dell,Vostro,Intel Core i5-1240P,Intel Iris Xe Graphics,8,256,SSD,16.0,0,16671,2657,14649855.0,1346
New,Dell XPS 15 9520,Dell,XPS,Intel Core i7-12700H,RTX 3050,16,1000,SSD,15.6,0,25766,12578,49699485.0,1347
Refurbished,Dell XPS 15 9520,Dell,XPS,Intel Core i7-12700H,RTX 3050,32,1000,SSD,15.6,1,25766,12578,46498485.0,1348
New,Dynabook Portégé X30-F-15T,Dynabook Toshiba,Portégé,Intel Core i5-8265U,Intel UHD Graphics 620,8,256,SSD,13.3,0,5861,1042,22602855.0,1349
New,Dynabook Toshiba Portégé X30W-J-10P,Dynabook Toshiba,Portégé,Intel Core i5-1135G7,Intel Iris Xe Graphics,16,512,SSD,13.3,1,9564,2657,21831315.0,1350
New,Dynabook Toshiba Portégé X30W-J-148,Dynabook Toshiba,Portégé,Intel Core i5-1135G7,Intel Iris Xe Graphics,16,512,SSD,13.3,1,9564,2657,29369835.0,1351
New,Dynabook Toshiba Portégé X30W-K-114,Dynabook Toshiba,Portégé,Intel Core i5-1240P,Intel Iris Xe Graphics,16,512,SSD,13.3,1,16671,2657,26086500.0,1352
New,Dynabook Toshiba Satellite Pro A50-F-107,Dynabook Toshiba,Satellite Pro,Intel Core i3-8145U,Intel UHD Graphics 620,8,256,SSD,15.6,0,4153,1042,12121560.0,1353
Refurbished,Dynabook Toshiba Satellite Pro C50-H-10C,Dynabook Toshiba,Satellite Pro,Intel Core i3-1005G1,Intel UHD Graphics,8,512,SSD,15.6,0,4864,1495,6555285.0,1354
New,Dynabook Toshiba Tecra A50-J-13Y,Dynabook Toshiba,Tecra,Intel Core i5-1135G7,Intel Iris Xe Graphics,8,512,SSD,15.6,0,9564,2657,18034665.0,1355
New,Gigabyte AERO 15 OLED YD-73ES624SP,Gigabyte,Aero,Intel Core i7-11800H,RTX 3080,16,1000,SSD,15.6,0,20086,26922,46780635.0,1356
New,Gigabyte AERO 16 XE5-73PT938HP,Gigabyte,Aero,Intel Core i7-12700H,RTX 3070,16,2000,SSD,16.0,0,25766,23392,38230500.0,1357
New,Gigabyte AERO 17 XE5-73PT738HP,Gigabyte,Aero,Intel Core i7-12700H,RTX 3070,16,2000,SSD,17.3,0,25766,23392,36771735.0,1358
New,Gigabyte AORUS 15 XE4-73ESB14SH,Gigabyte,Aorus,Intel Core i7-12700H,RTX 3070,16,1000,SSD,15.6,0,25766,23392,37933500.0,1359
New,Gigabyte AORUS 15X ASF-83ES654SH,Gigabyte,Aorus,Intel Core i7-13700HX,RTX 4070,16,1000,SSD,15.6,0,32855,31754,41431500.0,1360
New,Gigabyte AORUS 17G KD-72ES325SD,Gigabyte,Aorus,Intel Core i7-11800H,RTX 3060,16,512,SSD,17.3,0,20086,20376,25621530.0,1361
New,Gigabyte AORUS 17H BXF-74ES554SH,Gigabyte,Aorus,Intel Core i7-13700H,RTX 4080,16,1000,SSD,17.3,0,26456,34435,41784270.0,1362
New,Gigabyte AORUS 5 SE4-73PT213SH,Gigabyte,Aorus,Intel Core i7-12700H,RTX 3070,16,512,SSD,15.6,0,25766,23392,30987660.0,1363
New,Gigabyte G7 GD-51PT123SD,Gigabyte,G7,Intel Core i5-11400H,RTX 3050,16,512,SSD,17.3,0,15398,12578,22704330.0,1364
Refurbished,Gigabyte U4 UD-50ES823SO,Gigabyte,U4,Intel Core i5-1155G7,Intel Iris Xe Graphics,16,512,SSD,14.0,0,9814,2657,14833500.0,1365
New,HP 15-DW3009NS,HP,G7,Intel Core i5-1135G7,Intel Iris Xe Graphics,8,256,SSD,15.6,0,9564,2657,11301345.0,1366
New,HP 15S-EQ1133NS,HP,15S,AMD 3020e,AMD Radeon Graphics,4,256,SSD,15.6,0,2411,478,5857665.0,1367
New,HP 15S-EQ1142NS,HP,15S,AMD 3020e,AMD Radeon Graphics,4,128,SSD,15.6,0,2411,478,6061110.0,1368
New,HP 15S-EQ1157NS,HP,15S,AMD Athlon Silver 3050U,AMD Radeon Graphics,8,256,SSD,15.6,0,2954,478,7589835.0,1369
New,HP 15S-EQ1161NS,HP,15S,AMD Athlon Silver 3050U,AMD Radeon Graphics,8,256,SSD,15.6,0,2954,478,6220500.0,1370
New,HP 15S-EQ2094NS,HP,15S,AMD Ryzen 5 5500U,AMD Radeon Graphics,8,256,SSD,15.6,0,12868,478,7894425.0,1371
New,HP 15S-EQ2098NS,HP,15S,AMD Ryzen 3 5300U,AMD Radeon Graphics,8,256,SSD,15.6,0,9612,478,9586665.0,1372
New,HP 15S-EQ2099NS,HP,15S,AMD Ryzen 3 5300U,AMD Radeon Graphics,8,512,SSD,15.6,0,9612,478,9786315.0,1373
New,HP 15S-EQ2100NS,HP,15S,AMD Ryzen 3 5300U,AMD Radeon Graphics,8,512,SSD,15.6,0,9612,478,9679890.0,1374
New,HP 15S-EQ2102NS,HP,15S,AMD Ryzen 5 5500U,AMD Radeon Graphics,8,256,SSD,15.6,0,12868,478,9804630.0,1375
New,HP 15S-EQ2103NS,HP,15S,AMD Ryzen 5 5500U,AMD Radeon Graphics,8,512,SSD,15.6,0,12868,478,11709225.0,1376
New,HP 15S-EQ2104NS,HP,15S,AMD Ryzen 5 5500U,AMD Radeon Graphics,8,512,SSD,15.6,0,12868,478,9141000.0,1377
New,HP 15S-EQ2105NS,HP,15S,AMD Ryzen 7 5700U,AMD Radeon Graphics,12,512,SSD,15.6,0,15676,478,11816310.0,1378
New,HP 15S-EQ2106NS,HP,15S,AMD Ryzen 7 5700U,AMD Radeon Graphics,12,512,SSD,15.6,0,15676,478,11110605.0,1379
New,HP 15S-EQ2113NS,HP,15S,AMD Ryzen 7 5700U,AMD Radeon Graphics,8,256,SSD,15.6,0,15676,478,9909405.0,1380
New,HP 15S-EQ2114NS,HP,15S,AMD Ryzen 7 5700U,AMD Radeon Graphics,8,512,SSD,15.6,0,15676,478,10131000.0,1381
New,HP 15S-EQ2125NS,HP,15S,AMD Ryzen 7 5700U,AMD Radeon Graphics,8,512,SSD,15.6,0,15676,478,9921945.0,1382
New,HP 15S-EQ2130NS,HP,15S,AMD Ryzen 5 5500U,AMD Radeon Graphics,8,512,SSD,15.6,0,12868,478,10773180.0,1383
New,HP 15S-EQ2134NS,HP,15S,AMD Ryzen 5 5500U,AMD Radeon Graphics,8,512,SSD,15.6,0,12868,478,8893170.0,1384
New,HP 15S-FQ0023NS,HP,15S,Intel Celeron N4120,Intel UHD Graphics 600,8,256,SSD,15.6,0,2469,317,5532120.0,1385
New,HP 15S-FQ2029NS,HP,15S,Intel Core i5-1135G7,Intel Iris Xe Graphics,8,512,SSD,15.6,0,9564,2657,14617350.0,1386
New,HP 15S-FQ2134NS,HP,15S,Intel Core i3-1115G4,Intel UHD Graphics,8,512,SSD,15.6,0,5934,1495,7449090.0,1387
New,HP 15S-FQ2150NS,HP,15S,Intel Core i3-1115G4,Intel UHD Graphics,8,256,SSD,15.6,0,5934,1495,6252510.0,1388
New,HP 15S-FQ2162NS,HP,15S,Intel Core i3-1115G4,Intel UHD Graphics,8,512,SSD,15.6,0,5934,1495,10665435.0,1389
New,HP 15S-FQ3003NS,HP,15S,Intel Celeron N4500,Intel UHD Graphics,8,512,SSD,15.6,0,1882,1495,8530665.0,1390
New,HP 15S-FQ3014NS,HP,15S,Intel Celeron N4500,Intel UHD Graphics,8,256,SSD,15.6,0,1882,1495,5841000.0,1391
New,HP 15S-FQ3018NS,HP,15S,Intel Celeron N4500,Intel UHD Graphics,8,256,SSD,15.6,0,1882,1495,6663195.0,1392
New,HP 15S-FQ4038NS,HP,15S,Intel Core i5-1155G7,Intel Iris Xe Graphics,8,512,SSD,15.6,0,9814,2657,10290390.0,1393
New,HP 15S-FQ4048NS,HP,15S,Intel Core i5-1155G7,Intel Iris Xe Graphics,8,512,SSD,15.6,0,9814,2657,8608875.0,1394
New,HP 15S-FQ4051NS,HP,15S,Intel Core i5-1155G7,Intel Iris Xe Graphics,8,256,SSD,15.6,0,9814,2657,9427935.0,1395
New,HP 15S-FQ4053NS,HP,15S,Intel Core i5-1155G7,Intel Iris Xe Graphics,8,256,SSD,15.6,0,9814,2657,8959335.0,1396
New,HP 15S-FQ4057NS,HP,15S,Intel Core i5-1155G7,Intel Iris Xe Graphics,8,256,SSD,15.6,0,9814,2657,8164365.0,1397
New,HP 15S-FQ4058NS,HP,15S,Intel Core i5-1155G7,Intel Iris Xe Graphics,8,256,SSD,15.6,0,9814,2657,8367810.0,1398
New,HP 15S-FQ4060NS,HP,15S,Intel Core i5-1155G7,Intel Iris Xe Graphics,8,512,SSD,15.6,0,9814,2657,9087870.0,1399
New,HP 15S-FQ4065NS,HP,15S,Intel Core i7-1195G7,Intel Iris Xe Graphics,8,512,SSD,15.6,0,10549,2657,12121560.0,1400
New,HP 15S-FQ5016NS,HP,15S,Intel Core i5-1235U,Intel Iris Xe Graphics,8,512,SSD,15.6,0,12993,2657,12523500.0,1401
New,HP 15S-FQ5042NS,HP,15S,Intel Core i7-1255U,Intel Iris Xe Graphics,8,512,SSD,15.6,0,13289,2657,14866500.0,1402
New,HP 15S-FQ5072NS,HP,15S,Intel Core i5-1235U,Intel Iris Xe Graphics,8,512,SSD,15.6,0,12993,2657,8680650.0,1403
New,HP 15S-FQ5077NS,HP,15S,Intel Core i5-1235U,Intel Iris Xe Graphics,8,512,SSD,15.6,0,12993,2657,11154000.0,1404
New,HP 15S-FQ5079NS,HP,15S,Intel Core i5-1235U,Intel Iris Xe Graphics,8,512,SSD,15.6,0,12993,2657,10147335.0,1405
New,HP 15S-eq2097ns,HP,15S,AMD Ryzen 3 5300U,AMD Radeon Graphics,8,256,SSD,15.6,0,9612,478,7607325.0,1406
New,HP 15S-fq2133ns,HP,15S,Intel Core i3-1115G4,Intel UHD Graphics,8,256,SSD,15.6,0,5934,1495,7132290.0,1407
New,HP 15S-fq3011ns,HP,15S,Intel Celeron N4500,Intel UHD Graphics,8,256,SSD,15.6,0,1882,1495,6636630.0,1408
New,HP 15s-eq2133ns,HP,15S,AMD Ryzen 5 5500U,AMD Radeon Graphics,8,256,SSD,15.6,0,12868,478,7870335.0,1409
New,HP 15s-fq4049ns,HP,15S,Intel Core i7-1195G7,Intel Iris Xe Graphics,8,512,SSD,15.6,0,10549,2657,10377840.0,1410
New,HP 15s-fq4056ns,HP,15S,Intel Core i7-1195G7,Intel Iris Xe Graphics,8,512,SSD,15.6,0,10549,2657,11816310.0,1411
New,HP 17-CN0014NS,HP,17,Intel Core i3-1115G4,Intel UHD Graphics,8,512,SSD,17.3,0,5934,1495,10908315.0,1412
New,HP 250 G7,HP,250,Intel Core i5-1035G1,Intel UHD Graphics,8,256,SSD,15.6,0,7233,1495,28551270.0,1413
New,HP 250 G8 2X7L0EA,HP,250,Intel Core i3-1115G4,Intel UHD Graphics,8,256,SSD,15.6,0,5934,1495,7690650.0,1414
New,HP 250 G8,HP,250,Intel Core i3-1115G4,Intel UHD Graphics,8,512,SSD,15.6,0,5934,1495,7357185.0,1415
New,HP 250 G8,HP,250,Intel Core i3-1115G4,Intel UHD Graphics,8,256,SSD,15.6,0,5934,1495,9675600.0,1416
New,HP 250 G8,HP,250,Intel Core i5-1135G7,Intel Iris Xe Graphics,8,256,SSD,15.6,0,9564,2657,14455320.0,1417
New,HP 250 G8,HP,250,Intel Core i5-1135G7,Intel Iris Xe Graphics,8,512,SSD,15.6,0,9564,2657,12226500.0,1418
New,HP 250 G9,HP,250,Intel Core i5-1235U,Intel Iris Xe Graphics,8,256,SSD,15.6,0,12993,2657,13051500.0,1419
New,HP 250 G9,HP,250,Intel Core i5-1235U,Intel Iris Xe Graphics,8,512,SSD,15.6,0,12993,2657,14553165.0,1420
New,HP 255 G7,HP,255,AMD Ryzen 5 3500U,AMD Radeon Vega 8 Graphics,8,256,SSD,15.6,0,6868,3159,18065850.0,1421
New,HP 255 G8,HP,255,AMD Ryzen 3 3250U,AMD Radeon Vega 3 Graphics,8,256,SSD,15.6,0,3748,3159,7516575.0,1422
New,HP 255 G8,HP,255,AMD Ryzen 3 5300U,AMD Radeon Graphics,8,256,SSD,15.6,0,9612,478,13845810.0,1423
New,HP 255 G8,HP,255,AMD Ryzen 5 3500U,AMD Radeon Vega 8 Graphics,8,256,SSD,15.6,0,6868,3159,10637550.0,1424
New,HP 255 G9,HP,255,AMD Ryzen 5 5625U,AMD Radeon Graphics,8,256,SSD,15.6,0,14837,478,8893335.0,1425
New,HP 340S G7,HP,G7,Intel Core i3-1005G1,Intel UHD Graphics,8,256,SSD,14.0,0,4864,1495,9587655.0,1426
New,HP ChromeBook 14a-na0023ns,HP,Chromebook,Intel Celeron N4120,Intel UHD Graphics 600,4,64,eMMC,14.0,0,2469,317,5428500.0,1427
New,HP Chromebook 11MK G9,HP,Chromebook,Mediatek MT8183,Mali-G72 MP3,4,32,eMMC,11.6,0,2588,0,7557000.0,1428
New,HP Chromebook X360 11 G3,HP,Chromebook,Intel Celeron N4020,Intel UHD Graphics 600,4,32,eMMC,11.6,1,1546,317,5484765.0,1429
New,HP ENVY 13-ba1001np,HP,Envy,Intel Core i5-1135G7,Intel Iris Xe Graphics,8,512,SSD,13.3,0,9564,2657,17324835.0,1430
New,HP ENVY x360 2-in-1 Laptop 15-ew0008np,HP,Envy,Intel Core i7-1255U,RTX 2050,16,512,SSD,15.6,1,13289,7757,30748080.0,1431
New,HP Elite Dragonfly G3,HP,Go,Intel Core i7-1255U,Intel Iris Xe Graphics,16,1000,SSD,13.5,0,13289,2657,28033665.0,1432
New,HP EliteBook 1040 G9,HP,EliteBook,Intel Core i7-1255U,Intel Iris Xe Graphics,32,1000,SSD,14.0,0,13289,2657,41293890.0,1433
New,HP EliteBook 1040,HP,EliteBook,Intel Core i5-1235U,Intel Iris Xe Graphics,16,512,SSD,14.0,0,12993,2657,26803590.0,1434
New,HP EliteBook 630 G9,HP,EliteBook,Intel Core i5-1235U,Intel Iris Xe Graphics,8,512,SSD,13.3,0,12993,2657,17197290.0,1435
Refurbished,HP EliteBook 640 G9,HP,EliteBook,Intel Core i5-1235U,Intel Iris Xe Graphics,8,512,SSD,14.0,0,12993,2657,24325620.0,1436
New,HP EliteBook 650 G9,HP,EliteBook,Intel Core i5-1235U,Intel Iris Xe Graphics,8,512,SSD,15.6,0,12993,2657,17565735.0,1437
New,HP EliteBook 840 G8,HP,EliteBook,Intel Core i5-1135G7,Intel Iris Xe Graphics,8,256,SSD,14.0,0,9564,2657,25079835.0,1438
Refurbished,HP EliteBook 840 G9,HP,EliteBook,Intel Core i5-1235U,Intel Iris Xe Graphics,16,512,SSD,14.0,0,12993,2657,33428340.0,1439
New,HP EliteBook 850 G8,HP,EliteBook,Intel Core i5-1135G7,Intel Iris Xe Graphics,8,256,SSD,15.6,0,9564,2657,16747665.0,1440
New,HP EliteBook 860 G9,HP,EliteBook,Intel Core i5-1235U,Intel Iris Xe Graphics,16,512,SSD,16.0,0,12993,2657,24144615.0,1441
New,HP EliteBook x360 1030 G8,HP,EliteBook,Intel Core i5-1135G7,Intel Iris Xe Graphics,16,512,SSD,13.3,1,9564,2657,32983500.0,1442
New,HP EliteBook x360 830 G8,HP,EliteBook,Intel Core i5-1135G7,Intel Iris Xe Graphics,8,512,SSD,13.3,1,9564,2657,17357340.0,1443
New,HP Laptop 15S-EQ2052NP,HP,15S,AMD Ryzen 7 5700U,AMD Radeon Graphics,12,256,SSD,15.6,0,15676,478,12376320.0,1444
New,HP OMEN 16-B1018NS,HP,Omen,Intel Core i7-12700H,RTX 3060,16,1000,SSD,16.1,0,25766,20376,26857710.0,1445
New,HP OMEN 16-c0007np,HP,Omen,AMD Ryzen 7 5800H,RTX 3070,16,512,SSD,16.1,0,20856,23392,33416295.0,1446
New,HP Pavilion 14-DV2006NS,HP,Pavilion,Intel Core i5-1235U,Intel Iris Xe Graphics,16,512,SSD,14.0,0,12993,2657,16120500.0,1447
New,HP Pavilion 14-dv1009ns,HP,Pavilion,Intel Core i5-1155G7,Intel Iris Xe Graphics,16,512,SSD,14.0,0,9814,2657,15193530.0,1448
New,HP Pavilion 15-EH1001NS,HP,Pavilion,AMD Ryzen 5 5500U,AMD Radeon Graphics,16,512,SSD,15.6,0,12868,478,13467465.0,1449
New,HP Pavilion x360 14-ek0018ns,HP,Pavilion,Intel Core i5-1235U,Intel Iris Xe Graphics,8,512,SSD,14.0,1,12993,2657,16285500.0,1450
New,HP Pavilion x360 14-ek0039ns,HP,Pavilion,Intel Core i3-1215U,Intel UHD Graphics,8,256,SSD,14.0,1,10548,1495,13084500.0,1451
New,HP Pavilion x360 14-ek0032ns,HP,Pavilion,Intel Core i7-1255U,Intel Iris Xe Graphics,16,512,SSD,14.0,1,13289,2657,19882500.0,1452
New,HP ProBook 430 G6,HP,ProBook,Intel Core i5-8265U,Intel UHD Graphics 620,4,500,SSD,13.3,0,5861,1042,15177195.0,1453
New,HP ProBook 450 G8,HP,ProBook,Intel Core i5-1135G7,Intel Iris Xe Graphics,8,256,SSD,15.6,0,9564,2657,23087460.0,1454
New,HP ProBook 450 G8,HP,ProBook,Intel Core i5-1135G7,Intel Iris Xe Graphics,8,256,SSD,15.6,0,9564,2657,12809280.0,1455
New,HP Victus 15-fa0053ns,HP,Victus,Intel Core i5-12450H,RTX 3050,16,512,SSD,15.6,0,16401,12578,14833665.0,1456
New,HP Victus 16-D1024NS,HP,Victus,Intel Core i7-12700H,RTX 3050,16,512,SSD,16.1,0,25766,12578,20142870.0,1457
New,HP Victus 16-D1025NS,HP,Victus,Intel Core i7-12700H,RTX 3050,16,512,SSD,16.1,0,25766,12578,21466500.0,1458
New,HP Victus 16-D1036NS,HP,Victus,Intel Core i7-12700H,RTX 3050,16,512,SSD,16.1,0,25766,12578,19684170.0,1459
New,HP Victus 16-E0068NS,HP,Victus,AMD Ryzen 5 5600H,GTX 1650,8,512,SSD,16.1,0,16751,10181,13406580.0,1460
New,HP Victus 16-E0071NS,HP,Victus,AMD Ryzen 7 5800H,Radeon Pro 5500M,8,512,SSD,16.1,0,20856,6723,15000645.0,1461
New,HP Victus 16-E0094NS,HP,Victus,AMD Ryzen 5 5600H,RTX 3050,16,512,SSD,16.1,0,16751,12578,14279100.0,1462
New,HP Victus 16-E0098NS,HP,Victus,AMD Ryzen 7 5800H,RTX 3050,16,512,SSD,16.1,0,20856,12578,16476240.0,1463
New,HP Victus 16-E0100NS,HP,Victus,AMD Ryzen 5 5600H,GTX 1650,8,512,SSD,16.1,0,16751,10181,13078725.0,1464
New,HP ZBook Firefly 14 G8,HP,Zbook,Intel Core i5-1135G7,Intel Iris Xe Graphics,16,512,SSD,14.0,0,9564,2657,40042365.0,1465
New,HP ZBook Firefly 14 G8,HP,Zbook,Intel Core i5-1135G7,Intel Iris Xe Graphics,16,512,SSD,14.0,0,9564,2657,22852500.0,1466
New,HP ZBook Firefly 14 G9,HP,Zbook,Intel Core i7-1260P,Intel Iris Xe Graphics,16,512,SSD,14.0,0,16814,2657,29337000.0,1467
New,HP ZBook Firefly 14 G9,HP,Zbook,Intel Core i7-1260P,Intel Iris Xe Graphics,16,512,SSD,14.0,0,16814,2657,32951985.0,1468
New,HP ZBook Firefly 14 G9,HP,Zbook,Intel Core i7-1265U,T500,16,512,SSD,14.0,0,13442,3642,29700495.0,1469
New,HP ZBook Firefly 16 G9,HP,Zbook,Intel Core i7-1265U,T500,16,512,SSD,16.0,0,13442,3642,29700495.0,1470
New,HP ZBook Firefly G8,HP,Zbook,Intel Core i5-1135G7,Intel Iris Xe Graphics,16,512,SSD,14.0,1,9564,2657,40037745.0,1471
New,HP ZBook Firefly G8,HP,Zbook,Intel Core i7-1165G7,Intel Iris Xe Graphics,16,512,SSD,14.0,0,10011,2657,40987815.0,1472
Refurbished,HP ZBook Fury 16 G9,HP,Zbook,Intel Core i7-12800HX,RTX A2000,16,512,SSD,16.0,0,31906,13582,61000830.0,1473
New,HP ZBook Fury 16 G9,HP,Zbook,Intel Core i7-12800HX,RTX A3000,32,1000,SSD,16.0,0,31906,13692,79900095.0,1474
New,HP ZBook Power G9,HP,Zbook,Intel Core i7-12800H,T600,16,512,SSD,15.6,0,24504,6469,33145365.0,1475
New,HP ZBook Studio G8,HP,Zbook,Intel Core i7-11850H,RTX A3000,16,512,SSD,15.6,0,21365,13692,88584705.0,1476
New,HP ZBook Studio G9,HP,Zbook,Intel Core i7-12700H,RTX 3060,32,512,SSD,16.0,0,25766,20376,60022215.0,1477
New,HP ZBook Studio G9,HP,Zbook,Intel Core i7-12800H,RTX A2000,32,1000,SSD,16.0,0,24504,13582,62328585.0,1478
New,InnJoo Voom Excellence,Innjoo,Voom,Intel Celeron N4020,Intel UHD Graphics 600,8,256,SSD,15.6,0,1546,317,5137605.0,1479
New,InnJoo Voom Excellence Pro,Innjoo,Voom,Intel Celeron N4020,Intel UHD Graphics 600,8,512,SSD,15.6,0,1546,317,6477075.0,1480
New,Innjoo Voom,Innjoo,Voom,Intel Celeron N3350,Intel HD Graphics 500,4,64,eMMC,14.1,0,1110,1718,4148100.0,1481
New,Innjoo Voom Laptop Max,Innjoo,Voom,Intel Celeron N3350,Intel HD Graphics 500,6,64,eMMC,14.1,0,1110,1718,6329565.0,1482
New,Innjoo Voom Laptop Pro,Innjoo,Voom,Intel Celeron N3350,Intel HD Graphics 500,6,128,SSD,14.1,0,1110,1718,5230830.0,1483
New,Innjoo Voom Pro,Innjoo,Voom,Intel Celeron N3350,Intel HD Graphics 500,6,128,eMMC,14.1,0,1110,1718,7117770.0,1484
New,Jetwing N1510P3,Jetwing,N1510,Intel Core i3-1005G1,Intel UHD Graphics,8,256,SSD,15.6,0,4864,1495,7742955.0,1485
New,LG Gram 16Z90Q-G.AP75B,LG,Gram,Intel Core i7-1260P,Intel Iris Xe Graphics,16,512,SSD,16.0,0,16814,2657,28388910.0,1486
New,LG Gram 17Z90Q,LG,Gram,Intel Core i7-1260P,Intel Iris Xe Graphics,16,512,SSD,17.0,0,16814,2657,27166590.0,1487
New,Lenovo 100e Chromebook Gen 3,Lenovo,Chromebook,AMD 3015Ce,AMD Radeon Graphics,4,32,eMMC,11.6,0,2099,478,5395500.0,1488
New,Lenovo 100e,Lenovo,100e,Intel Celeron N4020,Intel UHD Graphics 600,4,128,SSD,11.6,0,1546,317,5128860.0,1489
New,Lenovo 14w Gen 2,Lenovo,14w,AMD 3015e,AMD Radeon Graphics,4,128,SSD,14.0,0,2657,478,7606500.0,1490
New,Lenovo IdeaPad 1 14ADA7,Lenovo,IdeaPad,AMD 3020e,AMD Radeon Graphics,4,128,eMMC,14.0,0,2411,478,7177500.0,1491
New,Lenovo IdeaPad 1 14ADA7,Lenovo,IdeaPad,AMD 3020e,AMD Radeon Graphics,4,256,SSD,14.0,0,2411,478,6963000.0,1492
New,Lenovo IdeaPad 1 15ADA7,Lenovo,IdeaPad,AMD Ryzen 5 3500U,AMD Radeon Vega 8 Graphics,8,512,SSD,15.6,0,6868,3159,9141000.0,1493
New,Lenovo IdeaPad 1 15ALC7,Lenovo,IdeaPad,AMD Ryzen 7 5700U,AMD Radeon Graphics,8,512,SSD,15.6,0,15676,478,14305500.0,1494
New,Lenovo IdeaPad 3 15ALC6,Lenovo,IdeaPad,AMD Ryzen 5 5500U,AMD Radeon Graphics,8,512,SSD,15.6,0,12868,478,8767110.0,1495
New,Lenovo IdeaPad 3 15ALC6,Lenovo,IdeaPad,AMD Ryzen 7 5700U,AMD Radeon Graphics,8,512,SSD,15.6,0,15676,478,12406020.0,1496
Refurbished,Lenovo IdeaPad 3 15ITL6,Lenovo,IdeaPad,Intel Core i3-1115G4,Intel UHD Graphics,8,256,SSD,15.6,0,5934,1495,8728500.0,1497
New,Lenovo IdeaPad 3 15ITL6,Lenovo,IdeaPad,Intel Core i3-1115G4,Intel UHD Graphics,8,512,SSD,15.6,0,5934,1495,9040515.0,1498
New,Lenovo IdeaPad 3 17ABA7,Lenovo,IdeaPad,AMD Ryzen 5 5625U,AMD Radeon Graphics,8,512,SSD,17.3,0,14837,478,14767500.0,1499
New,Lenovo IdeaPad 3 Chromebook 15IJL6,Lenovo,IdeaPad,Intel Celeron N4500,Intel UHD Graphics,8,128,eMMC,15.6,0,1882,1495,9556965.0,1500
New,Lenovo IdeaPad 5 14ITL05,Lenovo,IdeaPad,Intel Core i5-1135G7,Intel Iris Xe Graphics,8,512,SSD,14.0,0,9564,2657,16756575.0,1501
New,Lenovo IdeaPad 5 Pro 14ITL6,Lenovo,IdeaPad,Intel Core i5-1135G7,Intel Iris Xe Graphics,8,512,SSD,14.0,0,9564,2657,21035850.0,1502
New,Lenovo IdeaPad Gaming 3 15ACH06,Lenovo,IdeaPad,AMD Ryzen 5 5600H,RTX 3050,8,512,SSD,15.6,0,16751,12578,16437465.0,1503
New,Lenovo IdeaPad Gaming 3 15ACH6,Lenovo,IdeaPad,AMD Ryzen 5 5600H,RTX 3060,16,512,SSD,15.6,0,16751,20376,24832500.0,1504
New,Lenovo IdeaPad Gaming 3 15ACH6,Lenovo,IdeaPad,AMD Ryzen 7 5800H,RTX 3050,16,512,SSD,15.6,0,20856,12578,15658500.0,1505
New,Lenovo IdeaPad Gaming 3 15IAH7,Lenovo,IdeaPad,Intel Core i5-12450H,RTX 3050,16,512,SSD,15.6,0,16401,12578,19898835.0,1506
New,Lenovo IdeaPad Gaming 3 15IAH7,Lenovo,IdeaPad,Intel Core i7-12650H,RTX 3050,16,512,SSD,15.6,0,22065,12578,18133335.0,1507
New,Lenovo Legion 5 15IAH7H,Lenovo,Legion,Intel Core i7-12700H,RTX 3070,16,1000,SSD,15.6,0,25766,23392,38412000.0,1508
New,Lenovo Legion 5 15IAH7H,Lenovo,Legion,Intel Core i7-12700H,RTX 3070,16,512,SSD,15.6,0,25766,23392,39418500.0,1509
New,Lenovo Legion 5 Pro 16IAH7H,Lenovo,Legion,Intel Core i7-12700H,RTX 3060,16,1000,SSD,16.0,0,25766,20376,32076000.0,1510
New,Lenovo Legion 5 Pro 16IAH7H,Lenovo,Legion,Intel Core i7-12700H,RTX 3070,32,1000,SSD,16.0,0,25766,23392,39880500.0,1511
New,Lenovo Legion PRO 7 16IRX8H-566,Lenovo,Legion,Intel Core i9-13900HX,RTX 4080,32,1000,SSD,16.0,0,43218,34435,82799310.0,1512
New,Lenovo ThinkBook 13x,Lenovo,ThinkBook,Intel Evo Core i5-1130G7,Intel Iris Xe Graphics,16,512,SSD,13.3,0,1034,2657,19186530.0,1513
New,Lenovo ThinkBook 14 G3 ACL,Lenovo,ThinkBook,AMD Ryzen 5 5500U,AMD Radeon Graphics,8,256,SSD,14.0,0,12868,478,14438325.0,1514
New,Lenovo ThinkBook 14 G3 ACL,Lenovo,ThinkBook,AMD Ryzen 7 5700U,AMD Radeon Graphics,16,512,SSD,14.0,0,15676,478,17818515.0,1515
New,Lenovo ThinkBook 14 G4 ABA,Lenovo,ThinkBook,AMD Ryzen 7 5825U,AMD Radeon Graphics,16,512,SSD,14.0,0,18219,478,19081755.0,1516
New,Lenovo ThinkBook 14 G4 IAP,Lenovo,ThinkBook,Intel Core i5-1235U,Intel Iris Xe Graphics,16,512,SSD,14.0,0,12993,2657,16310580.0,1517
New,Lenovo ThinkBook 14 G4 IAP,Lenovo,ThinkBook,Intel Core i7-1255U,Intel Iris Xe Graphics,16,512,SSD,14.0,0,13289,2657,22390500.0,1518
New,Lenovo ThinkBook 14 Gen 4+,Lenovo,ThinkBook,Intel Core i5-1235U,Intel Iris Xe Graphics,8,256,SSD,14.0,0,12993,2657,14743080.0,1519
Refurbished,Lenovo ThinkBook 14s Yoga,Lenovo,ThinkBook,Intel Core i5-1135G7,Intel Iris Xe Graphics,8,256,SSD,14.0,1,9564,2657,13117335.0,1520
Refurbished,Lenovo ThinkBook 15,Lenovo,ThinkBook,AMD Ryzen 5 4500U,AMD Radeon Graphics,8,256,SSD,15.6,0,10798,478,12984180.0,1521
Refurbished,Lenovo ThinkBook 15 G2 ITL,Lenovo,ThinkBook,Intel Core i3-1115G4,Intel UHD Graphics,8,256,SSD,15.6,0,5934,1495,14430900.0,1522
New,Lenovo ThinkBook 15 G2 ITL,Lenovo,ThinkBook,Intel Core i5-1135G7,Intel Iris Xe Graphics,8,256,SSD,15.6,0,9564,2657,16504455.0,1523
Refurbished,Lenovo ThinkBook 15 G2 ITL,Lenovo,ThinkBook,Intel Core i7-1165G7,Intel Iris Xe Graphics,16,512,SSD,15.6,0,10011,2657,17104230.0,1524
New,Lenovo ThinkBook 15 G3 ACL,Lenovo,ThinkBook,AMD Ryzen 3 5300U,AMD Radeon Graphics,8,256,SSD,15.6,0,9612,478,12292500.0,1525
New,Lenovo ThinkBook 15 G4 ABA,Lenovo,ThinkBook,AMD Ryzen 5 5625U,AMD Radeon Graphics,8,256,SSD,15.6,0,14837,478,13970055.0,1526
New,Lenovo ThinkBook 15 G4 ABA,Lenovo,ThinkBook,AMD Ryzen 7 5825U,AMD Radeon Graphics,16,512,SSD,15.6,0,18219,478,18967740.0,1527
New,Lenovo ThinkBook 15 Gen 4 IAP,Lenovo,ThinkBook,Intel Core i5-1235U,Intel Iris Xe Graphics,8,256,SSD,15.6,0,12993,2657,14793405.0,1528
Refurbished,Lenovo ThinkBook 15p,Lenovo,ThinkBook,Intel Core i5-10300H,GTX 1650,16,512,SSD,15.6,0,8283,10181,22275825.0,1529
New,Lenovo ThinkBook 16p,Lenovo,ThinkBook,AMD Ryzen 7 5800H,RTX 3060,16,512,SSD,16.0,0,20856,20376,45989130.0,1530
New,Lenovo ThinkBook 16p,Lenovo,ThinkBook,AMD Ryzen 9 5900HX,RTX 3060,32,1000,SSD,16.0,0,22369,20376,39996165.0,1531
New,Lenovo ThinkBook 16p G2 ACH,Lenovo,ThinkBook,AMD Ryzen 7 5800H,RTX 3060,16,512,SSD,16.0,0,20856,20376,28858335.0,1532
New,Lenovo ThinkBook Plus G3 IAP,Lenovo,ThinkBook,Intel Core i7-12700H,Intel Iris Xe Graphics,32,1000,SSD,17.3,1,25766,2657,47157000.0,1533
New,Lenovo ThinkPad E14 Gen 2,Lenovo,ThinkPad,Intel Core i5-1135G7,Intel Iris Xe Graphics,16,512,SSD,14.0,0,9564,2657,20682750.0,1534
New,Lenovo ThinkPad E15 Gen 4,Lenovo,ThinkPad,AMD Ryzen 5 5625U,AMD Radeon Graphics,16,512,SSD,15.6,0,14837,478,17506500.0,1535
New,Lenovo ThinkPad E15 Gen 4,Lenovo,ThinkPad,AMD Ryzen 5 5625U,AMD Radeon Graphics,8,256,SSD,15.6,0,14837,478,16542735.0,1536
New,Lenovo ThinkPad E15 Gen 4,Lenovo,ThinkPad,Intel Core i5-1235U,Intel Iris Xe Graphics,8,256,SSD,15.6,0,12993,2657,18727500.0,1537
New,Lenovo ThinkPad L13 Gen 3,Lenovo,ThinkPad,Intel Core i5-1235U,Intel Iris Xe Graphics,16,512,SSD,13.3,0,12993,2657,23487420.0,1538
New,Lenovo ThinkPad L13 Gen 3,Lenovo,ThinkPad,Intel Core i5-1235U,Intel Iris Xe Graphics,8,256,SSD,13.3,0,12993,2657,19437000.0,1539
New,Lenovo ThinkPad L13 Yoga Gen 2,Lenovo,ThinkPad,Intel Core i5-1135G7,Intel Iris Xe Graphics,8,256,SSD,13.3,1,9564,2657,15504555.0,1540
New,Lenovo ThinkPad L13 Yoga Gen 3,Lenovo,ThinkPad,Intel Core i5-1235U,Intel Iris Xe Graphics,8,256,SSD,13.3,1,12993,2657,21928500.0,1541
New,Lenovo ThinkPad L14 Gen 2,Lenovo,ThinkPad,Intel Core i5-1135G7,Intel Iris Xe Graphics,8,512,SSD,14.0,0,9564,2657,15163500.0,1542
New,Lenovo ThinkPad L14 Gen 3,Lenovo,ThinkPad,Intel Core i5-1235U,Intel Iris Xe Graphics,8,256,SSD,14.0,0,12993,2657,19156500.0,1543
New,Lenovo ThinkPad L14 Gen 3,Lenovo,ThinkPad,Intel Core i7-1255U,Intel Iris Xe Graphics,16,512,SSD,14.0,0,13289,2657,25665090.0,1544
New,Lenovo ThinkPad L15 Gen 3,Lenovo,ThinkPad,Intel Core i7-1255U,Intel Iris Xe Graphics,16,512,SSD,15.6,0,13289,2657,22343970.0,1545
New,Lenovo ThinkPad P1 Gen 5,Lenovo,ThinkPad,Intel Core i7-12700H,RTX A2000,16,1000,SSD,16.0,0,25766,13582,68288055.0,1546
New,Lenovo ThinkPad P14s Gen 3,Lenovo,ThinkPad,Intel Core i7-1260P,T550,16,512,SSD,14.0,0,16814,4777,35887500.0,1547
New,Lenovo ThinkPad P15 Gen 2,Lenovo,ThinkPad,Intel Core i7-11800H,RTX A2000,16,512,SSD,15.6,0,20086,13582,33792000.0,1548
New,Lenovo ThinkPad P15 Gen 2,Lenovo,ThinkPad,Intel Core i7-11850H,RTX A2000,16,512,SSD,15.6,0,21365,13582,42388500.0,1549
New,Lenovo ThinkPad P16 Gen 1,Lenovo,ThinkPad,Intel Core i7-12800HX,RTX A1000,16,512,SSD,16.0,0,31906,10607,54910680.0,1550
New,Lenovo ThinkPad P16s Gen 1,Lenovo,ThinkPad,Intel Core i7-1260P,T550,16,512,SSD,16.0,0,16814,4777,35178660.0,1551
New,Lenovo ThinkPad P17 Gen 2,Lenovo,ThinkPad,Intel Core i7-11800H,RTX A2000,16,512,SSD,17.3,0,20086,13582,42536670.0,1552
New,Lenovo ThinkPad T14 Gen 3,Lenovo,ThinkPad,Intel Core i5-1235U,Intel Iris Xe Graphics,8,256,SSD,14.0,0,12993,2657,29403000.0,1553
New,Lenovo ThinkPad T14 Gen 3,Lenovo,ThinkPad,Intel Core i7-1260P,MX550,32,1000,SSD,14.0,0,16814,4545,44087835.0,1554
New,Lenovo ThinkPad T14s G3,Lenovo,ThinkPad,Intel Core i5-1240P,Intel Iris Xe Graphics,16,512,SSD,14.0,0,16671,2657,34122000.0,1555
New,Lenovo ThinkPad T14s Gen 2,Lenovo,ThinkPad,Intel Core i5-1135G7,Intel Iris Xe Graphics,8,256,SSD,14.0,0,9564,2657,20186595.0,1556
New,Lenovo ThinkPad T14s Gen 2,Lenovo,ThinkPad,Intel Evo Core i5-1135G7,Intel Iris Xe Graphics,8,256,SSD,14.0,0,1034,2657,24956910.0,1557
New,Lenovo ThinkPad T15 Gen 2,Lenovo,ThinkPad,Intel Core i7-1165G7,Intel Iris Xe Graphics,16,512,SSD,15.6,0,10011,2657,24865335.0,1558
New,Lenovo ThinkPad T15 Gen 2,Lenovo,ThinkPad,Intel Core i7-1185G7,MX450,16,2000,SSD,15.6,0,10178,3742,29617500.0,1559
New,Lenovo ThinkPad T15,Lenovo,ThinkPad,Intel Core i5-10210U,Intel UHD Graphics,8,256,SSD,15.6,0,6136,1495,14008500.0,1560
New,Lenovo ThinkPad T16 Gen 1,Lenovo,ThinkPad,Intel Core i5-1235U,Intel Iris Xe Graphics,16,512,SSD,16.0,0,12993,2657,31762500.0,1561
New,Lenovo ThinkPad X1 Carbon Gen 9,Lenovo,ThinkPad,Intel Evo Core i5-1135G7,Intel Iris Xe Graphics,8,256,SSD,14.0,0,1034,2657,22026510.0,1562
New,Lenovo ThinkPad X1 Nano Gen 2,Lenovo,ThinkPad,Intel Evo Core i7-1260P,Intel Iris Xe Graphics,16,1000,SSD,13.0,1,16814,2657,51275730.0,1563
New,Lenovo ThinkPad X1 Nano,Lenovo,ThinkPad,Intel Core i7-1160G7,Intel Iris Xe Graphics,16,1000,SSD,13.0,0,9099,2657,32332905.0,1564
New,Lenovo ThinkPad X13,Lenovo,ThinkPad,Intel Core i5-10210U,Intel UHD Graphics,8,512,SSD,13.3,0,6136,1495,22417065.0,1565
New,Lenovo ThinkPad X13s G1,Lenovo,ThinkPad,Snapdragon 8cx Gen 3,Adreno,16,256,SSD,13.3,0,11817,3245,32950500.0,1566
New,Lenovo ThinkPad Z13,Lenovo,ThinkPad,AMD Ryzen 7 Pro 6850H,AMD Radeon Graphics,16,512,SSD,13.3,0,23391,478,34122000.0,1567
New,Lenovo ThinkPad Z16 G1,Lenovo,ThinkPad,AMD Ryzen 7 Pro 6850H,AMD Radeon Graphics,16,512,SSD,16.0,0,23391,478,37636500.0,1568
New,Lenovo Thinkpad P15 G2,Lenovo,ThinkPad,Intel Core i7-11800H,Intel UHD Graphics,16,512,SSD,15.6,0,20086,1495,32990100.0,1569
New,Lenovo Thinkpad X1 Carbon,Lenovo,ThinkPad,Intel Evo Core i7-1165G7,Intel Iris Xe Graphics,32,1000,SSD,14.0,0,1034,2657,61397820.0,1570
New,Lenovo V14 G2 ALC,Lenovo,V14,AMD Ryzen 3 5300U,AMD Radeon Graphics,8,256,SSD,14.0,0,9612,478,12489675.0,1571
Refurbished,Lenovo V14 IIL,Lenovo,V14,Intel Core i5-1035G1,Intel UHD Graphics,8,256,SSD,14.0,0,7233,1495,6534495.0,1572
New,Lenovo V14 IML,Lenovo,V14,Intel Core i3-10110U,Intel UHD Graphics,8,512,SSD,14.0,0,3866,1495,8478855.0,1573
New,Lenovo V15 G2 ALC,Lenovo,V15,AMD Ryzen 7 5700U,AMD Radeon Graphics,8,512,SSD,15.6,0,15676,478,9316230.0,1574
New,Lenovo V15 G2 ITL,Lenovo,V15,Intel Core i3-1115G4,Intel UHD Graphics,8,256,SSD,15.6,0,5934,1495,10906500.0,1575
New,Lenovo V15 G2 ITL,Lenovo,V15,Intel Core i7-1165G7,Intel Iris Xe Graphics,8,512,SSD,15.6,0,10011,2657,10919205.0,1576
New,Lenovo V15 G2,Lenovo,V15,Intel Core i5-1135G7,Intel Iris Xe Graphics,8,512,SSD,15.6,0,9564,2657,8359065.0,1577
New,Lenovo V15 G3 ABA,Lenovo,V15,AMD Ryzen 5 5625U,AMD Radeon Graphics,8,256,SSD,15.6,0,14837,478,11847000.0,1578
New,Lenovo V15 G3 ABA,Lenovo,V15,AMD Ryzen 5 5625U,AMD Radeon Graphics,8,512,SSD,15.6,0,14837,478,9035895.0,1579
New,Lenovo V15 G3 IAP,Lenovo,V15,Intel Core i5-1235U,Intel Iris Xe Graphics,16,512,SSD,15.6,0,12993,2657,16153500.0,1580
New,Lenovo V15 G3 IAP,Lenovo,V15,Intel Core i5-1235U,Intel Iris Xe Graphics,8,256,SSD,15.6,0,12993,2657,13909335.0,1581
New,Lenovo V15 IGL,Lenovo,V15,Intel Celeron N4020,Intel UHD Graphics 600,8,256,SSD,15.6,0,1546,317,5606370.0,1582
New,Lenovo V15 IIL,Lenovo,V15,Intel Celeron N4020,Intel UHD Graphics 600,4,256,SSD,15.6,0,1546,317,5956500.0,1583
New,Lenovo V15,Lenovo,V15,Intel Core i3-1115G4,Intel UHD Graphics,8,512,SSD,15.6,0,5934,1495,9514890.0,1584
New,Lenovo Yoga 7 14ARB7,Lenovo,Yoga,AMD Ryzen 5 6600U,AMD Radeon Graphics,8,512,SSD,14.0,1,16606,478,21631500.0,1585
New,Lenovo Yoga 9 14IAP7,Lenovo,Yoga,Intel Evo Core i7-1260P,Intel Iris Xe Graphics,16,1000,SSD,14.0,1,16814,2657,39333525.0,1586
New,Lenovo Yoga 9 14ITL5,Lenovo,Yoga,Intel Evo Core i7-1185G7,Intel Iris Xe Graphics,16,1000,SSD,14.0,1,1034,2657,43659000.0,1587
New,Lenovo Yoga Chromebook C630,Lenovo,Yoga,Intel Core i5-8250U,Intel UHD Graphics 620,8,128,eMMC,15.6,1,5821,1042,19274145.0,1588
New,Lenovo Yoga Slim 7 14ITL05,Lenovo,Yoga,Intel Core i7-1165G7,Intel Iris Xe Graphics,16,1000,SSD,14.0,0,10011,2657,34232220.0,1589
New,Lenovo Yoga Slim 7 Pro 14IHU5,Lenovo,Yoga,Intel Evo Core i7-11370H,Intel Iris Xe Graphics,16,512,SSD,14.0,0,1034,2657,26817120.0,1590
New,Lenovo Yoga Slim 7 Pro,Lenovo,Yoga,Intel Evo Core i7-1260P,Intel Iris Xe Graphics,8,512,SSD,14.0,0,16814,2657,20971500.0,1591
New,Lenovo Yoga Slim 7 ProX 14IAH7,Lenovo,Yoga,Intel Evo Core i5-12500H,Intel Iris Xe Graphics,16,512,SSD,14.5,0,20660,2657,26319480.0,1592
New,Lenovo Yoga Slim 9 14ITL5,Lenovo,Yoga,Intel Evo Core i7-1165G7,Intel Iris Xe Graphics,16,1000,SSD,14.0,1,1034,2657,45292335.0,1593
New,MSI Bravo 15 B5DD-007XES,MSI,Bravo,AMD Ryzen 5 5600H,Radeon Pro 5500M,8,512,SSD,15.6,0,16751,6723,15268110.0,1594
New,MSI Creator Pro Z17 A12UMST-200ES,MSI,Creator,Intel Core i9-12900H,RTX A5500,64,2000,SSD,17.0,1,27500,21502,56898930.0,1595
New,MSI Katana 15 B13VEK-030XES,MSI,Katana,Intel Core i7-13620H,RTX 4050,16,1000,SSD,15.6,0,24272,14435,20299455.0,1596
New,MSI Katana GF66 12UGS-663XES,MSI,Katana,Intel Core i7-12700H,RTX 3070,16,1000,SSD,15.6,0,25766,23392,36288615.0,1597
New,MSI Katana GF66,MSI,Katana,Intel Core i7-11800H,RTX 3050,16,512,SSD,15.6,0,20086,12578,24749175.0,1598
New,MSI Katana GF76 12UGS-448XES,MSI,Katana,Intel Core i7-12700H,RTX 3070,16,512,SSD,17.3,0,25766,23392,38005110.0,1599
New,MSI Modern 15 A11M-1050XES,MSI,Modern,Intel Core i7-1195G7,Intel Iris Xe Graphics,16,512,SSD,15.6,0,10549,2657,20033640.0,1600
New,MSI Prestige 14 A12UC-047ES,MSI,Prestige,Intel Core i7-1280P,RTX 3050,16,1000,SSD,14.0,0,20311,12578,28577835.0,1601
New,MSI Raider GE78HX 13VI-201ES,MSI,Raider,Intel Core i7-13700H,RTX 4090,32,1000,SSD,17.0,0,26456,38262,63762600.0,1602
Refurbished,MSI Stealth 15M B12UE-019ES,MSI,Stealth,Intel Core i7-1280P,RTX 3060,16,1000,SSD,15.6,0,20311,20376,29683500.0,1603
New,MSI Stealth GS77 12UHS-086ES,MSI,Stealth,Intel Core i7-12700H,RTX 3080,32,1000,SSD,17.3,0,25766,26922,60456660.0,1604
New,MSI Summit E14 Evo A12M-084ES,MSI,Summit,Intel Core i7-1280P,Intel Iris Xe Graphics,32,1000,SSD,14.0,0,20311,2657,28197840.0,1605
Refurbished,MSI Summit E16 Flip A12UDT-001ES,MSI,Summit,Intel Core i7-1280P,RTX 3050,32,1000,SSD,16.0,1,20311,12578,37933500.0,1606
New,MSI Titan GT77 HX 13VI-007ES,MSI,Titan,Intel Core i9-13980HX,RTX 4090,64,2000,SSD,17.3,0,46648,38262,82386315.0,1607
New,MSI WS63 8SL-013ES Vpro,MSI,WS63,Intel Core i7-8850H,Intel UHD Graphics 630,32,1000,SSD,15.6,0,10168,1236,64358250.0,1608
New,Medion Akoya E15301,Medion,Akoya,AMD Ryzen 3 3200U,AMD Radeon Vega 3 Graphics,8,256,SSD,15.6,0,3751,3159,6102525.0,1609
New,Medion Akoya E15301,Medion,Akoya,AMD Ryzen 5 3500U,AMD Radeon Vega 8 Graphics,8,256,SSD,15.6,0,6868,3159,6599835.0,1610
New,Medion Akoya E15303 MD62129,Medion,Akoya,AMD Ryzen 5 3500U,AMD Radeon Vega 8 Graphics,8,256,SSD,15.6,0,6868,3159,10954350.0,1611
New,Medion Akoya E3221,Medion,Akoya,Intel Celeron N4020,Intel UHD Graphics 600,4,64,eMMC,13.3,0,1546,317,7769190.0,1612
New,Medion Akoya E4251,Medion,Akoya,Intel Celeron N4020,Intel UHD Graphics 600,4,128,SSD,14.0,0,1546,317,4413585.0,1613
New,Medion Akoya E6247,Medion,Akoya,Intel Celeron N4020,Intel UHD Graphics 600,8,256,SSD,15.6,0,1546,317,6735960.0,1614
New,Medion Akoya S15449,Medion,Akoya,Intel Core i5-1135G7,Intel Iris Xe Graphics,8,512,SSD,15.6,0,9564,2657,9872115.0,1615
New,Medion Akoya S15449-MD61991,Medion,Akoya,Intel Core i5-1135G7,Intel Iris Xe Graphics,8,512,SSD,15.6,0,9564,2657,11069025.0,1616
New,Microsoft Surface Go 2,Microsoft,Surface Go,Intel Core M3-8100Y,Intel UHD Graphics 615,8,128,SSD,10.5,1,2778,722,18936555.0,1617
New,Microsoft Surface Go 3 Business 4G LTE,Microsoft,Surface Go,Intel Core i3-10100Y,Intel UHD Graphics,8,256,SSD,10.5,1,2876,1495,17028000.0,1618
New,Microsoft Surface Go 3 Business 4G LTE,Microsoft,Surface Go,Intel Core i3-10100Y,Intel UHD Graphics,8,256,SSD,10.5,1,2876,1495,15803865.0,1619
New,Microsoft Surface Go 3,Microsoft,Surface Go,Intel Core i3-10100Y,Intel UHD Graphics,8,128,SSD,10.5,1,2876,1495,13332000.0,1620
New,Microsoft Surface Go 3,Microsoft,Surface Go,Intel Core i3-10100Y,Intel UHD Graphics,8,128,SSD,10.5,1,2876,1495,14256000.0,1621
New,Microsoft Surface Laptop 4 Negro,Microsoft,Surface Laptop,Intel Core i5-1145G7,Intel Iris Xe Graphics,16,512,SSD,13.5,1,9513,2657,33396825.0,1622
New,Microsoft Surface Laptop 4 Negro,Microsoft,Surface Laptop,Intel Core i5-1145G7,Intel Iris Xe Graphics,8,256,SSD,13.5,1,9513,2657,15703710.0,1623
New,Microsoft Surface Laptop 4 Negro,Microsoft,Surface Laptop,Intel Core i5-1145G7,Intel Iris Xe Graphics,8,512,SSD,13.5,1,9513,2657,27522000.0,1624
New,Microsoft Surface Laptop 4 Negro,Microsoft,Surface Laptop,Intel Core i7-1185G7,Intel Iris Xe Graphics,8,512,SSD,15.0,1,10178,2657,20644635.0,1625
New,Microsoft Surface Laptop 4 Platino,Microsoft,Surface Laptop,AMD Ryzen 7 4980U,AMD Radeon Graphics,8,256,SSD,15.0,1,17469,478,27217410.0,1626
New,Microsoft Surface Laptop 4 Platino,Microsoft,Surface Laptop,Intel Core i5-1145G7,Intel Iris Xe Graphics,16,512,SSD,13.5,1,9513,2657,61840515.0,1627
New,Microsoft Surface Laptop 4 Platino,Microsoft,Surface Laptop,Intel Core i5-1145G7,Intel Iris Xe Graphics,8,256,SSD,13.5,1,9513,2657,15644310.0,1628
New,Microsoft Surface Laptop 5 Alcántara,Microsoft,Surface Laptop,Intel Evo Core i5-1245U,Intel Iris Xe Graphics,16,512,SSD,13.5,1,13263,2657,30473025.0,1629
New,Microsoft Surface Laptop 5 Alcántara,Microsoft,Surface Laptop,Intel Evo Core i5-1245U,Intel Iris Xe Graphics,8,256,SSD,13.5,1,13263,2657,21804255.0,1630
New,Microsoft Surface Laptop 5 Alcántara,Microsoft,Surface Laptop,Intel Evo Core i5-1245U,Intel Iris Xe Graphics,8,512,SSD,13.5,1,13263,2657,26008455.0,1631
New,Microsoft Surface Laptop 5 Alcántara,Microsoft,Surface Laptop,Intel Evo Core i7-1265U,Intel Iris Xe Graphics,16,512,SSD,13.5,1,13442,2657,33374550.0,1632
New,Microsoft Surface Laptop 5 Negro,Microsoft,Surface Laptop,Intel Evo Core i5-1245U,Intel Iris Xe Graphics,8,512,SSD,13.5,1,13263,2657,26008455.0,1633
New,Microsoft Surface Laptop 5 Negro,Microsoft,Surface Laptop,Intel Evo Core i7-1265U,Intel Iris Xe Graphics,16,256,SSD,15.0,1,13442,2657,38149650.0,1634
New,Microsoft Surface Laptop 5 Negro,Microsoft,Surface Laptop,Intel Evo Core i7-1265U,Intel Iris Xe Graphics,16,512,SSD,13.5,1,13442,2657,33374550.0,1635
New,Microsoft Surface Laptop 5 Platino,Microsoft,Surface Laptop,Intel Evo Core i7-1255U,Intel Iris Xe Graphics,8,256,SSD,15.0,1,13289,2657,27373335.0,1636
New,Microsoft Surface Laptop 5 Platino,Microsoft,Surface Laptop,Intel Evo Core i7-1265U,Intel Iris Xe Graphics,16,256,SSD,15.0,1,13442,2657,34708575.0,1637
New,Microsoft Surface Laptop 5 Platino,Microsoft,Surface Laptop,Intel Evo Core i7-1265U,Intel Iris Xe Graphics,16,512,SSD,15.0,1,13442,2657,35481270.0,1638
New,Microsoft Surface Laptop 5 Platino,Microsoft,Surface Laptop,Intel Evo Core i7-1265U,Intel Iris Xe Graphics,8,512,SSD,15.0,1,13442,2657,30331785.0,1639
New,Microsoft Surface Laptop Go 2,Microsoft,Surface Laptop,Intel Core i5-1135G7,Intel Iris Xe Graphics,8,128,SSD,12.4,1,9564,2657,13596000.0,1640
New,Microsoft Surface Laptop Go,Microsoft,Surface Laptop,Intel Core i5-1035G1,Intel UHD Graphics,4,64,eMMC,12.4,1,7233,1495,11333520.0,1641
New,Microsoft Surface Laptop Go,Microsoft,Surface Laptop,Intel Core i5-1035G1,Intel UHD Graphics,8,256,SSD,12.4,1,7233,1495,18714465.0,1642
New,Microsoft Surface Laptop Studio,Microsoft,Surface Laptop,Intel Core i7-11370H,RTX 3050,16,512,SSD,14.4,1,11646,12578,37365075.0,1643
New,Microsoft Surface Pro 7,Microsoft,Surface Pro,Intel Core i7-1065G7,Intel Iris Plus Graphics G7,16,256,SSD,12.3,0,8205,6864,27208500.0,1644
New,Microsoft Surface Pro 7,Microsoft,Surface Pro,Intel Core i7-1065G7,Intel Iris Plus Graphics G7,16,512,SSD,12.3,0,8205,6864,34633500.0,1645
Refurbished,Microsoft Surface Pro 7+,Microsoft,Surface Pro,Intel Core i5-1135G7,Intel Iris Xe Graphics,8,128,SSD,12.3,1,9564,2657,16664835.0,1646
New,Microsoft Surface Pro 7+,Microsoft,Surface Pro,Intel Evo Core i7-1165G7,Intel Iris Xe Graphics,16,1000,SSD,12.3,1,1034,2657,46901250.0,1647
New,Microsoft Surface Pro 8 4G LTE,Microsoft,Surface Pro,Intel Core i5-1145G7,Intel Iris Xe Graphics,16,512,SSD,13.0,1,9513,2657,31630335.0,1648
New,Microsoft Surface Pro 8 4G LTE,Microsoft,Surface Pro,Intel Evo Core i5-1145G7,Intel Iris Xe Graphics,8,256,SSD,13.0,1,1034,2657,23017170.0,1649
New,Microsoft Surface Pro 8 4G LTE,Microsoft,Surface Pro,Intel Evo Core i7-1185G7,Intel Iris Xe Graphics,16,256,SSD,13.0,1,1034,2657,31312380.0,1650
New,Microsoft Surface Pro 8,Microsoft,Surface Pro,Intel Core i7-1185G7,Intel Iris Xe Graphics,16,256,SSD,13.0,1,10178,2657,28462335.0,1651
New,Microsoft Surface Pro 8,Microsoft,Surface Pro,Intel Evo Core i5-1145G7,Intel Iris Xe Graphics,8,128,SSD,13.0,1,1034,2657,26103000.0,1652
New,Microsoft Surface Pro 8,Microsoft,Surface Pro,Intel Evo Core i7-1185G7,Intel Iris Xe Graphics,16,256,SSD,13.0,1,1034,2657,24215070.0,1653
New,Microsoft Surface Pro X,Microsoft,Surface Pro,Microsoft SQ1,Microsoft SQ1 Adreno,16,512,SSD,13.0,1,5971,3245,39704775.0,1654
New,Millenium AURELION ML3,Millenium,AURELION,Intel Core i7-9750H,GTX 1660,16,500,SSD,15.6,0,10705,12907,27076170.0,1655
New,Millenium AZIR ML3,Millenium,AZIR,Intel Core i7-9750H,RTX 2070,16,500,SSD,15.6,0,10705,18188,38159715.0,1656
New,Msi Prestige 14 Evo A12M-22,MSI,Prestige,Intel Core i5-1240P,Intel Iris Xe Graphics,16,512,SSD,14.0,0,16671,2657,16994835.0,1657
New,Primux IoxBook K15,Primux,Ioxbook,Intel Core i5-1135G7,Intel Iris Xe Graphics,8,512,SSD,15.6,0,9564,2657,7234590.0,1658
New,Primux Ioxbook K15,Primux,Ioxbook,Intel Core i3-1115G4,Intel UHD Graphics,8,256,SSD,15.6,0,5934,1495,5713620.0,1659
New,Razer Blade 17 QHD 240Hz,Razer,Blade,Intel Core i7-12800H,RTX 3060,16,1000,SSD,17.3,0,24504,20376,51149670.0,1660
New,Realme Book Prime,Realme,Book Prime,Intel Core i5-11320H,Intel Iris Xe Graphics,8,512,SSD,14.0,0,10884,2657,16483500.0,1661
New,Samsung Chromebook 2,Samsung,Chromebook,Intel Celeron N4500,Intel UHD Graphics,4,64,eMMC,12.4,1,1882,1495,8229045.0,1662
New,Thomson NEO Z3,Thomson,Go,Snapdragon 850,Adreno 630,8,256,SSD,13.0,0,3326,282,7203240.0,1663
New,Toshiba Tecra A40-J-15b,Toshiba,Tecra,Intel Core i3-1125G4,Intel UHD Graphics,8,256,SSD,14.0,0,9413,1495,13183500.0,1664
New,Vant Edge 3,Vant,Edge,Intel Core i7-1255U,Intel Iris Xe Graphics,16,500,SSD,14.0,0,13289,2657,18529500.0,1665
New,Vant Edge 3,Vant,Edge,Intel Core i7-1255U,Intel Iris Xe Graphics,16,1000,SSD,14.0,0,13289,2657,19173000.0,1666
New,Vant Edge 3,Vant,Edge,Intel Core i7-1255U,Intel Iris Xe Graphics,16,1000,SSD,14.0,0,13289,2657,19173000.0,1667
New,Vant Edge 3,Vant,Edge,Intel Core i7-1255U,Intel Iris Xe Graphics,16,500,SSD,14.0,0,13289,2657,18529500.0,1668
New,Vant Edge 3,Vant,Edge,Intel Core i7-1255U,Intel Iris Xe Graphics,40,1000,SSD,14.0,0,13289,2657,20080665.0,1669
New,Vant Edge 3,Vant,Edge,Intel Core i7-1255U,Intel Iris Xe Graphics,40,1000,SSD,14.0,0,13289,2657,20080665.0,1670
New,Vant Edge,Vant,Edge,Intel Core i5-10210U,Intel UHD Graphics,16,500,SSD,14.0,0,6136,1495,16401000.0,1671
New,Vant Edge,Vant,Edge,Intel Core i7-10510U,Intel UHD Graphics,16,500,SSD,14.0,0,6492,1495,18529500.0,1672
New,Vant Edge,Vant,Edge,Intel Core i7-10510U,Intel UHD Graphics,16,500,SSD,14.0,0,6492,1495,18529500.0,1673
New,Vant Moove3-14,Vant,Moove,Intel Core i5-1135G7,Intel Iris Xe Graphics,8,500,SSD,14.0,0,9564,2657,10428000.0,1674
Refurbished,ASUS Chromebook C433TA-AJ0336,Asus,Chromebook,Intel Core m3-8100Y,Intel UHD Graphics 615,8,64,eMMC,14.0,1,2778,722,9058500.0,1675
Refurbished,ASUS F415EA-EK113T,Asus,F415EA,Intel Core i3-1115G4,Intel UHD Graphics,8,256,SSD,14.0,0,5934,1495,8233500.0,1676
Refurbished,ASUS F515EA-BQ131T,Asus,F515,Intel Core i5-1135G7,Intel Iris Xe Graphics,8,512,SSD,15.6,0,9564,2657,8579835.0,1677
Refurbished,ASUS F515EA-BQ1765W,Asus,F515,Intel Core i5-1135G7,Intel Iris Xe Graphics,8,512,SSD,15.6,0,9564,2657,9883500.0,1678
Refurbished,ASUS F515EA-BQ2036W,Asus,F515,Intel Core i3-1115G4,Intel UHD Graphics,8,256,SSD,15.6,0,5934,1495,7903500.0,1679
Refurbished,ASUS F515EA-BQ2037W,Asus,F515,Intel Core i5-1135G7,Intel Iris Xe Graphics,8,512,SSD,15.6,0,9564,2657,9883500.0,1680
Refurbished,ASUS F515EA-EJ2198W,Asus,F515,Intel Core i7-1165G7,Intel Iris Xe Graphics,16,512,SSD,15.6,0,10011,2657,12358500.0,1681
Refurbished,ASUS F515JA-BQ2315W,Asus,F515,Intel Core i5-1035G1,Intel UHD Graphics,8,512,SSD,15.6,0,7233,1495,10873500.0,1682
Refurbished,ASUS P1411CEA-BV688X,Asus,G7,Intel Core i5-1135G7,Intel Iris Xe Graphics,8,256,SSD,14.0,0,9564,2657,9388500.0,1683
Refurbished,ASUS P1511CEA-BR1797X,Asus,BR,Intel Core i5-1135G7,Intel Iris Xe Graphics,16,512,SSD,15.6,0,9564,2657,10708500.0,1684
Refurbished,ASUS ROG Flow Z13 2022 GZ301ZE-LD219W,Asus,ROG,Intel Core i9-12900H,RTX 3050,16,1000,SSD,13.4,1,27500,12578,65983500.0,1685
Refurbished,ASUS ROG Strix G15 G513IC-HN004W,Asus,ROG,AMD Ryzen 7 4800H,RTX 3050,16,512,SSD,15.6,0,18279,12578,15658500.0,1686
Refurbished,ASUS ROG Strix G15 G513RS-HQ018W,Asus,ROG,AMD Ryzen 9 6900HX,RTX 3080,32,1000,SSD,15.6,0,24406,26922,51133500.0,1687
Refurbished,ASUS ROG Strix G17 G713RM-LL009,Asus,ROG,AMD Ryzen 7 6800H,RTX 3060,32,1000,SSD,17.3,0,23136,20376,34633500.0,1688
Refurbished,ASUS ROG Strix G17 G713RW-LL009,Asus,ROG,AMD Ryzen 9 6900HX,RTX 3070,32,1000,SSD,17.3,0,24406,23392,46183500.0,1689
Refurbished,ASUS ROG Strix G17 G713RW-LL088,Asus,ROG,AMD Ryzen 9 6900HX,RTX 3070,32,1000,SSD,17.3,0,24406,23392,38828460.0,1690
Refurbished,ASUS ROG Strix SCAR 17 G733ZW-LL103W,Asus,ROG,Intel Core i9-12900H,RTX 3070,32,1000,SSD,17.3,0,27500,23392,49483500.0,1691
Refurbished,ASUS ROG Zephyrus Duo 16 GX650RX-LO162W,Asus,ROG,AMD Ryzen 9 6900HX,RTX 3080,64,4000,SSD,16.0,0,24406,26922,65983500.0,1692
Refurbished,ASUS ROG Zephyrus G15 GA503QM-HQ019T,Asus,ROG,AMD Ryzen 9 5900HS,RTX 3060,32,1000,SSD,15.6,0,21395,20376,26399670.0,1693
Refurbished,ASUS ROG Zephyrus G15 GA503RS-HB054W,Asus,ROG,AMD Ryzen 9 6900HS,RTX 3080,32,1000,SSD,15.6,0,23237,26922,31167510.0,1694
Refurbished,ASUS ROG Zephyrus M16 GU603ZX-K8017W,Asus,ROG,Intel Core i9-12900H,RTX 3080,32,2000,SSD,16.0,0,27500,26922,65983500.0,1695
Refurbished,ASUS TUF Gaming A15 FA507RM-HN003,Asus,TUF,AMD Ryzen 7 6800H,RTX 3060,16,1000,SSD,15.6,0,23136,20376,29683500.0,1696
Refurbished,ASUS TUF Gaming F15 FX506HEB-HN187,Asus,TUF,Intel Core i5-11400H,RTX 3050,16,512,SSD,15.6,0,15398,12578,19783500.0,1697
Refurbished,ASUS TUF Gaming F17 FX706HM-HX059,Asus,TUF,Intel Core i7-11800H,RTX 3060,32,1000,SSD,17.3,0,20086,20376,29683500.0,1698
Refurbished,ASUS VivoBook 15 K513EA-BQ1791T,Asus,VivoBook,Intel Core i5-1135G7,Intel Iris Xe Graphics,16,512,SSD,15.6,0,9564,2657,12358500.0,1699
Refurbished,ASUS VivoBook F1500EA-EJ2647,Asus,VivoBook,Intel Core i5-1135G7,Intel Iris Xe Graphics,8,256,SSD,15.6,0,9564,2657,9883500.0,1700
Refurbished,ASUS Vivobook 15 K513EA-BQ1791,Asus,VivoBook,Intel Core i5-1135G7,Intel Iris Xe Graphics,16,512,SSD,15.6,0,9564,2657,11533500.0,1701
Refurbished,ASUS ZenBook 14 UM425QA-KI174W,Asus,ZenBook,AMD Ryzen 7 5800H,AMD Radeon Graphics,16,512,SSD,14.0,0,20856,478,18133500.0,1702
Refurbished,ASUS Zenbook 14 UM425UAZ-AM008T,Asus,ZenBook,AMD Ryzen 7 5700U,AMD Radeon Graphics,16,512,SSD,14.0,0,15676,478,10049160.0,1703
Refurbished,Acer Aspire 3 A315-23-R90Q,Acer,Aspire,AMD Ryzen 7 3700U,AMD Radeon Vega 10 Graphics,8,512,SSD,15.6,0,7099,3159,11533500.0,1704
Refurbished,Acer Aspire 3 A315-34-C92E,Acer,Aspire,Intel Celeron N4020,Intel UHD Graphics 600,4,128,SSD,15.6,0,1546,317,4358310.0,1705
Refurbished,Acer Aspire 3 A315-56-304W,Acer,Aspire,Intel Core i3-1005G1,Intel UHD Graphics,8,256,SSD,15.6,0,4864,1495,5229510.0,1706
Refurbished,Acer Aspire 3 A315-56-52KD,Acer,Aspire,Intel Core i5-1035G1,Intel UHD Graphics,12,512,SSD,15.6,0,7233,1495,7875120.0,1707
Refurbished,Acer Aspire 3 A315-56-57QZ,Acer,Aspire,Intel Core i5-1035G1,Intel UHD Graphics,12,512,SSD,15.6,0,7233,1495,6162585.0,1708
Refurbished,Acer Aspire 3 A315-56-58CJ,Acer,Aspire,Intel Core i5-1035G1,Intel UHD Graphics,12,256,SSD,15.6,0,7233,1495,6455460.0,1709
Refurbished,Acer Aspire 3 A315-56-75WC,Acer,Aspire,Intel Core i7-1065G7,Intel Iris Plus Graphics G7,8,512,SSD,15.6,0,8205,6864,7851195.0,1710
Refurbished,Acer Aspire 3 A315-58-39L1,Acer,Aspire,Intel Core i3-1115G4,Intel UHD Graphics,8,256,SSD,15.6,0,5934,1495,9388500.0,1711
New,Acer Aspire 3 A315-59-56GV,Acer,Aspire,Intel Core i5-1235U,Intel Iris Xe Graphics,8,512,SSD,15.6,0,12993,2657,13381335.0,1712
Refurbished,Acer Aspire 5 A514-53-37D2,Acer,Aspire,Intel Core i3-1005G1,Intel UHD Graphics,8,512,SSD,14.0,0,4864,1495,5514960.0,1713
Refurbished,Acer Aspire 5 A515-54-735N,Acer,Aspire,Intel Core i7-10510U,Intel UHD Graphics,8,512,SSD,15.6,0,6492,1495,9749520.0,1714
Refurbished,Acer Chromebook 314 CB314-1HT-C2D1,Acer,Chromebook,Intel Celeron N4020,Intel UHD Graphics 600,8,128,eMMC,14.0,1,1546,317,7408500.0,1715
Refurbished,Acer Chromebook 315,Acer,Chromebook,Intel Celeron N4020,Intel UHD Graphics 600,8,128,eMMC,15.6,0,1546,317,6583500.0,1716
Refurbished,Acer ConceptD 3 CN316-73G-75GM,Acer,ConceptD,Intel Core i7-11800H,RTX 3050,16,512,SSD,16.0,0,20086,12578,31333500.0,1717
Refurbished,Acer Extensa 15 EX215-52-78J5,Acer,Extensa,Intel Core i7-1065G7,Intel Iris Plus Graphics G7,8,512,SSD,15.6,0,8205,6864,6989070.0,1718
Refurbished,Acer Nitro 5 AN515-44-R9E2,Acer,Nitro,AMD Ryzen 7 4800H,GTX 1650,16,512,SSD,15.6,0,18279,10181,11063745.0,1719
Refurbished,Acer Nitro 5 AN515-55-598S,Acer,Nitro,Intel Core i5-10300H,GTX 1650,8,256,SSD,15.6,0,8283,10181,7880235.0,1720
Refurbished,Acer Nitro 5 AN515-55-72GW,Acer,Nitro,Intel Core i7-10750H,GTX 1650,16,512,SSD,15.6,0,11662,10181,11141460.0,1721
Refurbished,Acer Nitro 5 AN515-57-505V,Acer,Nitro,Intel Core i5-11400H,RTX 3050,16,512,SSD,15.6,0,15398,12578,11000385.0,1722
Refurbished,Acer Nitro 5 AN515-57-73QK,Acer,Nitro,Intel Core i7-11800H,RTX 3050,16,512,SSD,15.6,0,20086,12578,14618010.0,1723
Refurbished,Acer Nitro 5 AN515-57-75M9,Acer,Nitro,Intel Core i7-11800H,RTX 3050,16,512,SSD,15.6,0,20086,12578,19783500.0,1724
Refurbished,Acer Nitro 5 AN515-58-730H,Acer,Nitro,Intel Core i7-12700H,RTX 3060,16,1000,SSD,15.6,0,25766,20376,26383500.0,1725
Refurbished,Acer Nitro 5 AN517-41-R37U,Acer,Nitro,AMD Ryzen 7 5800H,RTX 3070,16,1000,SSD,17.3,0,20856,23392,20041395.0,1726
Refurbished,Acer Nitro 5 AN517-52-73SP,Acer,Nitro,Intel Core i7-10750H,RTX 3060,16,1000,SSD,17.3,0,11662,20376,15939660.0,1727
Refurbished,Acer Porsche Design Book RS AP714-51T,Acer,Book,Intel Evo Core i5-1135G7,Intel Iris Xe Graphics,8,512,SSD,14.0,1,1034,2657,24733500.0,1728
Refurbished,Acer Predator Helios 300 PH315-53-72T7,Acer,Predator,Intel Core i7-10750H,RTX 3060,16,1000,SSD,15.6,0,11662,20376,15091560.0,1729
Refurbished,Acer Predator Helios 300 PH315-54-76XV,Acer,Predator,Intel Core i7-11800H,RTX 3060,16,1000,SSD,15.6,0,20086,20376,18121785.0,1730
Refurbished,Acer Predator Helios 300 PH315-54-784L,Acer,Predator,Intel Core i7-11800H,RTX 3070,32,1000,SSD,15.6,0,20086,23392,22187385.0,1731
Refurbished,Acer Predator Triton 500 SE PT516-51s-74PZ,Acer,Predator,Intel Core i7-11800H,RTX 3060,32,1000,SSD,16.0,0,20086,20376,28892985.0,1732
Refurbished,Apple MacBook Air,Apple,MacBook Air,Intel Core i3-1000NG4,Intel Iris Plus Graphics G4,8,256,SSD,13.3,0,3545,6864,11715000.0,1733
Refurbished,Apple MacBook Air,Apple,MacBook Air,Intel Core i3-1000NG4,Intel Iris Plus Graphics G4,8,256,SSD,13.3,0,3545,6864,12001605.0,1734
Refurbished,Apple MacBook Air,Apple,MacBook Air,Intel Core i3-1000NG4,Intel Iris Plus Graphics G4,8,256,SSD,13.3,0,3545,6864,12661935.0,1735
Refurbished,Apple MacBook Air,Apple,MacBook Air,Intel Core i5-8210Y,Intel UHD Graphics 617,8,128,SSD,13.3,0,2738,855,10327515.0,1736
Refurbished,Apple MacBook Air,Apple,MacBook Air,Intel Core i5-1030NG7,Intel Iris Plus Graphics G7,8,256,SSD,13.3,0,5604,6864,14414400.0,1737
Refurbished,Apple MacBook Air,Apple,MacBook Air,Intel Core i5-8210Y,Intel UHD Graphics 617,8,128,SSD,13.3,0,2738,855,12294975.0,1738
Refurbished,Apple MacBook Air,Apple,MacBook Air,Intel Core i5-8210Y,Intel UHD Graphics 617,8,128,SSD,13.3,0,2738,855,10861125.0,1739
Refurbished,Apple MacBook Air,Apple,MacBook Air,Intel Core i5-1030NG7,Intel Iris Plus Graphics G7,8,256,SSD,13.3,0,5604,6864,18118320.0,1740
Refurbished,Apple MacBook Air,Apple,MacBook Air,Intel Core i5-1030NG7,Intel Iris Plus Graphics G7,8,256,SSD,13.3,0,5604,6864,12457500.0,1741
Refurbished,Apple MacBook Air,Apple,MacBook Air,Intel Core i5-1030NG7,Intel Iris Plus Graphics G7,8,512,SSD,13.3,0,5604,6864,16830165.0,1742
Refurbished,Apple MacBook Air i5,Apple,MacBook Air,Intel Core i5-5250U,Intel HD Graphics 6000,4,256,SSD,13.3,0,2447,2045,5346000.0,1743
Refurbished,Apple MacBook,Apple,Macbook,Intel Core M3,Intel HD Graphics,8,256,SSD,12.0,0,2778,921,10132320.0,1744
Refurbished,Apple MacBook Pro 2021,Apple,MacBook Pro,Apple M1 Pro 10 Core 3200 MHz,Apple M1 Pro GPU,16,1000,SSD,14.2,0,21899,17789,41250165.0,1745
Refurbished,Apple MacBook Pro,Apple,MacBook Pro,Apple M1 Pro 10 Core 3200 MHz,Apple M1 Pro GPU,16,1000,SSD,16.2,0,21899,17789,49153500.0,1746
Refurbished,Apple MacBook Pro,Apple,MacBook Pro,Apple M1 Pro 10 Core 3200 MHz,Apple M1 Pro GPU,16,1000,SSD,16.2,0,21899,17789,48675000.0,1747
Refurbished,Apple MacBook Pro,Apple,MacBook Pro,Apple M1 Pro 10 Core 3200 MHz,Apple M1 Pro GPU,16,512,SSD,14.2,0,21899,17789,41250165.0,1748
Refurbished,Apple MacBook Pro,Apple,MacBook Pro,Apple M1 Pro 10 Core 3200 MHz,Apple M1 Pro GPU,32,1000,SSD,14.2,0,21899,17789,41250165.0,1749
Refurbished,Apple MacBook Pro,Apple,MacBook Pro,Apple M1 8 Core 3200 MHz,Apple M1 GPU,16,1000,SSD,13.3,0,14145,19388,32983500.0,1750
Refurbished,Apple MacBook Pro,Apple,MacBook Pro,Apple M1 8 Core 3200 MHz,Apple M1 GPU,8,256,SSD,13.3,0,14145,19388,16991040.0,1751
Refurbished,Apple MacBook Pro,Apple,MacBook Pro,Intel Core i5-8257U,Intel Iris Plus Graphics 645,8,128,SSD,13.3,0,7443,6864,14957250.0,1752
Refurbished,Apple MacBook Pro,Apple,MacBook Pro,Intel Core i5-8257U,Intel Iris Plus Graphics 645,8,128,SSD,13.3,0,7443,6864,14957250.0,1753
Refurbished,Apple MacBook Pro,Apple,MacBook Pro,Intel Core i5-8279U,Intel Iris Plus Graphics 655,8,256,SSD,13.3,0,7505,6864,12617055.0,1754
Refurbished,Apple MacBook Pro,Apple,MacBook Pro,Intel Core i5-8279U,Intel Iris Plus Graphics 655,8,256,SSD,13.3,0,7505,6864,15289725.0,1755
Refurbished,Apple MacBook Pro,Apple,MacBook Pro,Intel Core i5-8279U,Intel Iris Plus Graphics 655,8,256,SSD,13.3,0,7505,6864,12617055.0,1756
Refurbished,Apple MacBook Pro,Apple,MacBook Pro,Intel Core i5-8279U,Intel Iris Plus Graphics 655,8,512,SSD,13.3,0,7505,6864,13273590.0,1757
Refurbished,Apple MacBook Pro,Apple,MacBook Pro,Intel Core i5-8279U,Intel Iris Plus Graphics 655,8,512,SSD,13.3,0,7505,6864,16953750.0,1758
Refurbished,Apple MacBook Pro,Apple,MacBook Pro,Intel Core i5-1038NG7,Intel Iris Plus Graphics G7,16,1000,SSD,13.3,0,8838,6864,24606945.0,1759
Refurbished,Apple MacBook Pro,Apple,MacBook Pro,Intel Core i5-1038NG7,Intel Iris Plus Graphics G7,16,1000,SSD,13.3,0,8838,6864,24606945.0,1760
Refurbished,Apple MacBook Pro,Apple,MacBook Pro,Intel Core i5-1038NG7,Intel Iris Plus Graphics G7,16,512,SSD,13.3,0,8838,6864,21445875.0,1761
Refurbished,Apple MacBook Pro,Apple,MacBook Pro,Intel Core i5-8257U,Intel Iris Plus Graphics 645,8,256,SSD,13.3,0,7443,6864,13470600.0,1762
Refurbished,Apple MacBook Pro,Apple,MacBook Pro,Intel Core i5-8257U,Intel Iris Plus Graphics 645,8,256,SSD,13.3,0,7443,6864,19057665.0,1763
Refurbished,Apple MacBook Pro,Apple,MacBook Pro,Intel Core i5-8257U,Intel Iris Plus Graphics 645,8,512,SSD,13.3,0,7443,6864,17545110.0,1764
Refurbished,Apple MacBook Pro,Apple,MacBook Pro,Intel Core i5-8257U,Intel Iris Plus Graphics 645,8,512,SSD,13.3,0,7443,6864,21445875.0,1765
Refurbished,Apple MacBook Pro,Apple,MacBook Pro,Intel Core i7-8750H,Intel UHD Graphics 630,16,256,SSD,15.4,0,9837,1236,18451125.0,1766
Refurbished,Apple MacBook Pro,Apple,MacBook Pro,Intel Core i9-8950HK,Radeon RX 560X,16,512,SSD,15.4,0,10387,3168,23275725.0,1767
Refurbished,Apple MacBook Pro,Apple,MacBook Pro,Intel Core i9-8950HK,Radeon RX 560X,16,512,SSD,15.4,0,10387,3168,23275725.0,1768
Refurbished,Apple MacBook Pro Touch Bar,Apple,MacBook Pro,Intel Core i7-1068NG7,Intel Iris Plus Graphics G7,16,1000,SSD,13.3,0,9315,6864,26936250.0,1769
Refurbished,Apple Macbook Air,Apple,MacBook Air,Apple M2 8 Core 3500 MHz,Apple M2 GPU,8,256,SSD,13.6,0,15648,19388,25063500.0,1770
Refurbished,Apple Macbook Pro Intel Core i9/32GB,Apple,MacBook Pro,Intel Core i9-9980HK,Radeon Pro 5500M,32,2000,SSD,16.0,0,14012,6723,44738100.0,1771
Refurbished,Asus Chromebook 14 C424MA-EB0088,Asus,Chromebook,Intel Celeron N4020,Intel UHD Graphics 600,8,64,eMMC,14.0,0,1546,317,6583500.0,1772
Refurbished,Asus E510MA-BQ509TS,Asus,E510,Intel Celeron N4020,Intel UHD Graphics 600,4,128,eMMC,15.6,0,1546,317,4933500.0,1773
Refurbished,Asus ExpertBook B1 B1500CEAE-EJ0609T,Asus,ExpertBook,Intel Core i5-1135G7,Intel Iris Xe Graphics,8,1000,SSD,15.6,0,9564,2657,11533500.0,1774
Refurbished,Asus ExpertBook L1500CDA-EJ0480R,Asus,ExpertBook,AMD Ryzen 3 3250U,AMD Radeon Vega 3 Graphics,8,256,SSD,15.6,0,3748,3159,7738500.0,1775
Refurbished,Asus F415JA-EK395,Asus,F415,Intel Core i5-1035G1,Intel UHD Graphics,8,512,SSD,14.0,0,7233,1495,6653295.0,1776
Refurbished,Asus F515JA-BQ1126T,Asus,F515,Intel Core i7-1065G7,Intel Iris Plus Graphics G7,8,512,SSD,15.6,0,8205,6864,11533500.0,1777
Refurbished,Asus P1411CJA-BV377R,Asus,P1411,Intel Core i5-1035G1,Intel UHD Graphics,8,256,SSD,14.0,0,7233,1495,9058500.0,1778
Refurbished,Asus ROG Flow X13 GV301QH-K5254T,Asus,ROG,AMD Ryzen 9 5980HS,RTX 3080,32,1000,SSD,13.4,1,20443,26922,34633500.0,1779
Refurbished,Asus ROG G513QM-HF026,Asus,ROG,AMD Ryzen 7 5800H,RTX 3060,16,1000,SSD,15.6,0,20856,20376,16843860.0,1780
Refurbished,Asus ROG G513QM-HF246,Asus,ROG,AMD Ryzen 7 5800H,RTX 3060,16,1000,SSD,15.6,0,20856,20376,19530720.0,1781
Refurbished,Asus ROG G513QM-HF326,Asus,ROG,AMD Ryzen 9 5900HX,RTX 3060,16,1000,SSD,15.6,0,22369,20376,21433500.0,1782
Refurbished,Asus ROG Strix G15 G512LW-HN038,Asus,ROG,Intel Core i7-10750H,RTX 2070,16,512,SSD,15.6,0,11662,18188,18254610.0,1783
Refurbished,Asus ROG Strix SCAR 15 G533QS-HF009T,Asus,ROG,AMD Ryzen 9 5900HX,RTX 3080,32,1000,SSD,15.6,0,22369,26922,34176285.0,1784
Refurbished,Asus ROG Strix SCAR 17 G733QR-K4008T,Asus,ROG,AMD Ryzen 9 5900HX,RTX 3070,32,1000,SSD,17.3,0,22369,23392,31872060.0,1785
Refurbished,Asus ROG Zephyrus G14 GA401II-HE004,Asus,ROG,AMD Ryzen 7 4800HS,GTX 1650,16,1000,SSD,14.0,0,18128,10181,12734535.0,1786
Refurbished,Asus ROG Zephyrus G14 GA401II-HE004T,Asus,ROG,AMD Ryzen 7 4800HS,GTX 1650,16,1000,SSD,14.0,0,18128,10181,14059485.0,1787
Refurbished,Asus ROG Zephyrus G14 GA401IU-HA134T,Asus,ROG,AMD Ryzen 9 4900HS,GTX 1660,16,1000,SSD,14.0,0,18880,12907,23083500.0,1788
Refurbished,Asus ROG Zephyrus G14 GA402RK-L8150W,Asus,ROG,AMD Ryzen 9 6900HS,RX 6800S,32,1000,SSD,14.0,0,23237,15816,46183500.0,1789
Refurbished,Asus ROG Zephyrus S17 GX701LXS-HG032T,Asus,ROG,Intel Core i7-10875H,RTX 2080,32,1000,SSD,17.3,0,14676,21586,29582685.0,1790
Refurbished,Asus ROG Zephyrus S17 GX703HS-KF015T,Asus,ROG,Intel Core i9-11900H,RTX 3080,32,3000,SSD,17.3,0,20244,26922,57733665.0,1791
Refurbished,Asus Rog Strix G15 G512LU-HN161,Asus,ROG,Intel Core i7-10750H,GTX 1660,16,1000,SSD,15.6,0,11662,12907,14523135.0,1792
Refurbished,Asus Rog Strix G15 G512LV-HN221,Asus,ROG,Intel Core i7-10870H,RTX 2060,16,1000,SSD,15.6,0,14215,16466,14127960.0,1793
Refurbished,Asus Rog Strix G15 G513QR-HF010T,Asus,ROG,AMD Ryzen 7 5800H,RTX 3070,16,1000,SSD,15.6,0,20856,23392,24733500.0,1794
Refurbished,Asus Rog Strix G15 G513QR-HF120,Asus,ROG,AMD Ryzen 7 5800H,RTX 3070,32,1000,SSD,15.6,0,20856,23392,23059410.0,1795
Refurbished,Asus Rog Strix G17 G713QR-HG053,Asus,ROG,AMD Ryzen 9 5900HX,RTX 3070,32,1000,SSD,17.3,0,22369,23392,32983500.0,1796
Refurbished,Asus Rog Strix G531GT-BQ165,Asus,ROG,Intel Core i7-9750H,GTX 1650,16,512,SSD,15.6,0,10705,10181,13454760.0,1797
Refurbished,Asus Rog Strix G731GW-EV178,Asus,ROG,Intel Core i7-9750H,RTX 2070,32,1000,SSD,17.3,0,10705,18188,24185535.0,1798
Refurbished,Asus Rog Strix SCAR 17 G732LXS-HG066T,Asus,ROG,Intel Core i9-10980HK,RTX 2080,32,1000,SSD,17.3,0,15239,21586,29208960.0,1799
Refurbished,Asus Rog Strix SCAR 17 G733QS-K4170T,Asus,ROG,AMD Ryzen 9 5900HX,RTX 3080,64,1000,SSD,17.3,0,22369,26922,47376285.0,1800
Refurbished,Asus Rog Strix SCAR17 G732LXS-HG014T,Asus,ROG,Intel Core i7-10875H,RTX 2080,32,1000,SSD,17.3,0,14676,21586,25933710.0,1801
Refurbished,Asus Rog Strix Scar17 G732LWS-HG053T,Asus,ROG,Intel Core i9-10980HK,RTX 2070,32,1000,SSD,17.3,0,15239,18188,30712110.0,1802
Refurbished,Asus Rog Zephyrus G14 GA401IU-HE002,Asus,ROG,AMD Ryzen 7 4800HS,GTX 1660 Ti,16,1000,SSD,14.0,0,18128,12907,14100735.0,1803
Refurbished,Asus Rog Zephyrus G15 GA502IV-HN024,Asus,ROG,AMD Ryzen 7 4800HS,RTX 2060,16,1000,SSD,15.6,0,18128,16466,18002985.0,1804
Refurbished,Asus Rog Zephyrus M15 GU502LV-AZ057T,Asus,ROG,Intel Core i7-10750H,RTX 2060,16,512,SSD,15.6,0,11662,16466,17610285.0,1805
Refurbished,Asus Rog Zephyrus M15 GU502LW-HN071T,Asus,ROG,Intel Core i7-10750H,RTX 2070,16,1000,SSD,15.6,0,11662,18188,20972985.0,1806
Refurbished,Asus Rog Zephyrus S GX701GWR-H6063T,Asus,ROG,Intel Core i7-9750H,RTX 2070,16,512,SSD,17.3,0,10705,18188,27203385.0,1807
Refurbished,Asus TUF Dash F15 FX516PM-HN023,Asus,TUF,Intel Core i7-11370H,RTX 3060,16,512,SSD,15.6,0,11646,20376,15556860.0,1808
Refurbished,Asus TUF Dash F15 FX516PM-HN024,Asus,TUF,Intel Core i7-11370H,RTX 3060,16,1000,SSD,15.6,0,11646,20376,13701435.0,1809
Refurbished,Asus TUF Gaming A15 FA506IV-HN337,Asus,TUF,AMD Ryzen 7 4800H,RTX 2060,16,1000,SSD,15.6,0,18279,16466,12499245.0,1810
Refurbished,Asus TUF Gaming A15 FA506QM-HN005,Asus,TUF,AMD Ryzen 7 5800H,RTX 3060,16,1000,SSD,15.6,0,20856,20376,19389810.0,1811
Refurbished,Asus TUF Gaming A15 FA507RR-HN003,Asus,TUF,AMD Ryzen 7 6800H,RTX 3070,16,1000,SSD,15.6,0,23136,23392,32983500.0,1812
Refurbished,Asus TUF Gaming A17 FA706QM-HX001,Asus,TUF,AMD Ryzen 7 5800H,RTX 3060,16,1000,SSD,17.3,0,20856,20376,20958795.0,1813
Refurbished,Asus TUF Gaming F15 FX506LH-BQ116,Asus,TUF,Intel Core i7-10870H,GTX 1650,16,1000,SSD,15.6,0,14215,10181,10761135.0,1814
Refurbished,Asus TUF Gaming F15 FX506LH-HN129,Asus,TUF,Intel Core i7-10870H,GTX 1650,16,512,SSD,15.6,0,14215,10181,10000485.0,1815
Refurbished,Asus TUF Gaming F15 FX506LH-HN129T,Asus,TUF,Intel Core i7-10870H,GTX 1650,16,512,SSD,15.6,0,14215,10181,13113210.0,1816
Refurbished,Asus TUF Gaming FX505DV-AL014,Asus,TUF,AMD Ryzen 7 3750H,RTX 2060,16,512,SSD,15.6,0,8046,16466,12640485.0,1817
Refurbished,Asus TUF Gaming FX505DV-AL116,Asus,TUF,AMD Ryzen 7 3750H,RTX 2060,16,1000,SSD,15.6,0,8046,16466,14085885.0,1818
Refurbished,Asus Tuf Gaming A15 FA506II-BQ029,Asus,TUF,AMD Ryzen 7 4800H,GTX 1650,16,1000,SSD,15.6,0,18279,10181,10681935.0,1819
Refurbished,Asus Tuf Gaming A15 FA506IU-HN278,Asus,TUF,AMD Ryzen 7 4800H,GTX 1660,16,1000,SSD,15.6,0,18279,12907,12963885.0,1820
Refurbished,Asus VivoBook 14 M413DA-EB462,Asus,VivoBook,AMD Ryzen 7 3700U,AMD Radeon Vega 10 Graphics,8,512,SSD,14.0,0,7099,3159,8179710.0,1821
Refurbished,Asus VivoBook 15 F515JA-EJ066,Asus,VivoBook,Intel Core i3-1005G1,Intel UHD Graphics,8,256,SSD,15.6,0,4864,1495,6003195.0,1822
Refurbished,Asus VivoBook 15 OLED K513EA-L12437T,Asus,VivoBook,Intel Core i7-1165G7,Intel Iris Xe Graphics,12,512,SSD,15.6,0,10011,2657,13183500.0,1823
Refurbished,Asus VivoBook 15 X513EA-BQ003T,Asus,VivoBook,Intel Core i5-1135G7,Intel Iris Xe Graphics,8,512,SSD,15.6,0,9564,2657,9074835.0,1824
Refurbished,Asus VivoBook 15 X513EA-BQ004T,Asus,VivoBook,Intel Core i5-1135G7,Intel Iris Xe Graphics,8,512,SSD,15.6,0,9564,2657,11533500.0,1825
Refurbished,Asus VivoBook S14 S433EA-EB1149T,Asus,VivoBook,Intel Core i7-1165G7,Intel Iris Xe Graphics,16,512,SSD,14.0,0,10011,2657,13183500.0,1826
Refurbished,Asus VivoBook S15 S533EA-BN246T,Asus,VivoBook,Intel Core i7-1165G7,Intel Iris Xe Graphics,16,512,SSD,15.6,0,10011,2657,13183500.0,1827
Refurbished,Asus VivoBook S433EA-AM423T,Asus,VivoBook,Intel Core i5-1135G7,Intel Iris Xe Graphics,8,512,SSD,14.0,0,9564,2657,11533500.0,1828
Refurbished,Asus VivoBook S433EQ-EB048T,Asus,VivoBook,Intel Core i7-1165G7,Intel Iris Xe Graphics,16,512,SSD,14.0,0,10011,2657,16483500.0,1829
Refurbished,Asus ZenBook 14 UX425EA-BM020T,Asus,ZenBook,Intel Core i7-1165G7,Intel Iris Xe Graphics,16,512,SSD,14.0,0,10011,2657,14008500.0,1830
Refurbished,Asus ZenBook Flip S 13 UX371EA-HL259T,Asus,ZenBook,Intel Evo Core i7-1165G7,Intel Iris Xe Graphics,16,512,SSD,13.3,1,1034,2657,18149835.0,1831
Refurbished,Asus Zenbook 14 UM425IA-AM006T,Asus,ZenBook,AMD Ryzen 7 4700U,AMD Radeon Graphics,16,512,SSD,14.0,0,13232,478,13183500.0,1832
Refurbished,Asus Zenbook 14 UM431DA-AM011R AMD Ryzen R5 3500U,Asus,ZenBook,AMD Ryzen 5 3500U,AMD Radeon Vega 8 Graphics,8,512,SSD,14.0,0,6868,3159,9430410.0,1833
Refurbished,Asus Zenbook 14 UX425EA-HM165T,Asus,ZenBook,Intel Core i7-1165G7,Intel Iris Xe Graphics,16,512,SSD,14.0,0,10011,2657,15675000.0,1834
Refurbished,Asus Zenbook 14 UX425EA-KI359T,Asus,ZenBook,Intel Core i7-1165G7,Intel Iris Xe Graphics,16,512,SSD,14.0,0,10011,2657,14008500.0,1835
Refurbished,Dell Latitude 3400,Dell,Latitude,Intel Core i5-8265U,Intel UHD Graphics 620,8,256,SSD,14.0,0,5861,1042,9556800.0,1836
Refurbished,Dell Latitude 5480,Dell,Latitude,Intel Core i5-7300U,Intel HD Graphics 620,8,256,SSD,14.0,0,3640,921,8068500.0,1837
Refurbished,Dell Latitude 5490,Dell,Latitude,Intel Core i5-8250U,Intel UHD Graphics 620,8,256,SSD,14.0,0,5821,1042,8233500.0,1838
Refurbished,Dell Latitude E5470,Dell,Latitude,Intel Core i5-6300U,Intel HD Graphics 520,8,240,SSD,14.0,0,3214,1718,8233500.0,1839
Refurbished,Dell Latitude E5550,Dell,Latitude,Intel Core i5-5300U,Intel HD Graphics 5500,8,128,SSD,15.6,0,2713,1718,8068500.0,1840
Refurbished,Dell Latitude E7470,Dell,Latitude,Intel Core i5-6300U,Intel HD Graphics 520,16,256,SSD,14.0,0,3214,1718,8728500.0,1841
Refurbished,Dell Latitude E7470,Dell,Latitude,Intel Core i5-6300U,Intel HD Graphics 520,8,256,SSD,14.0,0,3214,1718,8563665.0,1842
Refurbished,Dell Vostro 3515,Dell,Vostro,AMD Ryzen 5 3450U,AMD Radeon Vega 8 Graphics,8,256,SSD,15.6,0,6699,3159,10189410.0,1843
Refurbished,Dell Vostro 5301,Dell,Vostro,Intel Core i5-1135G7,Intel Iris Xe Graphics,8,256,SSD,13.3,0,9564,2657,6942210.0,1844
Refurbished,Dell Vostro 5301,Dell,Vostro,Intel Core i5-1135G7,Intel Iris Xe Graphics,8,512,SSD,13.3,0,9564,2657,8441235.0,1845
Refurbished,Dell Vostro 5502,Dell,Vostro,Intel Core i5-1135G7,Intel Iris Xe Graphics,8,512,SSD,15.6,0,9564,2657,9073845.0,1846
Refurbished,Dell XPS 13 9300,Dell,XPS,Intel Core i5-1035G1,Intel UHD Graphics,8,512,SSD,13.4,0,7233,1495,11533500.0,1847
Refurbished,Dell XPS 7390,Dell,XPS,Intel Core i7-10510U,Intel UHD Graphics,16,512,SSD,13.3,0,6492,1495,17933520.0,1848
Refurbished,Dynabook Toshiba Satellite Pro C50-G-10S,Dynabook Toshiba,Satellite Pro,Intel Core i7-10510U,Intel UHD Graphics,8,256,SSD,15.6,0,6492,1495,7055235.0,1849
Refurbished,Dynabook Toshiba Satellite Pro C50-H-114,Dynabook Toshiba,Satellite Pro,Intel Core i7-1065G7,Intel Iris Plus Graphics G7,8,512,SSD,15.6,0,8205,6864,6723585.0,1850
Refurbished,Dynabook Toshiba Tecra A40-J-17N,Dynabook Toshiba,Tecra,Intel Core i5-1135G7,Intel Iris Xe Graphics,8,256,SSD,14.0,0,9564,2657,14668500.0,1851
Refurbished,Gigabyte A7 X1-CES1130SH,Gigabyte,A7,AMD Ryzen 9 5900HX,RTX 3070,16,512,SSD,17.3,0,22369,23392,21382185.0,1852
Refurbished,Gigabyte AERO 15 OLED KC-8ES5130VP,Gigabyte,Aero,Intel Core i7-10870H,RTX 3060,16,512,SSD,15.6,0,14215,20376,22005885.0,1853
Refurbished,Gigabyte AERO 15 OLED KD-72ES624SP,Gigabyte,Aero,Intel Core i7-11800H,RTX 3060,16,1000,SSD,15.6,0,20086,20376,19524120.0,1854
Refurbished,Gigabyte AERO 15 OLED WB-8ES5130SD,Gigabyte,Aero,Intel Core i7-10875H,RTX 2070,16,512,SSD,15.6,0,14676,18188,18620910.0,1855
Refurbished,Gigabyte AERO 15 OLED WB-9ES5150SP,Gigabyte,Aero,Intel Core i9-10980HK,RTX 2070,16,1000,SSD,15.6,0,15239,18188,21675060.0,1856
Refurbished,Gigabyte AERO 15 OLED XA-7ES5130SD,Gigabyte,Aero,Intel Core i7-9750H,RTX 2070,16,512,SSD,15.6,0,10705,18188,18330510.0,1857
Refurbished,Gigabyte AERO 15 OLED XD-73ES624SR,Gigabyte,Aero,Intel Core i7-11800H,RTX 3070,16,1000,SSD,15.6,0,20086,23392,31333500.0,1858
Refurbished,Gigabyte AERO 15 OLED XD-73ES644SP,Gigabyte,Aero,Intel Core i7-11800H,RTX 3070,32,1000,SSD,15.6,0,20086,23392,25701885.0,1859
Refurbished,Gigabyte AERO 15 XA-7ES2130SH,Gigabyte,Aero,Intel Core i7-9750H,RTX 2070,16,512,SSD,15.6,0,10705,18188,26485635.0,1860
Refurbished,Gigabyte AERO 15 XB-7ES1130SH,Gigabyte,Aero,Intel Core i7-10750H,RTX 2070,16,512,SSD,15.6,0,11662,18188,20855835.0,1861
Refurbished,Gigabyte AERO 16 YE5-94ES948HP,Gigabyte,Aero,Intel Core i9-12900HK,RTX 3080,32,2000,SSD,16.0,0,25890,26922,62683500.0,1862
Refurbished,Gigabyte AERO 17 HDR WB-8ES4130SH,Gigabyte,Aero,Intel Core i7-10875H,RTX 2070,16,512,SSD,17.3,0,14676,18188,37254360.0,1863
Refurbished,Gigabyte AORUS 15G KB-7ES1130MD,Gigabyte,Aorus,Intel Core i7-10750H,RTX 2060,16,512,SSD,15.6,0,11662,16466,13340085.0,1864
Refurbished,Gigabyte AORUS 15G WB-8ES2130MD,Gigabyte,Aorus,Intel Core i7-10875H,RTX 2070,16,512,SSD,15.6,0,14676,18188,15941310.0,1865
Refurbished,Gigabyte AORUS 15G XB-8ES2130MD,Gigabyte,Aorus,Intel Core i7-10875H,RTX 2070,16,512,SSD,15.6,0,14676,18188,17258010.0,1866
Refurbished,Gigabyte AORUS 15P KB-7ES1130SD,Gigabyte,Aorus,Intel Core i7-10750,RTX 2060,16,512,SSD,15.6,0,11662,16466,15438885.0,1867
Refurbished,Gigabyte AORUS 15P KC-8ES2130SH,Gigabyte,Aorus,Intel Core i7-10870H,RTX 3060,16,512,SSD,15.6,0,14215,20376,17213460.0,1868
Refurbished,Gigabyte AORUS 15P KD-72ES224SH,Gigabyte,Aorus,Intel Core i7-11800H,RTX 3060,16,1000,SSD,15.6,0,20086,20376,26383500.0,1869
Refurbished,Gigabyte AORUS 15P XC-8ES2430SH,Gigabyte,Aorus,Intel Core i7-10870H,RTX 3070,32,512,SSD,15.6,0,14215,23392,21465510.0,1870
Refurbished,Gigabyte AORUS 15P XD,Gigabyte,Aorus,Intel Core i7-11800H,RTX 3070,16,1000,SSD,15.6,0,20086,23392,28033500.0,1871
Refurbished,Gigabyte AORUS 15P XD-73ES324SH,Gigabyte,Aorus,Intel Core i7-11800H,RTX 3070,16,1000,SSD,15.6,0,20086,23392,21529035.0,1872
Refurbished,Gigabyte AORUS 17 YE5-74ES544SH,Gigabyte,Aorus,Intel Core i7-12700H,RTX 3080,32,1000,SSD,17.3,0,25766,26922,51133500.0,1873
Refurbished,Gigabyte AORUS 17G XC-8ES6430RH,Gigabyte,Aorus,Intel Core i7-10870H,RTX 3070,32,512,SSD,17.3,0,14215,23392,24393435.0,1874
Refurbished,Gigabyte AORUS 5 KE4-72ES314SO,Gigabyte,Aorus,Intel Core i7-12700H,RTX 3060,16,1000,SSD,15.6,0,25766,20376,28033500.0,1875
Refurbished,Gigabyte Aorus 15-SA-7ES0250D,Gigabyte,Aorus,Intel Core i7-9750H,GTX 1660,16,512,SSD,15.6,0,10705,12907,13781460.0,1876
Refurbished,HP 15S-EQ2127NS,HP,15S,AMD Ryzen 3 5300U,AMD Radeon Graphics,8,256,SSD,15.6,0,9612,478,7408500.0,1877
Refurbished,HP 15S-FQ1169NS,HP,15S,Intel Core i5-1035G1,Intel UHD Graphics,8,512,SSD,15.6,0,7233,1495,6726885.0,1878
Refurbished,HP 15S-FQ4052NS,HP,15S,Intel Core i5-1155G7,Intel Iris Xe Graphics,8,512,SSD,15.6,0,9814,2657,9165585.0,1879
Refurbished,HP 15S-fq2005ns,HP,15S,Intel Core i5-1135G7,Intel Iris Xe Graphics,8,512,SSD,15.6,0,9564,2657,6950955.0,1880
Refurbished,HP 15S-fq2095ns,HP,15S,Intel Core i3-1115G4,Intel UHD Graphics,8,256,SSD,15.6,0,5934,1495,5519910.0,1881
New,HP 15S-fq2159ns,HP,15S,Intel Core i3-1115G4,Intel UHD Graphics,8,256,SSD,15.6,0,5934,1495,10047510.0,1882
Refurbished,HP 15S-fq4027ns,HP,15S,Intel Core i5-1155G7,Intel Iris Xe Graphics,8,512,SSD,15.6,0,9814,2657,7853835.0,1883
Refurbished,HP 250 G8,HP,250,Intel Core i3-1115G4,Intel UHD Graphics,8,512,SSD,15.6,0,5934,1495,6479385.0,1884
Refurbished,HP 255 G8,HP,255,AMD Ryzen 5 3500U,AMD Radeon Vega 8 Graphics,8,256,SSD,15.6,0,6868,3159,6776385.0,1885
Refurbished,HP EliteBook 650 G9,HP,EliteBook,Intel Core i7-1255U,Intel Iris Xe Graphics,8,512,SSD,15.6,0,13289,2657,27291825.0,1886
Refurbished,HP EliteBook 830 G6,HP,EliteBook,Intel Core i5-8265U,Intel UHD Graphics 620,8,256,SSD,13.3,0,5861,1042,11977185.0,1887
Refurbished,HP EliteBook 830 G8,HP,EliteBook,Intel Core i5-1135G7,Intel Iris Xe Graphics,8,256,SSD,13.3,0,9564,2657,27687330.0,1888
Refurbished,HP EliteBook 830 G8,HP,EliteBook,Intel Core i7-1165G7,Intel Iris Xe Graphics,16,512,SSD,13.3,0,10011,2657,32067915.0,1889
Refurbished,HP EliteBook 840 G4,HP,EliteBook,Intel Core i7-7500U,Intel HD Graphics 620,8,256,SSD,14.0,0,3639,921,8877000.0,1890
Refurbished,HP EliteBook 840 G8,HP,EliteBook,Intel Core i7-1165G7,Intel Iris Xe Graphics,16,512,SSD,14.0,0,10011,2657,27869490.0,1891
Refurbished,HP EliteBook 850 G6,HP,EliteBook,Intel Core i5-8265U,Intel UHD Graphics 620,8,256,SSD,15.6,0,5861,1042,8580000.0,1892
Refurbished,HP EliteBook 850 G7,HP,EliteBook,Intel Core i5-10210U,Intel UHD Graphics,8,256,SSD,15.6,0,6136,1495,17721990.0,1893
Refurbished,HP EliteBook 850 G8,HP,EliteBook,Intel Core i7-1165G7,Intel Iris Xe Graphics,16,512,SSD,15.6,0,10011,2657,31172625.0,1894
Refurbished,HP EliteBook x360 1030 G4,HP,EliteBook,Intel Core i5-8265U,Intel UHD Graphics 620,8,256,SSD,13.3,1,5861,1042,14289000.0,1895
Refurbished,HP Essential 255 G8,HP,255,AMD Ryzen 5 5500U,AMD Radeon Graphics,8,512,SSD,15.6,0,12868,478,9883500.0,1896
Refurbished,HP OMEN 15-DC0005NS,HP,Omen,Intel Core i7-8750H,GTX 1050,8,1000,HDD,15.6,0,9837,6339,12947385.0,1897
Refurbished,HP OMEN 15-EN0004NS,HP,Omen,AMD Ryzen 7 4800H,RTX 2060,16,1000,SSD,15.6,0,18279,16466,14246760.0,1898
Refurbished,HP OMEN 16-C0045NS,HP,Omen,AMD Ryzen 9 5900HX,RTX 3070,16,1000,SSD,16.1,0,22369,23392,20499435.0,1899
Refurbished,HP OMEN 16-b0045ns,HP,Omen,Intel Core i7-11800H,RTX 3060,16,1000,SSD,16.1,0,20086,20376,24733500.0,1900
Refurbished,HP OMEN 16-b0046ns,HP,Omen,Intel Core i7-11800H,RTX 3060,32,1000,SSD,16.1,0,20086,20376,19777560.0,1901
Refurbished,HP OMEN 16-c0013ns,HP,Omen,AMD Ryzen 7 5800H,RTX 3050,16,512,SSD,16.1,0,20856,12578,13683945.0,1902
Refurbished,HP OMEN 17-CB1005NS,HP,Omen,Intel Core i7-10750H,RTX 2080,32,1000,SSD,17.3,0,11662,21586,21401160.0,1903
Refurbished,HP OMEN 17-ck0014ns,HP,Omen,Intel Core i7-11800H,RTX 3070,32,1000,SSD,17.3,0,20086,23392,26506260.0,1904
Refurbished,HP Omen 15-EK0004NS,HP,Omen,Intel Core i7-10750H,RTX 2070,16,1000,SSD,15.6,0,11662,18188,15045360.0,1905
Refurbished,HP Omen 15-EN0002NS,HP,Omen,AMD Ryzen 7 4800H,GTX 1650,16,1000,SSD,15.6,0,18279,10181,11167860.0,1906
Refurbished,HP Omen 15-en1004ns,HP,Omen,AMD Ryzen 7 5800H,RTX 3070,16,1000,SSD,15.6,0,20856,23392,19799835.0,1907
Refurbished,HP Omen 15-en1011ns,HP,Omen,AMD Ryzen 7 5800H,RTX 3060,16,1000,SSD,15.6,0,20856,20376,15055260.0,1908
Refurbished,HP Pavilion Gaming 15-EC1012NS,HP,Pavilion,AMD Ryzen 7 4800H,GTX 1650,16,512,SSD,15.6,0,18279,10181,10255410.0,1909
Refurbished,HP Pavilion Gaming 16-A0008NS,HP,Pavilion,Intel Core i5-10300H,GTX 1050,8,512,SSD,16.1,0,8283,6339,8998770.0,1910
Refurbished,HP Pavilion Gaming 16-A0010NS,HP,Pavilion,Intel Core i7-10750H,GTX 1650,16,512,SSD,16.1,0,11662,10181,10578810.0,1911
Refurbished,HP Pavilion Gaming 16-A0029NS,HP,Pavilion,Intel Core i7-10750H,RTX 2060,16,512,SSD,16.1,0,11662,16466,11747010.0,1912
Refurbished,HP Pavilion Gaming 17-CD1000NS,HP,Pavilion,Intel Core i7-10750H,GTX 1650,8,512,SSD,17.3,0,11662,10181,10945770.0,1913
Refurbished,HP Pavilion Laptop 14-CE3008NS,HP,Pavilion,Intel Core i5-1035G1,MX130,8,512,SSD,14.0,0,7233,1818,9331410.0,1914
Refurbished,HP ProBook 430 G7,HP,ProBook,Intel Core i5-10210U,Intel UHD Graphics,8,256,SSD,13.3,0,6136,1495,12374835.0,1915
Refurbished,HP ProBook 440 G8,HP,ProBook,Intel Core i5-1135G7,Intel Iris Xe Graphics,8,256,SSD,14.0,0,9564,2657,22030800.0,1916
Refurbished,HP ProBook 450 G6,HP,ProBook,Intel Core i5-8265U,Intel UHD Graphics 620,8,256,SSD,15.6,0,5861,1042,9404835.0,1917
Refurbished,HP ProBook 450 G7,HP,ProBook,Intel Core i5-10210U,Intel UHD Graphics,8,256,SSD,15.6,0,6136,1495,17026185.0,1918
Refurbished,HP ProBook 450 G8,HP,ProBook,Intel Core i5-1135G7,Intel Iris Xe Graphics,16,512,SSD,15.6,0,9564,2657,21419475.0,1919
Refurbished,HP ProBook 450 G8,HP,ProBook,Intel Core i7-1165G7,Intel Iris Xe Graphics,16,512,SSD,15.6,0,10011,2657,26451150.0,1920
Refurbished,HP Victus 16-d0031ns,HP,Victus,Intel Core i5-11400H,GTX 1650,16,512,SSD,16.1,0,15398,10181,10308870.0,1921
Refurbished,HP Victus 16-e0030ns,HP,Victus,AMD Ryzen 5 5600H,RTX 3050,16,512,SSD,16.1,0,16751,12578,12141360.0,1922
Refurbished,HP ZBook Firefly 14 G8,HP,Zbook,Intel Core i7-1165G7,Intel Iris Xe Graphics,16,512,SSD,14.0,0,10011,2657,26721090.0,1923
Refurbished,HP ZBook Firefly 15 G8,HP,Zbook,Intel Core i7-1165G7,T500,16,512,SSD,15.6,0,10011,3642,44184195.0,1924
Refurbished,HP ZBook Fury G8,HP,Zbook,Intel Core i7-11800H,RTX A3000,16,512,SSD,15.6,0,20086,13692,63492165.0,1925
Refurbished,HP ZBook Fury G8,HP,Zbook,Intel Core i9-11900H,Intel UHD Graphics,32,1000,SSD,15.6,0,20244,1495,79293225.0,1926
Refurbished,LG 15U70N,LG,15U70N,Intel Core i7-10510U,GTX 1050,16,512,SSD,15.6,0,6492,6339,11619960.0,1927
Refurbished,LG Gram 13Z990-G,LG,Gram,Intel Core i5-8265U,Intel UHD Graphics 620,8,256,SSD,13.3,0,5861,1042,10049160.0,1928
Refurbished,LG Gram 14Z90P,LG,Gram,Intel Evo Core i5-1135G7,Intel Iris Xe Graphics,8,512,SSD,14.0,0,1034,2657,11571120.0,1929
Refurbished,LG Gram 17Z90P,LG,Gram,Intel Core i7-1165G7,Intel Iris Xe Graphics,32,1000,SSD,17.0,0,10011,2657,23499135.0,1930
Refurbished,Lenovo IdeaPad 1 15ADA7,Lenovo,IdeaPad,AMD Ryzen 5 3500U,AMD Radeon Vega 8 Graphics,8,512,SSD,15.6,0,6868,3159,9389160.0,1931
Refurbished,Lenovo IdeaPad 3 14IIL05,Lenovo,IdeaPad,Intel Core i5-1035G1,Intel UHD Graphics,8,512,SSD,14.0,0,7233,1495,11533500.0,1932
Refurbished,Lenovo IdeaPad 3 14ITL6,Lenovo,IdeaPad,Intel Core i5-1135G7,Intel Iris Xe Graphics,8,512,SSD,14.0,0,9564,2657,10708500.0,1933
Refurbished,Lenovo IdeaPad 3 15ADA05,Lenovo,IdeaPad,AMD 3020e,AMD Radeon Graphics,8,256,SSD,15.6,0,2411,478,4933500.0,1934
Refurbished,Lenovo IdeaPad 3 15ALC6,Lenovo,IdeaPad,AMD Ryzen 5 5500U,AMD Radeon Graphics,16,512,SSD,15.6,0,12868,478,16669455.0,1935
Refurbished,Lenovo IdeaPad 3 15ALC6,Lenovo,IdeaPad,AMD Ryzen 5 5500U,AMD Radeon Graphics,8,512,SSD,15.6,0,12868,478,11778195.0,1936
New,Lenovo IdeaPad 3 15IAU7,Lenovo,IdeaPad,Intel Core i5-1235U,Intel Iris Xe Graphics,16,512,SSD,15.6,0,12993,2657,14206335.0,1937
Refurbished,Lenovo IdeaPad 3 15IGL05,Lenovo,IdeaPad,Intel Celeron N4020,Intel UHD Graphics 600,8,256,SSD,15.6,0,1546,317,7935675.0,1938
Refurbished,Lenovo IdeaPad 3 15IIL05,Lenovo,IdeaPad,Intel Core i3-1005G1,Intel UHD Graphics,8,256,SSD,15.6,0,4864,1495,5066985.0,1939
Refurbished,Lenovo IdeaPad 3i 15ITL6 Gen 6,Lenovo,IdeaPad,Intel Core i3-1115G4,Intel UHD Graphics,8,512,SSD,15.6,0,5934,1495,11876535.0,1940
Refurbished,Lenovo IdeaPad 5 15IIL05,Lenovo,IdeaPad,Intel Core i7-1065G7,Intel Iris Plus Graphics G7,16,512,SSD,15.6,0,8205,6864,14303190.0,1941
Refurbished,Lenovo IdeaPad 5 15IIL05,Lenovo,IdeaPad,Intel Core i7-1065G7,Intel Iris Plus Graphics G7,8,512,SSD,15.6,0,8205,6864,15414960.0,1942
Refurbished,Lenovo IdeaPad 5 Pro 14ITL6,Lenovo,IdeaPad,Intel Core i5-1135G7,Intel Iris Xe Graphics,16,512,SSD,14.0,0,9564,2657,16483500.0,1943
Refurbished,Lenovo IdeaPad C340-14IML,Lenovo,IdeaPad,Intel Core i7-10510U,Intel UHD Graphics,8,512,SSD,14.0,1,6492,1495,14833500.0,1944
Refurbished,Lenovo IdeaPad C340-14IWL,Lenovo,IdeaPad,Intel Core i3-8145U,Intel UHD Graphics 620,8,256,SSD,14.0,1,4153,1042,8863635.0,1945
Refurbished,Lenovo IdeaPad Flex 5 14ALC05,Lenovo,IdeaPad,AMD Ryzen 7 5700U,AMD Radeon Graphics,8,512,SSD,14.0,1,15676,478,13183500.0,1946
Refurbished,Lenovo IdeaPad Gaming 3 15ACH6,Lenovo,IdeaPad,AMD Ryzen 7 5800H,RTX 3060,16,1000,SSD,15.6,0,20856,20376,20608500.0,1947
Refurbished,Lenovo IdeaPad Gaming 3 15IMH05,Lenovo,IdeaPad,Intel Core i7-10750H,GTX 1650,16,512,SSD,15.6,0,11662,10181,14833500.0,1948
Refurbished,Lenovo IdeaPad,Lenovo,IdeaPad,Intel Core i5-1135G7,Intel Iris Xe Graphics,8,512,SSD,15.6,0,9564,2657,13243065.0,1949
Refurbished,Lenovo IdeaPad S145-15IIL,Lenovo,IdeaPad,Intel Core i7-1065G7,Intel Iris Plus Graphics G7,8,256,SSD,15.6,0,8205,6864,8282835.0,1950
Refurbished,Lenovo Legion 5 15ACH6-258,Lenovo,Legion,AMD Ryzen 7 5800H,RTX 3060,16,512,SSD,15.6,0,20856,20376,18975660.0,1951
Refurbished,Lenovo Legion 5 15ACH6H,Lenovo,Legion,AMD Ryzen 7 5800H,RTX 3060,16,512,SSD,15.6,0,20856,20376,21433500.0,1952
Refurbished,Lenovo Legion 5 15ACH6H,Lenovo,Legion,AMD Ryzen 7 5800H,RTX 3060,16,1000,SSD,15.6,0,20856,20376,16434660.0,1953
Refurbished,Lenovo Legion 5 15IMH05H,Lenovo,Legion,Intel Core i7-10750H,RTX 2060,16,512,SSD,15.6,0,11662,16466,24345915.0,1954
Refurbished,Lenovo Legion 5 15ITH6H,Lenovo,Legion,Intel Core i7-11800H,RTX 3070,32,1000,SSD,15.6,0,20086,23392,29683500.0,1955
Refurbished,Lenovo Legion 5 Pro 16IAH7H,Lenovo,Legion,Intel Core i7-12700H,RTX 3060,16,1000,SSD,16.0,0,25766,20376,38391870.0,1956
Refurbished,Lenovo Legion 7 16IAX7,Lenovo,Legion,Intel Core i9-12900HX,RTX 3080,32,1000,SSD,16.0,0,33256,26922,55071885.0,1957
Refurbished,Lenovo Legion Y540-15IRH,Lenovo,Legion,Intel Core i7-9750H,GTX 1660,16,256,SSD,15.6,0,10705,12907,14446410.0,1958
Refurbished,Lenovo Legion Y540-15IRH-PG0,Lenovo,Legion,Intel Core i7-9750HF,GTX 1650,16,512,SSD,15.6,0,10490,10181,14203035.0,1959
Refurbished,Lenovo ThinkBook 14 G2 ITL,Lenovo,ThinkBook,Intel Core i3-1115G4,Intel UHD Graphics,8,256,SSD,14.0,0,5934,1495,11876535.0,1960
Refurbished,Lenovo ThinkBook 14 G2 ITL,Lenovo,ThinkBook,Intel Core i5-1135G7,Intel Iris Xe Graphics,16,512,SSD,14.0,0,9564,2657,17308500.0,1961
Refurbished,Lenovo ThinkBook 14 IIL,Lenovo,ThinkBook,Intel Core i3-1005G1,Intel UHD Graphics,8,256,SSD,14.0,0,4864,1495,9657285.0,1962
Refurbished,Lenovo ThinkBook 14,Lenovo,ThinkBook,Intel Core i5-1135G7,Intel Iris Xe Graphics,16,512,SSD,14.0,0,9564,2657,16106970.0,1963
Refurbished,Lenovo ThinkBook 15,Lenovo,ThinkBook,AMD Ryzen 3 4300U,AMD Radeon Graphics,8,256,SSD,15.6,0,7368,478,6910035.0,1964
Refurbished,Lenovo ThinkBook 15 G2 ITL,Lenovo,ThinkBook,Intel Core i5-1135G7,Intel Iris Xe Graphics,8,256,SSD,15.6,0,9564,2657,16012920.0,1965
Refurbished,Lenovo ThinkBook 15 IIL,Lenovo,ThinkBook,Intel Core i3-1005G1,Intel UHD Graphics,8,256,SSD,15.6,0,4864,1495,7035435.0,1966
Refurbished,Lenovo ThinkPad E490,Lenovo,ThinkPad,Intel Core i5-8265U,Intel UHD Graphics 620,8,512,SSD,14.0,0,5861,1042,14562240.0,1967
Refurbished,Lenovo ThinkPad E590,Lenovo,ThinkPad,Intel Core i7-8565U,Intel UHD Graphics 620,8,256,SSD,15.6,0,6187,1042,12142680.0,1968
Refurbished,Lenovo ThinkPad L13 Yoga Gen 2 Intel Core  i5-1135G7,Lenovo,ThinkPad,Intel Core i5-1135G7,Intel Iris Xe Graphics,16,512,SSD,13.3,1,9564,2657,19005360.0,1969
Refurbished,Lenovo ThinkPad L14,Lenovo,ThinkPad,Intel Core i5-10210U,Intel UHD Graphics,16,512,SSD,14.0,0,6136,1495,17721990.0,1970
Refurbished,Lenovo ThinkPad L390,Lenovo,ThinkPad,Intel Core i5-8265U,Intel UHD Graphics 620,8,256,SSD,13.3,0,5861,1042,17019090.0,1971
Refurbished,Lenovo ThinkPad L490,Lenovo,ThinkPad,Intel Core i7-8565U,Intel UHD Graphics 620,8,256,SSD,14.0,0,6187,1042,19783500.0,1972
Refurbished,Lenovo ThinkPad L580,Lenovo,ThinkPad,Intel Core i5-8250U,Intel UHD Graphics 620,8,256,SSD,15.6,0,5821,1042,13968240.0,1973
Refurbished,Lenovo ThinkPad L590,Lenovo,ThinkPad,Intel Core i5-8265U,Intel UHD Graphics 620,8,512,SSD,15.6,0,5861,1042,10751400.0,1974
Refurbished,Lenovo ThinkPad P52s,Lenovo,ThinkPad,Intel Core i7-8550U,Quadro P500,8,256,SSD,15.6,0,5847,1652,14480895.0,1975
Refurbished,Lenovo ThinkPad T14 Gen 1,Lenovo,ThinkPad,AMD Ryzen 7 PRO 4750U,AMD Radeon Graphics,16,512,SSD,14.0,0,14975,478,23747790.0,1976
Refurbished,Lenovo ThinkPad T14,Lenovo,ThinkPad,Intel Core i5-10210U,Intel UHD Graphics,16,512,SSD,14.0,0,6136,1495,12177000.0,1977
Refurbished,Lenovo ThinkPad T14,Lenovo,ThinkPad,Intel Core i5-10210U,Intel UHD Graphics,8,256,SSD,14.0,0,6136,1495,20656515.0,1978
Refurbished,Lenovo ThinkPad T14s Gen 2,Lenovo,ThinkPad,Intel Evo Core i7-1165G7,Intel Iris Xe Graphics,16,512,SSD,14.0,0,1034,2657,36382170.0,1979
Refurbished,Lenovo ThinkPad T470,Lenovo,ThinkPad,Intel Core i5-7200U,Intel HD Graphics 620,8,256,SSD,14.0,0,3371,921,7837500.0,1980
Refurbished,Lenovo ThinkPad T480s,Lenovo,ThinkPad,Intel Core i7-8550U,Intel UHD Graphics 620,8,256,SSD,14.0,0,5847,1042,12667875.0,1981
Refurbished,Lenovo ThinkPad T490S,Lenovo,ThinkPad,Intel Core i7-8565U,Intel UHD Graphics 620,8,256,SSD,14.0,0,6187,1042,13977480.0,1982
Refurbished,Lenovo ThinkPad T490s,Lenovo,ThinkPad,Intel Core i7-8565U,Intel UHD Graphics 620,16,512,SSD,14.0,0,6187,1042,14830860.0,1983
Refurbished,Lenovo ThinkPad T580,Lenovo,ThinkPad,Intel Core i5-8250U,Intel UHD Graphics 620,8,256,SSD,15.6,0,5821,1042,13233000.0,1984
Refurbished,Lenovo ThinkPad X1 Carbon,Lenovo,ThinkPad,Intel Core i7-8550U,Intel UHD Graphics 620,8,512,SSD,14.0,0,5847,1042,9690780.0,1985
Refurbished,Lenovo ThinkPad X1 Extreme Gen 4,Lenovo,ThinkPad,Intel Core i7-11800H,RTX 3050,16,512,SSD,16.0,0,20086,12578,36763320.0,1986
Refurbished,Lenovo ThinkPad X1 Yoga,Lenovo,ThinkPad,Intel Core i7-8650U,Intel UHD Graphics 620,16,512,SSD,14.0,1,6203,1042,16483500.0,1987
Refurbished,Lenovo ThinkPad X13 Yoga Gen 1,Lenovo,ThinkPad,Intel Core i5-10210U,Intel UHD Graphics,16,512,SSD,13.3,1,6136,1495,29353500.0,1988
Refurbished,Lenovo V14 G2 ALC,Lenovo,V14,AMD Ryzen 5 5500U,AMD Radeon Graphics,8,256,SSD,14.0,0,12868,478,12203565.0,1989
Refurbished,Lenovo V14 G2 ITL,Lenovo,V14,Intel Core i5-1135G7,Intel Iris Xe Graphics,8,256,SSD,14.0,0,9564,2657,11153175.0,1990
Refurbished,Lenovo V15 ADA,Lenovo,V15,AMD 3020E,AMD Radeon Graphics,8,256,SSD,15.6,0,2411,478,7355535.0,1991
Refurbished,Lenovo V15 G2 ITL,Lenovo,V15,Intel Core i5-1135G7,Intel Iris Xe Graphics,16,512,SSD,15.6,0,9564,2657,15098655.0,1992
Refurbished,Lenovo V15 G2 ITL,Lenovo,V15,Intel Core i7-1165G7,Intel Iris Xe Graphics,16,512,SSD,15.6,0,10011,2657,12971310.0,1993
Refurbished,Lenovo V15,Lenovo,V15,Intel Core i3-1115G4,Intel UHD Graphics,8,256,SSD,15.6,0,5934,1495,9304680.0,1994
Refurbished,Lenovo V330-15IKB,Lenovo,V330,Intel Core i3-8130U,Intel UHD Graphics 620,4,128,SSD,15.6,0,3536,1042,8241585.0,1995
Refurbished,Lenovo Yoga 9 14ITL5,Lenovo,Yoga,Intel Evo Core i7-1185G7,Intel Iris Xe Graphics,16,1000,SSD,14.0,1,1034,2657,32983500.0,1996
Refurbished,Lenovo Yoga C930-13IKB,Lenovo,Yoga,Intel Core i5-8250U,Intel UHD Graphics 620,8,512,SSD,13.9,1,5821,1042,16326255.0,1997
Refurbished,Lenovo Yoga Creator 7 15IMH05,Lenovo,Yoga,Intel Core i7-10750H,GTX 1650,16,512,SSD,15.6,0,11662,10181,12982860.0,1998
Refurbished,Lenovo Yoga S940-14IIL,Lenovo,Yoga,Intel Core i7-1065G7,Intel Iris Plus Graphics G7,16,1000,SSD,14.0,0,8205,6864,32983500.0,1999
Refurbished,MSI Alpha 15 A3DDK-001XES,MSI,Alpha,AMD Ryzen 7 3750H,Radeon Pro 5500M,16,512,SSD,15.6,0,8046,6723,11898810.0,2000
Refurbished,MSI Alpha 15 A4DEK-006XES,MSI,Alpha,AMD Ryzen 7 4800H,AMD Radeon Graphics,16,512,SSD,15.6,0,18279,478,11747010.0,2001
Refurbished,MSI Bravo 15 B5ED-015XES,MSI,Bravo,AMD Ryzen 7 5800H,RX 6500M,16,1000,SSD,15.6,0,20856,7537,18958500.0,2002
Refurbished,MSI Creator 15 A10SET-082ES,MSI,Creator,Intel Core i7-10750H,RTX 2060,32,1000,SSD,15.6,1,11662,16466,23331660.0,2003
Refurbished,MSI Creator 15 A10SF-018ES,MSI,Creator,Intel Core i7-10875H,RTX 2070,32,1000,SSD,15.6,0,14676,18188,26282685.0,2004
Refurbished,MSI Creator 17 A10SFS-625ES,MSI,Creator,Intel Core i7-10875H,RTX 2070,32,1000,SSD,17.3,0,14676,18188,33981585.0,2005
Refurbished,MSI Creator Pro M15 A11UIS-846XES,MSI,Creator,Intel Core i7-11800H,RTX A1000,16,512,SSD,15.6,0,20086,10607,23083500.0,2006
Refurbished,MSI Creator Pro Z17 A12UKST-203ES,MSI,Creator,Intel Core i7-12700H,RTX A3000,32,1000,SSD,17.0,1,25766,13692,56908500.0,2007
Refurbished,MSI Creator Z16 A11UE-020XES,MSI,Creator,Intel Core i7-11800H,RTX 3060,32,1000,SSD,16.0,0,20086,20376,35458500.0,2008
Refurbished,MSI Creator Z16 A11UE-088XES,MSI,Creator,Intel Core i7-11800H,RTX 3060,16,1000,SSD,16.0,0,20086,20376,32983500.0,2009
Refurbished,MSI Creator Z16 A12UET-011ES,MSI,Creator,Intel Core i7-12700H,RTX 3060,32,1000,SSD,16.0,1,25766,20376,44533500.0,2010
Refurbished,MSI Creator Z16P B12UGST-030ES,MSI,Creator,Intel Core i9-12900H,RTX 3070,64,2000,SSD,16.0,1,27500,23392,61033500.0,2011
Refurbished,MSI Creator Z17 A12UHST-027ES,MSI,Creator,Intel Core i9-12900H,RTX 3080,64,2000,SSD,17.0,1,27500,26922,75883500.0,2012
Refurbished,MSI Creator Z17 A12UHT-034ES,MSI,Creator,Intel Core i9-12900H,RTX 3080,32,2000,SSD,17.0,1,27500,26922,64333500.0,2013
Refurbished,MSI Crosshair 15 Rainbow Six Extraction Edition B12UGZ-080ES,MSI,Crosshair,Intel Core i7-12700H,RTX 3070,32,1000,SSD,15.6,0,25766,23392,37933500.0,2014
Refurbished,MSI Delta 15 A5EFK-011XES,MSI,Delta,AMD Ryzen 9 5900HX,RX 6700M,16,1000,SSD,15.6,0,22369,13609,28033500.0,2015
Refurbished,MSI GE66 Raider 10SFS-624ES,MSI,Raider,Intel Core i7-10875H,RTX 2070,32,1000,SSD,15.6,0,14676,18188,28814445.0,2016
Refurbished,MSI GE66 Raider 10UE-404XES,MSI,Raider,Intel Core i7-10870H,RTX 3060,32,1000,SSD,15.6,0,14215,20376,21176595.0,2017
Refurbished,MSI GE66 Raider 10UG-403XES,MSI,Raider,Intel Core i7-10870H,RTX 3070,32,1000,SSD,15.6,0,14215,23392,22544610.0,2018
Refurbished,MSI GE66 Raider 10UG-602ES,MSI,Raider,Intel Core i9-10980HK,RTX 3070,32,1000,SSD,15.6,0,15239,23392,30040725.0,2019
Refurbished,MSI GE66 Raider 10UG-605ES,MSI,Raider,Intel Core i7-10870H,RTX 3070,32,1000,SSD,15.6,0,14215,23392,32343960.0,2020
Refurbished,MSI GE66 Raider 10UH-068ES,MSI,Raider,Intel Core i7-10870H,RTX 3080,32,1000,SSD,15.6,0,14215,26922,34900635.0,2021
Refurbished,MSI GE66 Raider 11UH-463XES,MSI,Raider,Intel Core i7-11800H,RTX 3080,32,1000,SSD,15.6,0,20086,26922,31173285.0,2022
Refurbished,MSI GE75 Raider 9SG-1203XES,MSI,Raider,Intel Core i7-9750H,RTX 2080,32,1000,SSD,17.3,0,10705,21586,28333470.0,2023
Refurbished,MSI GE76 Raider 10UH-061ES,MSI,Raider,Intel Core i7-10870H,RTX 3080,32,1000,SSD,17.3,0,14215,26922,40089060.0,2024
Refurbished,MSI GE76 Raider 11UG-236ES,MSI,Raider,Intel Core i7-11800H,RTX 3070,32,1000,SSD,17.3,0,20086,23392,37012470.0,2025
Refurbished,MSI GF63 Thin 10SCXR-405XES,MSI,Thin,Intel Core i7-10750H,GTX 1650,16,512,SSD,15.6,0,11662,10181,12152085.0,2026
Refurbished,MSI GF63 Thin 9SC-047XES,MSI,Thin,Intel Core i7-9750H,GTX 1650,16,512,SSD,15.6,0,10705,10181,10671045.0,2027
Refurbished,MSI GF65 Thin 10SER-884XES,MSI,Thin,Intel Core i7-10750H,RTX 2060,16,512,SSD,15.6,0,11662,16466,12199770.0,2028
Refurbished,MSI GF65 Thin 10UE-274XES,MSI,Thin,Intel Core i5-10500H,RTX 3060,16,512,SSD,15.6,0,11131,20376,13307085.0,2029
Refurbished,MSI GF65 Thin 9SD-072XES,MSI,Thin,Intel Core i7-9750H,GTX 1660,16,512,SSD,15.6,0,10705,12907,13303620.0,2030
Refurbished,MSI GF75 Thin 10SER-427XES,MSI,Thin,Intel Core i7-10750H,RTX 2060,16,512,SSD,17.3,0,11662,16466,16478385.0,2031
Refurbished,MSI GF75 Thin 10UE-017XES,MSI,Thin,Intel Core i7-10750H,RTX 3060,16,512,SSD,17.3,0,11662,20376,14471985.0,2032
Refurbished,MSI GL65 9SEK-210XES,MSI,GL65,Intel Core i7-9750H,RTX 2060,16,512,SSD,15.6,0,10705,16466,14616360.0,2033
Refurbished,MSI GL65 Leopard 10SDK-600XES,MSI,Leopard,Intel Core i7-10750H,GTX 1660,16,1000,SSD,15.6,0,11662,12907,17225010.0,2034
Refurbished,MSI GL65 Leopard 10SFR-483XES,MSI,Leopard,Intel Core i7-10750H,RTX 2070,16,512,SSD,15.6,0,11662,18188,14222835.0,2035
Refurbished,MSI GL65 Leopard 10SFSK-280XES,MSI,Leopard,Intel Core i7-10750H,RTX 2070,16,1000,SSD,15.6,0,11662,18188,14867985.0,2036
Refurbished,MSI GL75 9SEK-074XES,MSI,GL75,Intel Core i7-9750H,RTX 2060,16,1000,SSD,17.3,0,10705,16466,15468420.0,2037
Refurbished,MSI GL75 Leopard 10SEK-040XES,MSI,Leopard,Intel Core i7-10750H,RTX 2060,16,1000,SSD,17.3,0,11662,16466,17710110.0,2038
Refurbished,MSI GL75 Leopard 10SEK-261XES,MSI,Leopard,Intel Core i7-10750H,RTX 2060,16,1000,SSD,17.3,0,11662,16466,16625235.0,2039
Refurbished,MSI GL75 Leopard 10SFK-060XES,MSI,Leopard,Intel Core i7-10750H,RTX 2070,16,1000,SSD,17.3,0,11662,18188,15807660.0,2040
Refurbished,MSI GP65 Leopard 10SDK-817XES,MSI,Leopard,Intel Core i7-10870H,GTX 1660,16,512,SSD,15.6,0,14215,12907,19511745.0,2041
Refurbished,MSI GP66 Leopard 10UE-226XES,MSI,Leopard,Intel Core i7-10750H,RTX 3060,16,1000,SSD,15.6,0,11662,20376,17929560.0,2042
Refurbished,MSI GP66 Leopard 10UE-484XES,MSI,Leopard,Intel Core i7-10750H,RTX 3060,16,1000,SSD,15.6,0,11662,20376,16876035.0,2043
Refurbished,MSI GP66 Leopard 11UG-089XES,MSI,Leopard,Intel Core i7-11800H,RTX 3070,32,1000,SSD,15.6,0,20086,23392,32158500.0,2044
Refurbished,MSI GP75 Leopard 9SF-1037XES,MSI,Leopard,Intel Core i7-9750H,RTX 2070,16,1000,SSD,17.3,0,10705,18188,18025920.0,2045
Refurbished,MSI GP76 Leopard 10UG-066XES,MSI,Leopard,Intel Core i7-10870H,RTX 3070,16,1000,SSD,17.3,0,14215,23392,21178410.0,2046
Refurbished,MSI GP76 Leopard 11UG-238ES,MSI,Leopard,Intel Core i7-11800H,RTX 3070,16,1000,SSD,17.3,0,20086,23392,32653500.0,2047
Refurbished,MSI GP76 Leopard 11UG-239XES,MSI,Leopard,Intel Core i7-11800H,RTX 3070,16,1000,SSD,17.3,0,20086,23392,32983500.0,2048
Refurbished,MSI GS65 Stealth 8SF-036ES,MSI,Stealth,Intel Core i7-8750H,RTX 2070,16,512,SSD,15.6,0,9837,18188,23597970.0,2049
Refurbished,MSI GS66 Stealth 10UE-260ES,MSI,Stealth,Intel Core i7-10870H,RTX 3060,32,1000,SSD,15.6,0,14215,20376,27377460.0,2050
Refurbished,MSI GS66 Stealth 10UG-480ES,MSI,Stealth,Intel Core i9-10980HK,RTX 3070,64,2000,SSD,15.6,0,15239,23392,44218020.0,2051
Refurbished,MSI GS66 Stealth 11UH-072ES,MSI,Stealth,Intel Core i7-11800H,RTX 3080,32,1000,SSD,15.6,0,20086,26922,37224495.0,2052
Refurbished,MSI GS75 Stealth 10SE-816XES,MSI,Stealth,Intel Core i7-10875H,RTX 2060,32,1000,SSD,17.3,0,14676,16466,19741920.0,2053
Refurbished,MSI GS75 Stealth 9SG-267ES,MSI,Stealth,Intel Core i7-9750H,RTX 2080,32,2000,SSD,17.3,0,10705,21586,34119360.0,2054
Refurbished,MSI GT76 Titan DT 10SFS-209ES,MSI,Titan,Intel Core i7-10700K,RTX 2070,32,1000,SSD,17.3,0,18640,18188,28397985.0,2055
Refurbished,MSI GT76 Titan DT 9SG-026ES,MSI,Titan,Intel Core i7-9750H,RTX 2080,64,2000,SSD,17.3,0,10705,21586,39156810.0,2056
Refurbished,MSI Katana GF66 11UC-045XES,MSI,Katana,Intel Core i7-11800H,RTX 3050,16,1000,SSD,15.6,0,20086,12578,15129510.0,2057
Refurbished,MSI Katana GF66 11UE-066ES,MSI,Katana,Intel Core i7-11800H,RTX 3060,16,1000,SSD,15.6,0,20086,20376,28033500.0,2058
Refurbished,MSI Katana GF66 11UE-667XES,MSI,Katana,Intel Core i7-11800H,RTX 3060,8,512,SSD,15.6,0,20086,20376,24238500.0,2059
Refurbished,MSI Katana GF66 11UG-072XES,MSI,Katana,Intel Core i7-11800H,RTX 3070,16,512,SSD,15.6,0,20086,23392,17678760.0,2060
Refurbished,MSI Katana GF66 12UE-090ES,MSI,Katana,Intel Core i7-12700H,RTX 3060,16,1000,SSD,15.6,0,25766,20376,28858500.0,2061
Refurbished,MSI Katana GF66 12UE-091XES,MSI,Katana,Intel Core i7-12700H,RTX 3060,16,512,SSD,15.6,0,25766,20376,24733500.0,2062
Refurbished,MSI Katana GF76 12UE-058XES,MSI,Katana,Intel Core i7-12700H,RTX 3060,16,512,SSD,17.3,0,25766,20376,25558500.0,2063
Refurbished,MSI Modern 14 A10RAS-1049XES,MSI,Modern,Intel Core I7-10510U,MX330,32,1000,SSD,14.0,0,6492,2387,13873860.0,2064
Refurbished,MSI Modern 14 A10RAS-870XES,MSI,Modern,Intel Core I7-10510U,MX330,16,1000,SSD,14.0,0,6492,2387,14849835.0,2065
Refurbished,MSI Modern 14 B10MW-215XES,MSI,Modern,Intel Core i5-10210U,Intel UHD Graphics,16,512,SSD,14.0,0,6136,1495,9706785.0,2066
Refurbished,MSI Modern 14 B10MW-614XPT,MSI,Modern,Intel Core i7-10510U,Intel UHD Graphics,16,512,SSD,14.0,0,6492,1495,10708500.0,2067
Refurbished,MSI Modern 14 B10RBSW-063XES,MSI,Modern,Intel Core i7-10510U,Intel UHD Graphics,16,1000,SSD,14.0,0,6492,1495,11747010.0,2068
Refurbished,MSI Modern 14 B10RBSW-419XES,MSI,Modern,Intel Core i7-10510U,Intel UHD Graphics,16,1000,SSD,14.0,0,6492,1495,10632435.0,2069
Refurbished,MSI Modern 14 B11MO-079XES,MSI,Modern,Intel Core i7-1165G7,Intel Iris Xe Graphics,16,512,SSD,14.0,0,10011,2657,16483500.0,2070
Refurbished,MSI Modern 14 B11MOU-1060XES,MSI,Modern,Intel Core i5-1155G7,Intel Iris Xe Graphics,16,512,SSD,14.0,0,9814,2657,13183500.0,2071
Refurbished,MSI Modern 14 B11SB-008ES,MSI,Modern,Intel Core i7-1165G7,MX450,16,1000,SSD,14.0,0,10011,3742,23908500.0,2072
Refurbished,MSI Modern 14 B11SB-009XES,MSI,Modern,Intel Core i7-1165G7,MX450,16,512,SSD,14.0,0,10011,3742,11167035.0,2073
Refurbished,MSI Modern 14 B11SB-420XES,MSI,Modern,Intel Core i7-1165G7,MX450,32,1000,SSD,14.0,0,10011,3742,16462710.0,2074
Refurbished,MSI Modern 14 B4MW-056XES,MSI,Modern,AMD Ryzen 5 4500U,AMD Radeon Graphics,8,512,SSD,14.0,0,10798,478,10599435.0,2075
Refurbished,MSI Modern 15 A10M-628XES,MSI,Modern,Intel Core i5-10210U,Intel UHD Graphics,16,512,SSD,15.6,0,6136,1495,10414470.0,2076
Refurbished,MSI Modern 15 A10RBS-484XES,MSI,Modern,Intel Core i7-10510U,Intel UHD Graphics,16,1000,SSD,15.6,0,6492,1495,10984710.0,2077
Refurbished,MSI Modern 15 A11SB-011ES,MSI,Modern,Intel Core i7-1165G7,MX450,16,1000,SSD,15.6,0,10011,3742,11764335.0,2078
Refurbished,MSI Modern 15 A11SB-858XES,MSI,Modern,Intel Core i7-1195G7,MX450,32,1000,SSD,15.6,0,10549,3742,23083500.0,2079
Refurbished,MSI Modern 15 A11SBU-620XES,MSI,Modern,Intel Core i7-1165G7,MX450,32,1000,SSD,15.6,0,10011,3742,18534285.0,2080
Refurbished,MSI Modern 15 A5M-010XES,MSI,Modern,AMD Ryzen 5 5500U,AMD Radeon Graphics,8,512,SSD,15.6,0,12868,478,7329135.0,2081
Refurbished,MSI P65 Creator 8SF-240ES,MSI,Creator,Intel Core i7-8750H,RTX 2070,32,1000,SSD,15.6,0,9837,18188,29109135.0,2082
Refurbished,MSI Prestige 14 A11SCS-038ES,MSI,Prestige,Intel Core i7-1185G7,GTX 1650,16,1000,SSD,14.0,0,10178,10181,18559035.0,2083
Refurbished,MSI Prestige 14 A11SCX-002ES,MSI,Prestige,Intel Core i7-1185G7,GTX 1650,16,1000,SSD,14.0,0,10178,10181,26383500.0,2084
Refurbished,MSI Prestige 14 A11SCX-432ES,MSI,Prestige,Intel Core i7-1185G7,GTX 1650,16,512,SSD,14.0,0,10178,10181,13911810.0,2085
Refurbished,MSI Prestige 14 A12SC-069XES,MSI,Prestige,Intel Core i7-1280P,GTX 1650,16,512,SSD,14.0,0,20311,10181,22258500.0,2086
Refurbished,MSI Prestige 14 A12UC-065XES,MSI,Prestige,Intel Core i7-1280P,RTX 3050,16,1000,SSD,14.0,0,20311,12578,24733500.0,2087
Refurbished,MSI Prestige 14 Evo A11M-003ES,MSI,Prestige,Intel Core i7-1185G7,Intel Iris Xe Graphics,16,512,SSD,14.0,0,10178,2657,18958500.0,2088
Refurbished,MSI Prestige 15 A10SC-044XES,MSI,Prestige,Intel Core i7-10710U,GTX 1650,16,512,SSD,15.6,0,9332,10181,13021635.0,2089
Refurbished,MSI Prestige 15 A10SC-060XES,MSI,Prestige,Intel Core i7-10710U,GTX 1650,16,1000,SSD,15.6,0,9332,10181,16869435.0,2090
Refurbished,MSI Prestige 15 A10SC-293XES,MSI,Prestige,Intel Core i7-10710U,GTX 1650,32,1000,SSD,15.6,0,9332,10181,16739910.0,2091
Refurbished,MSI Prestige 15 A11SCS-032XES,MSI,Prestige,Intel Core i7-1185G7,GTX 1650,32,1000,SSD,15.6,0,10178,10181,16734135.0,2092
Refurbished,MSI Prestige 15 A11SCX-019XES,MSI,Prestige,Intel Core i7-1185G7,GTX 1650,16,512,SSD,15.6,0,10178,10181,25228500.0,2093
Refurbished,MSI Prestige 15 A11SCX-409XES,MSI,Prestige,Intel Core i7-1185G7,GTX 1650,32,1000,SSD,15.6,0,10178,10181,17168910.0,2094
Refurbished,MSI Prestige 15 A11UC-096XES,MSI,Prestige,Intel Core i7-1195G7,RTX 3050,32,1000,SSD,15.6,0,10549,12578,26383500.0,2095
Refurbished,MSI Pulse GL66 11UEK-061XES,MSI,Pulse,Intel Core i7-11800H,RTX 3060,16,1000,SSD,15.6,0,20086,20376,26383500.0,2096
Refurbished,MSI Pulse GL66 12UEK-085ES,MSI,Pulse,Intel Core i7-12700H,RTX 3060,16,1000,SSD,15.6,0,25766,20376,29683500.0,2097
Refurbished,MSI Pulse GL66 12UGK-084XES,MSI,Pulse,Intel Core i7-12700H,RTX 3070,16,1000,SSD,15.6,0,25766,23392,31333500.0,2098
Refurbished,MSI Pulse GL66 12UGSZOK-1204XES,MSI,Pulse,Intel Core i7-12700H,RTX 3070,16,1000,SSD,15.6,0,25766,23392,34633500.0,2099
Refurbished,MSI Pulse GL76 11UEK-038XES,MSI,Pulse,Intel Core i7-11800H,RTX 3060,32,1000,SSD,17.3,0,20086,20376,18780795.0,2100
Refurbished,MSI Pulse GL76 11UEK-055XES,MSI,Pulse,Intel Core i7-11800H,RTX 3060,16,1000,SSD,17.3,0,20086,20376,22022385.0,2101
Refurbished,MSI Pulse GL76 12UEK-057XES,MSI,Pulse,Intel Core i7-12700H,RTX 3060,16,1000,SSD,17.3,0,25766,20376,28033500.0,2102
Refurbished,MSI Pulse GL76 12UEK-093ES,MSI,Pulse,Intel Core i7-12700H,RTX 3060,16,1000,SSD,17.3,0,25766,20376,31333500.0,2103
Refurbished,MSI Pulse GL76 12UGK-095XES,MSI,Pulse,Intel Core i7-12700H,RTX 3070,16,1000,SSD,17.3,0,25766,23392,32983500.0,2104
Refurbished,MSI Pulse GL76 12UGK-242ES,MSI,Pulse,Intel Core i7-12700H,RTX 3070,16,1000,SSD,17.3,0,25766,23392,36283500.0,2105
Refurbished,MSI Raider GE66 12UE-822XES,MSI,Raider,Intel Core i7-12700H,RTX 3060,32,1000,SSD,15.6,0,25766,20376,34633500.0,2106
Refurbished,MSI Raider GE66 12UGS-006ES,MSI,Raider,Intel Core i7-12700H,RTX 3070,32,1000,SSD,15.6,0,25766,23392,46183500.0,2107
Refurbished,MSI Raider GE66 Deluxe Edition 12UH-482ES,MSI,Raider,Intel Core i9-12900HK,RTX 3080,32,1000,SSD,15.6,0,25890,26922,56083500.0,2108
Refurbished,MSI Raider GE67HX 12UGS-024ES,MSI,Raider,Intel Core i7-12800HX,RTX 3070,32,1000,SSD,15.6,0,31906,23392,49483500.0,2109
Refurbished,MSI Raider GE76 12UGS-005XES,MSI,Raider,Intel Core i7-12700H,RTX 3070,32,1000,SSD,17.3,0,25766,23392,45358500.0,2110
Refurbished,MSI Raider GE76 12UHS-612ES,MSI,Raider,Intel Core i7-12700H,RTX 3080,32,1000,SSD,17.3,0,25766,26922,61033500.0,2111
Refurbished,MSI Raider GE76 Deluxe Edition 12UGS-279ES,MSI,Raider,Intel Core i9-12900HK,RTX 3070,64,2000,SSD,17.3,0,25890,23392,62683500.0,2112
Refurbished,MSI Raider GE76 Deluxe Edition 12UHS-053ES,MSI,Raider,Intel Core i9-12900HK,RTX 3080,64,2000,SSD,17.3,0,25890,26922,77533500.0,2113
Refurbished,MSI Raider GE77HX 12UGS-019ES,MSI,Raider,Intel Core i7-12800HX,RTX 3080,32,1000,SSD,17.3,0,31906,26922,62683500.0,2114
Refurbished,MSI Raider GE77HX 12UGS-020ES,MSI,Raider,Intel Core i9-12900HX,RTX 3070,64,2000,SSD,17.3,0,33256,23392,59383500.0,2115
Refurbished,MSI Raider GE77HX 12UHS-018ES,MSI,Raider,Intel Core i9-12900HX,RTX 3080,64,2000,SSD,17.3,0,33256,26922,74233500.0,2116
Refurbished,MSI Stealth 15M A11SDK-056XES,MSI,Stealth,Intel Core i7-1185G7,GTX 1660,16,1000,SSD,15.6,0,10178,12907,13623060.0,2117
Refurbished,MSI Stealth 15M A11SEK-055XES,MSI,Stealth,Intel Core i7-1185G7,RTX 2060,16,1000,SSD,15.6,0,10178,16466,15197160.0,2118
Refurbished,MSI Stealth 15M B12UE-023XES,MSI,Stealth,Intel Core i7-1280P,RTX 3060,32,1000,SSD,15.6,0,20311,20376,28858500.0,2119
Refurbished,MSI Stealth 17M A12UE-018XES,MSI,Stealth,Intel Core i7-1280P,RTX 3060,16,1000,SSD,17.3,0,20311,20376,28858500.0,2120
Refurbished,MSI Stealth GS66 12UH-019ES,MSI,Stealth,Intel Core i7-12700H,RTX 3080,32,1000,SSD,15.6,0,25766,26922,52783500.0,2121
Refurbished,MSI Stealth GS66 12UHS-006ES,MSI,Stealth,Intel Core i7-12700H,RTX 3080,32,1000,SSD,15.6,0,25766,26922,61033500.0,2122
Refurbished,MSI Stealth GS77 12UH-088ES,MSI,Stealth,Intel Core i7-12700H,RTX 3080,32,1000,SSD,17.3,0,25766,26922,53608500.0,2123
Refurbished,MSI Summit E13 Flip A11MT-259es,MSI,Summit,Intel Core i7-1195G7,Intel Iris Xe Graphics,32,1000,SSD,13.4,1,10549,2657,28033500.0,2124
Refurbished,MSI Summit E14 A11SCST-486ES,MSI,Summit,Intel Core i7-1185G7,GTX 1650,32,1000,SSD,14.0,1,10178,10181,26116860.0,2125
Refurbished,MSI Summit E14 Evo A12M-062ES,MSI,Summit,Intel Core i7-1280P,Intel Iris Xe Graphics,16,1000,SSD,14.0,0,20311,2657,20366445.0,2126
Refurbished,MSI Summit E15 A11SCST-448ES,MSI,Summit,Intel Core i7-1185G7,GTX 1650,32,1000,SSD,15.6,1,10178,10181,21781485.0,2127
Refurbished,MSI Titan GT77 12UGS-022ES,MSI,Titan,Intel Core i9-12900HX,RTX 3070,64,2000,SSD,17.3,0,33256,23392,70933500.0,2128
Refurbished,MSI Titan GT77 12UHS-021ES,MSI,Titan,Intel Core i9-12900HX,RTX 3080,64,2000,SSD,17.3,0,33256,26922,82483500.0,2129
Refurbished,MSI Vector GP66 12UGS-249ES,MSI,Vector,Intel Core i7-12700H,RTX 3070,32,1000,SSD,15.6,0,25766,23392,41233500.0,2130
Refurbished,MSI Vector GP76 12UGS-605XES,MSI,Vector,Intel Core i7-12700H,RTX 3070,16,1000,SSD,17.3,0,25766,23392,37933500.0,2131
Refurbished,MSI Vector GP76 12UGS-632XES,MSI,Vector,Intel Core i9-12900H,RTX 3070,32,1000,SSD,17.3,0,27500,23392,42883500.0,2132
Refurbished,MSI Vector GP76 12UH-603ES,MSI,Vector,Intel Core i7-12700H,RTX 3080,32,1000,SSD,17.3,0,25766,26922,47833500.0,2133
Refurbished,Medion Akoya E4251,Medion,Akoya,Intel Celeron N4020,Intel UHD Graphics 600,4,64,eMMC,14.0,0,1546,317,4073685.0,2134
Refurbished,Microsoft Surface Pro 6,Microsoft,Surface Pro,Intel Core i7-8650U,Intel UHD Graphics 620,16,512,SSD,12.3,0,6203,1042,14833665.0,2135
Refurbished,Microsoft Surface Pro 7,Microsoft,Surface Pro,Intel Core i7-1065G7,Intel Iris Plus Graphics G7,16,1000,SSD,12.3,0,8205,6864,29317035.0,2136
Refurbished,Microsoft Surface Pro 7,Microsoft,Surface Pro,Intel Core i7-1065G7,Intel Iris Plus Graphics G7,16,256,SSD,12.3,0,8205,6864,18051495.0,2137
Refurbished,Microsoft Surface Pro X,Microsoft,Surface Pro,Microsoft SQ1,Microsoft SQ1 Adreno,8,128,SSD,13.0,1,5971,3245,17308500.0,2138
Refurbished,Microsoft Surface Pro X,Microsoft,Surface Pro,Microsoft SQ1,Microsoft SQ1 Adreno,8,256,SSD,13.0,1,5971,3245,21433500.0,2139
New,PcCom Revolt 4060,PcCom,Revolt,Intel Core i7-13700H,RTX 4060,32,500,SSD,15.6,0,26456,22749,29698350.0,2140
New,PcCom Revolt 4060,PcCom,Revolt,Intel Core i7-13700H,RTX 4060,32,500,SSD,15.6,0,26456,22749,32173350.0,2141
Refurbished,PcCom Revolt One 3050,PcCom,Revolt,Intel Core i5-11400H,RTX 3050,16,512,SSD,15.6,0,15398,12578,17308500.0,2142
Refurbished,PcCom Revolt One 3060,PcCom,Revolt,Intel Core i7-11800H,RTX 3060,16,1000,SSD,15.6,0,20086,20376,23908500.0,2143
Refurbished,PcCom Revolt One 3070,PcCom,Revolt,Intel Core i7-11800H,RTX 3070,16,1000,SSD,17.3,0,20086,23392,32158500.0,2144
Refurbished,Portátil Gaming Gigabyte Aero 15X V8,Gigabyte,Aero,Intel Core i7-8750,GTX 1070 with Max-Q Design,16,512,SSD,15.6,0,9837,9855,17308335.0,2145
Refurbished,Razer Blade 15 Advanced Model FHD,Razer,Blade,Intel Core i7-10875H,RTX 3080,32,1000,SSD,15.6,0,14676,26922,30494310.0,2146
Refurbished,Razer Blade 15 Advanced Model FHD,Razer,Blade,Intel Core i7-11800H,RTX 3070,16,1000,SSD,15.6,0,20086,23392,47849835.0,2147
New,Razer Blade 15 Advanced Model QHD,Razer,Blade,Intel Core i7-11800H,RTX 3070,16,1000,SSD,15.6,0,20086,23392,47298405.0,2148
Refurbished,Razer Blade 15 Advanced Model QHD,Razer,Blade,Intel Core i7-11800H,RTX 3060,16,1000,SSD,15.6,0,20086,20376,41249670.0,2149
Refurbished,Razer Blade 15 Advanced Model QHD,Razer,Blade,Intel Core i7-11800H,RTX 3070,16,1000,SSD,15.6,0,20086,23392,47849835.0,2150
Refurbished,Razer Blade 15 Advanced Model QHD,Razer,Blade,Intel Core i7-11800H,RTX 3080,32,1000,SSD,15.6,0,20086,26922,54449835.0,2151
Refurbished,Razer Blade 15 Advanced Model QHD,Razer,Blade,Intel Core i7-11800H,RTX 3080,32,1000,SSD,15.6,0,20086,26922,56099835.0,2152
Refurbished,Razer Blade 15 Base Model FHD,Razer,Blade,Intel Core i7-10750H,RTX 3060,16,512,SSD,15.6,0,11662,20376,20340210.0,2153
Refurbished,Razer Blade 15 Base Model FHD,Razer,Blade,Intel Core i7-10750H,RTX 3070,16,512,SSD,15.6,0,11662,23392,26125935.0,2154
Refurbished,Razer Blade 17 4K 144Hz,Razer,Blade,Intel Core i9-12900H,RTX 3080,32,1000,SSD,17.3,0,27500,26922,77549835.0,2155
Refurbished,Razer Blade 17 FHD 360Hz,Razer,Blade,Intel Core i7-11800H,RTX 3060,16,1000,SSD,17.3,0,20086,20376,44549835.0,2156
Refurbished,Razer Blade 17 FHD 360Hz,Razer,Blade,Intel Core i7-11800H,RTX 3070,16,1000,SSD,17.3,0,20086,23392,47849835.0,2157
Refurbished,Razer Blade 17 FHD 360Hz,Razer,Blade,Intel Core i7-11800H,RTX 3080,32,1000,SSD,17.3,0,20086,26922,56099835.0,2158
Refurbished,Razer Book 13,Razer,Book,Intel Evo Core i7-1165G7,Intel Iris Xe Graphics,16,1000,SSD,13.4,1,1034,2657,31349835.0,2159
Refurbished,Razer Book FHD+,Razer,Book,Intel Evo Core i7-1165G7,Intel Iris Xe Graphics,16,256,SSD,13.4,1,1034,2657,28049835.0,2160
